"id","AIC","k","bp_TM","bp_TMd21","bp_SOL","bp_IC","Early_group","Late_group","Delta_AIC"
3376,215.581716884519,6,28,28,28,28,"TM & TMd21 & SOL & IC","TM & TMd21 & SOL & IC",0
3421,217.308348594139,7,28,28,28,28,"TM & TMd21 | SOL & IC","TM & TMd21 & SOL & IC",1.72663170961923
3379,217.321359557862,7,28,28,28,28,"TM & TMd21 & SOL & IC","TM & TMd21 | SOL & IC",1.73964267334222
3378,217.368280227041,7,28,28,28,28,"TM & TMd21 & SOL & IC","TM & TMd21 & IC | SOL",1.78656334252142
3511,217.410982333158,7,28,28,28,28,"TM | TMd21 & SOL & IC","TM & TMd21 & SOL & IC",1.82926544863903
3391,217.431180344027,7,28,28,28,28,"TM & TMd21 & SOL | IC","TM & TMd21 & SOL & IC",1.84946345950772
3385,217.474589719677,7,28,28,28,28,"TM & TMd21 & SOL & IC","TM | TMd21 & SOL & IC",1.89287283515802
3381,217.512958286345,7,28,28,28,28,"TM & TMd21 & SOL & IC","TM & SOL & IC | TMd21",1.93124140182579
3406,217.535389760845,7,28,28,28,28,"TM & TMd21 & IC | SOL","TM & TMd21 & SOL & IC",1.9536728763255
3451,217.545182762897,7,28,28,28,28,"TM & SOL & IC | TMd21","TM & TMd21 & SOL & IC",1.96346587837809
3384,217.551771837156,7,28,28,28,28,"TM & TMd21 & SOL & IC","TM & IC | TMd21 & SOL",1.97005495263673
3466,217.552629401979,7,28,28,28,28,"TM & SOL | TMd21 & IC","TM & TMd21 & SOL & IC",1.9709125174592
3377,217.565642778094,7,28,28,28,28,"TM & TMd21 & SOL & IC","TM & TMd21 & SOL | IC",1.98392589357474
3382,217.567946210421,7,28,28,28,28,"TM & TMd21 & SOL & IC","TM & SOL | TMd21 & IC",1.98622932590138
3496,217.581280868287,7,28,28,28,28,"TM & IC | TMd21 & SOL","TM & TMd21 & SOL & IC",1.99956398376796
3472,218.807705795411,8,28,28,28,28,"TM & SOL | TMd21 & IC","TM & SOL | TMd21 & IC",3.22598891089166
3392,218.876573123422,8,28,28,28,28,"TM & TMd21 & SOL | IC","TM & TMd21 & SOL | IC",3.29485623890264
3408,218.895511256502,8,28,28,28,28,"TM & TMd21 & IC | SOL","TM & TMd21 & IC | SOL",3.31379437198271
3393,219.050892675509,8,28,28,28,28,"TM & TMd21 & SOL | IC","TM & TMd21 & IC | SOL",3.46917579098925
3468,219.111166791575,8,28,28,28,28,"TM & SOL | TMd21 & IC","TM & TMd21 & IC | SOL",3.52944990705586
3399,219.218268343828,8,28,28,28,28,"TM & TMd21 & SOL | IC","TM & IC | TMd21 & SOL",3.63655145930909
3516,219.24010535766,8,28,28,28,28,"TM | TMd21 & SOL & IC","TM & SOL & IC | TMd21",3.658388473141
3517,219.243769637308,8,28,28,28,28,"TM | TMd21 & SOL & IC","TM & SOL | TMd21 & IC",3.66205275278884
3423,219.263917080209,8,28,28,28,28,"TM & TMd21 | SOL & IC","TM & TMd21 & IC | SOL",3.68220019568946
3422,219.27245406727,8,28,28,28,28,"TM & TMd21 | SOL & IC","TM & TMd21 & SOL | IC",3.69073718275109
3397,219.276674506199,8,28,28,28,28,"TM & TMd21 & SOL | IC","TM & SOL | TMd21 & IC",3.69495762167986
3429,219.2780222605,8,28,28,28,28,"TM & TMd21 | SOL & IC","TM & IC | TMd21 & SOL",3.69630537598053
3380,219.279224160631,8,28,28,28,28,"TM & TMd21 & SOL & IC","TM & TMd21 | SOL | IC",3.69750727611122
3513,219.288593062611,8,28,28,28,28,"TM | TMd21 & SOL & IC","TM & TMd21 & IC | SOL",3.70687617809142
3571,219.289564114166,8,28,28,28,28,"TM | TMd21 | SOL & IC","TM & TMd21 & SOL & IC",3.70784722964689
3469,219.291906622005,8,28,28,28,28,"TM & SOL | TMd21 & IC","TM & TMd21 | SOL & IC",3.71018973748596
3498,219.291958390219,8,28,28,28,28,"TM & IC | TMd21 & SOL","TM & TMd21 & IC | SOL",3.71024150570008
3427,219.29479567014,8,28,28,28,28,"TM & TMd21 | SOL & IC","TM & SOL | TMd21 & IC",3.71307878562013
3514,219.295398573913,8,28,28,28,28,"TM | TMd21 & SOL & IC","TM & TMd21 | SOL & IC",3.71368168939324
3436,219.297158194507,8,28,28,28,28,"TM & TMd21 | SOL | IC","TM & TMd21 & SOL & IC",3.71544130998757
3394,219.304285664908,8,28,28,28,28,"TM & TMd21 & SOL | IC","TM & TMd21 | SOL & IC",3.72256878038814
3430,219.305797528701,8,28,28,28,28,"TM & TMd21 | SOL & IC","TM | TMd21 & SOL & IC",3.72408064418133
3424,219.306054170764,8,28,28,28,28,"TM & TMd21 | SOL & IC","TM & TMd21 | SOL & IC",3.72433728624495
3426,219.307499275432,8,28,28,28,28,"TM & TMd21 | SOL & IC","TM & SOL & IC | TMd21",3.72578239091291
3454,219.310146780584,8,28,28,28,28,"TM & SOL & IC | TMd21","TM & TMd21 | SOL & IC",3.72842989606497
3409,219.315645885612,8,28,28,28,28,"TM & TMd21 & IC | SOL","TM & TMd21 | SOL & IC",3.73392900109241
3389,219.319698480655,8,28,28,28,28,"TM & TMd21 & SOL & IC","TM | TMd21 | SOL & IC",3.73798159613574
3499,219.32088138608,8,28,28,28,28,"TM & IC | TMd21 & SOL","TM & TMd21 | SOL & IC",3.73916450156059
3388,219.334333766947,8,28,28,28,28,"TM & TMd21 & SOL & IC","TM | TMd21 & IC | SOL",3.75261688242713
3526,219.340324937125,8,28,28,28,28,"TM | TMd21 & SOL | IC","TM & TMd21 & SOL & IC",3.75860805260572
3387,219.355171475875,8,28,28,28,28,"TM & TMd21 & SOL & IC","TM & IC | TMd21 | SOL",3.7734545913554
3504,219.356286496982,8,28,28,28,28,"TM & IC | TMd21 & SOL","TM & IC | TMd21 & SOL",3.77456961246219
3453,219.366024943965,8,28,28,28,28,"TM & SOL & IC | TMd21","TM & TMd21 & IC | SOL",3.78430805944592
3520,219.372373822422,8,28,28,28,28,"TM | TMd21 & SOL & IC","TM | TMd21 & SOL & IC",3.79065693790224
3471,219.372653437637,8,28,28,28,28,"TM & SOL | TMd21 & IC","TM & SOL & IC | TMd21",3.79093655311752
3460,219.378557376452,8,28,28,28,28,"TM & SOL & IC | TMd21","TM | TMd21 & SOL & IC",3.79684049193301
3400,219.384393487355,8,28,28,28,28,"TM & TMd21 & SOL | IC","TM | TMd21 & SOL & IC",3.80267660283528
3556,219.404157497114,8,28,28,28,28,"TM | TMd21 & IC | SOL","TM & TMd21 & SOL & IC",3.82244061259502
3519,219.407099702466,8,28,28,28,28,"TM | TMd21 & SOL & IC","TM & IC | TMd21 & SOL",3.825382817947
3396,219.409543984241,8,28,28,28,28,"TM & TMd21 & SOL | IC","TM & SOL & IC | TMd21",3.82782709972142
3512,219.410971024634,8,28,28,28,28,"TM | TMd21 & SOL & IC","TM & TMd21 & SOL | IC",3.82925414011416
3481,219.426922876221,8,28,28,28,28,"TM & SOL | TMd21 | IC","TM & TMd21 & SOL & IC",3.84520599170162
3459,219.435508636546,8,28,28,28,28,"TM & SOL & IC | TMd21","TM & IC | TMd21 & SOL",3.85379175202615
3505,219.43926313762,8,28,28,28,28,"TM & IC | TMd21 & SOL","TM | TMd21 & SOL & IC",3.85754625310079
3415,219.460589318586,8,28,28,28,28,"TM & TMd21 & IC | SOL","TM | TMd21 & SOL & IC",3.87887243406695
3386,219.474226976503,8,28,28,28,28,"TM & TMd21 & SOL & IC","TM | TMd21 & SOL | IC",3.89251009198378
3475,219.474501699429,8,28,28,28,28,"TM & SOL | TMd21 & IC","TM | TMd21 & SOL & IC",3.89278481490973
3501,219.474599747393,8,28,28,28,28,"TM & IC | TMd21 & SOL","TM & SOL & IC | TMd21",3.89288286287339
3456,219.481798591884,8,28,28,28,28,"TM & SOL & IC | TMd21","TM & SOL & IC | TMd21",3.90008170736425
3407,219.493185968341,8,28,28,28,28,"TM & TMd21 & IC | SOL","TM & TMd21 & SOL | IC",3.91146908382157
3411,219.493505506874,8,28,28,28,28,"TM & TMd21 & IC | SOL","TM & SOL & IC | TMd21",3.91178862235415
3383,219.511230704736,8,28,28,28,28,"TM & TMd21 & SOL & IC","TM & SOL | TMd21 | IC",3.92951382021707
3541,219.519391201835,8,28,28,28,28,"TM & IC | TMd21 | SOL","TM & TMd21 & SOL & IC",3.9376743173157
3474,219.522567747547,8,28,28,28,28,"TM & SOL | TMd21 & IC","TM & IC | TMd21 & SOL",3.94085086302715
3414,219.530995919626,8,28,28,28,28,"TM & TMd21 & IC | SOL","TM & IC | TMd21 & SOL",3.94927903510643
3412,219.535389174435,8,28,28,28,28,"TM & TMd21 & IC | SOL","TM & SOL | TMd21 & IC",3.95367228991572
3452,219.540293962586,8,28,28,28,28,"TM & SOL & IC | TMd21","TM & TMd21 & SOL | IC",3.95857707806675
3457,219.544942325176,8,28,28,28,28,"TM & SOL & IC | TMd21","TM & SOL | TMd21 & IC",3.96322544065677
3467,219.551014997513,8,28,28,28,28,"TM & SOL | TMd21 & IC","TM & TMd21 & SOL | IC",3.96929811299353
3497,219.553961332355,8,28,28,28,28,"TM & IC | TMd21 & SOL","TM & TMd21 & SOL | IC",3.97224444783538
3502,219.567519476832,8,28,28,28,28,"TM & IC | TMd21 & SOL","TM & SOL | TMd21 & IC",3.98580259231238
3478,220.572664253446,9,28,28,28,28,"TM & SOL | TMd21 & IC","TM | TMd21 & IC | SOL",4.99094736892647
3395,220.58908729708,9,28,28,28,28,"TM & TMd21 & SOL | IC","TM & TMd21 | SOL | IC",5.00737041256065
3438,220.656621958315,9,28,28,28,28,"TM & TMd21 | SOL | IC","TM & TMd21 & IC | SOL",5.07490507379543
3562,220.65881826534,9,28,28,28,28,"TM | TMd21 & IC | SOL","TM & SOL | TMd21 & IC",5.07710138082103
3487,220.681606748359,9,28,28,28,28,"TM & SOL | TMd21 | IC","TM & SOL | TMd21 & IC",5.09988986383996
3437,220.742252597629,9,28,28,28,28,"TM & TMd21 | SOL | IC","TM & TMd21 & SOL | IC",5.16053571310951
3473,220.750809573368,9,28,28,28,28,"TM & SOL | TMd21 & IC","TM & SOL | TMd21 | IC",5.16909268884854
3558,220.76389921454,9,28,28,28,28,"TM | TMd21 & IC | SOL","TM & TMd21 & IC | SOL",5.18218233002045
3401,220.784621973206,9,28,28,28,28,"TM & TMd21 & SOL | IC","TM | TMd21 & SOL | IC",5.20290508868683
3527,220.785528168919,9,28,28,28,28,"TM | TMd21 & SOL | IC","TM & TMd21 & SOL | IC",5.20381128439919
3410,220.806389330539,9,28,28,28,28,"TM & TMd21 & IC | SOL","TM & TMd21 | SOL | IC",5.22467244601975
3398,220.822108258625,9,28,28,28,28,"TM & TMd21 & SOL | IC","TM & SOL | TMd21 | IC",5.24039137410531
3418,220.861634162252,9,28,28,28,28,"TM & TMd21 & IC | SOL","TM | TMd21 & IC | SOL",5.27991727773289
3482,220.872303434615,9,28,28,28,28,"TM & SOL | TMd21 | IC","TM & TMd21 & SOL | IC",5.29058655009547
3543,220.879474657094,9,28,28,28,28,"TM & IC | TMd21 | SOL","TM & TMd21 & IC | SOL",5.29775777257467
3417,220.882334108951,9,28,28,28,28,"TM & TMd21 & IC | SOL","TM & IC | TMd21 | SOL",5.30061722443136
3477,220.957436158151,9,28,28,28,28,"TM & SOL | TMd21 & IC","TM & IC | TMd21 | SOL",5.37571927363146
3532,220.981123676932,9,28,28,28,28,"TM | TMd21 & SOL | IC","TM & SOL | TMd21 & IC",5.39940679241286
3483,220.985227794468,9,28,28,28,28,"TM & SOL | TMd21 | IC","TM & TMd21 & IC | SOL",5.40351090994818
3402,221.021393339424,9,28,28,28,28,"TM & TMd21 & SOL | IC","TM & IC | TMd21 | SOL",5.43967645490454
3403,221.042682950761,9,28,28,28,28,"TM & TMd21 & SOL | IC","TM | TMd21 & IC | SOL",5.46096606624153
3528,221.050701969315,9,28,28,28,28,"TM | TMd21 & SOL | IC","TM & TMd21 & IC | SOL",5.4689850847958
3470,221.10579139627,9,28,28,28,28,"TM & SOL | TMd21 & IC","TM & TMd21 | SOL | IC",5.52407451175057
3534,221.115069939594,9,28,28,28,28,"TM | TMd21 & SOL | IC","TM & IC | TMd21 & SOL",5.53335305507468
3489,221.120417928719,9,28,28,28,28,"TM & SOL | TMd21 | IC","TM & IC | TMd21 & SOL",5.53870104420008
3507,221.159525198289,9,28,28,28,28,"TM & IC | TMd21 & SOL","TM & IC | TMd21 | SOL",5.57780831376976
3508,221.168898752192,9,28,28,28,28,"TM & IC | TMd21 & SOL","TM | TMd21 & IC | SOL",5.58718186767263
3518,221.186977142087,9,28,28,28,28,"TM | TMd21 & SOL & IC","TM & SOL | TMd21 | IC",5.60526025756792
3444,221.188257345138,9,28,28,28,28,"TM & TMd21 | SOL | IC","TM & IC | TMd21 & SOL",5.60654046061865
3522,221.210380249485,9,28,28,28,28,"TM | TMd21 & SOL & IC","TM & IC | TMd21 | SOL",5.62866336496543
3577,221.211307706413,9,28,28,28,28,"TM | TMd21 | SOL & IC","TM & SOL | TMd21 & IC",5.62959082189371
3524,221.217416303618,9,28,28,28,28,"TM | TMd21 & SOL & IC","TM | TMd21 | SOL & IC",5.63569941909847
3561,221.224074894784,9,28,28,28,28,"TM | TMd21 & IC | SOL","TM & SOL & IC | TMd21",5.64235801026447
3576,221.226124325305,9,28,28,28,28,"TM | TMd21 | SOL & IC","TM & SOL & IC | TMd21",5.6444074407857
3523,221.232057854359,9,28,28,28,28,"TM | TMd21 & SOL & IC","TM | TMd21 & IC | SOL",5.65034096983945
3442,221.23353438973,9,28,28,28,28,"TM & TMd21 | SOL | IC","TM & SOL | TMd21 & IC",5.65181750521023
3531,221.233541327232,9,28,28,28,28,"TM | TMd21 & SOL | IC","TM & SOL & IC | TMd21",5.65182444271278
3573,221.24512818162,9,28,28,28,28,"TM | TMd21 | SOL & IC","TM & TMd21 & IC | SOL",5.6634112971004
3580,221.250935982733,9,28,28,28,28,"TM | TMd21 | SOL & IC","TM | TMd21 & SOL & IC",5.66921909821355
3515,221.253258599141,9,28,28,28,28,"TM | TMd21 & SOL & IC","TM & TMd21 | SOL | IC",5.67154171462155
3572,221.253667598061,9,28,28,28,28,"TM | TMd21 | SOL & IC","TM & TMd21 & SOL | IC",5.67195071354129
3500,221.254961816847,9,28,28,28,28,"TM & IC | TMd21 & SOL","TM & TMd21 | SOL | IC",5.67324493232724
3433,221.262309050608,9,28,28,28,28,"TM & TMd21 | SOL & IC","TM | TMd21 & IC | SOL",5.68059216608899
3432,221.262343958381,9,28,28,28,28,"TM & TMd21 | SOL & IC","TM & IC | TMd21 | SOL",5.68062707386181
3425,221.263916074889,9,28,28,28,28,"TM & TMd21 | SOL & IC","TM & TMd21 | SOL | IC",5.68219919036929
3455,221.268009406334,9,28,28,28,28,"TM & SOL & IC | TMd21","TM & TMd21 | SOL | IC",5.68629252181481
3431,221.268855381273,9,28,28,28,28,"TM & TMd21 | SOL & IC","TM | TMd21 & SOL | IC",5.68713849675365
3428,221.272063566628,9,28,28,28,28,"TM & TMd21 | SOL & IC","TM & SOL | TMd21 | IC",5.69034668210841
3579,221.277251457406,9,28,28,28,28,"TM | TMd21 | SOL & IC","TM & IC | TMd21 & SOL",5.69553457288629
3390,221.277562790551,9,28,28,28,28,"TM & TMd21 & SOL & IC","TM | TMd21 | SOL | IC",5.69584590603205
3586,221.278372834957,9,28,28,28,28,"TM | TMd21 | SOL | IC","TM & TMd21 & SOL & IC",5.69665595043773
3506,221.278877315492,9,28,28,28,28,"TM & IC | TMd21 & SOL","TM | TMd21 & SOL | IC",5.69716043097262
3529,221.280305640612,9,28,28,28,28,"TM | TMd21 & SOL | IC","TM & TMd21 | SOL & IC",5.69858875609299
3479,221.282019926824,9,28,28,28,28,"TM & SOL | TMd21 & IC","TM | TMd21 | SOL & IC",5.7003030423048
3574,221.287268565227,9,28,28,28,28,"TM | TMd21 | SOL & IC","TM & TMd21 | SOL & IC",5.70555168070808
3559,221.288398496651,9,28,28,28,28,"TM | TMd21 & IC | SOL","TM & TMd21 | SOL & IC",5.70668161213115
3464,221.288429829629,9,28,28,28,28,"TM & SOL & IC | TMd21","TM | TMd21 | SOL & IC",5.70671294510942
3484,221.291619518287,9,28,28,28,28,"TM & SOL | TMd21 | IC","TM & TMd21 | SOL & IC",5.70990263376748
3549,221.294338532669,9,28,28,28,28,"TM & IC | TMd21 | SOL","TM & IC | TMd21 & SOL",5.71262164814937
3445,221.29460700962,9,28,28,28,28,"TM & TMd21 | SOL | IC","TM | TMd21 & SOL & IC",5.71289012510093
3439,221.294863663701,9,28,28,28,28,"TM & TMd21 | SOL | IC","TM & TMd21 | SOL & IC",5.71314677918141
3441,221.296308836033,9,28,28,28,28,"TM & TMd21 | SOL | IC","TM & SOL & IC | TMd21",5.71459195151371
3535,221.30170500965,9,28,28,28,28,"TM | TMd21 & SOL | IC","TM | TMd21 & SOL & IC",5.7199881251303
3404,221.302622550846,9,28,28,28,28,"TM & TMd21 & SOL | IC","TM | TMd21 | SOL & IC",5.72090566632707
3434,221.30438481991,9,28,28,28,28,"TM & TMd21 | SOL & IC","TM | TMd21 | SOL & IC",5.72266793539069
3544,221.305190261787,9,28,28,28,28,"TM & IC | TMd21 | SOL","TM & TMd21 | SOL & IC",5.72347337726725
3463,221.311333791817,9,28,28,28,28,"TM & SOL & IC | TMd21","TM | TMd21 & IC | SOL",5.72961690729809
3419,221.313985877703,9,28,28,28,28,"TM & TMd21 & IC | SOL","TM | TMd21 | SOL & IC",5.73226899318388
3509,221.319646264556,9,28,28,28,28,"TM & IC | TMd21 & SOL","TM | TMd21 | SOL & IC",5.737929380037
3462,221.32395345423,9,28,28,28,28,"TM & SOL & IC | TMd21","TM & IC | TMd21 | SOL",5.74223656971074
3490,221.348754063412,9,28,28,28,28,"TM & SOL | TMd21 | IC","TM | TMd21 & SOL & IC",5.76703717889282
3461,221.357960240096,9,28,28,28,28,"TM & SOL & IC | TMd21","TM | TMd21 & SOL | IC",5.77624335557681
3486,221.36351147565,9,28,28,28,28,"TM & SOL | TMd21 | IC","TM & SOL & IC | TMd21",5.78179459113014
3565,221.365547883776,9,28,28,28,28,"TM | TMd21 & IC | SOL","TM | TMd21 & SOL & IC",5.78383099925639
3521,221.372010924076,9,28,28,28,28,"TM | TMd21 & SOL & IC","TM | TMd21 & SOL | IC",5.79029403955622
3550,221.377336679615,9,28,28,28,28,"TM & IC | TMd21 | SOL","TM | TMd21 & SOL & IC",5.79561979509606
3564,221.39134546992,9,28,28,28,28,"TM | TMd21 & IC | SOL","TM & IC | TMd21 & SOL",5.80962858540104
3557,221.402541593019,9,28,28,28,28,"TM | TMd21 & IC | SOL","TM & TMd21 & SOL | IC",5.8208247084992
3503,221.452313791326,9,28,28,28,28,"TM & IC | TMd21 & SOL","TM & SOL | TMd21 | IC",5.87059690680701
3416,221.45342985725,9,28,28,28,28,"TM & TMd21 & IC | SOL","TM | TMd21 & SOL | IC",5.87171297273085
3546,221.456002124904,9,28,28,28,28,"TM & IC | TMd21 | SOL","TM & SOL & IC | TMd21",5.87428524038469
3476,221.473807625889,9,28,28,28,28,"TM & SOL | TMd21 & IC","TM | TMd21 & SOL | IC",5.89209074136969
3413,221.478665941413,9,28,28,28,28,"TM & TMd21 & IC | SOL","TM & SOL | TMd21 | IC",5.89694905689376
3458,221.480066836233,9,28,28,28,28,"TM & SOL & IC | TMd21","TM & SOL | TMd21 | IC",5.8983499517139
3542,221.492064590118,9,28,28,28,28,"TM & IC | TMd21 | SOL","TM & TMd21 & SOL | IC",5.9103477055983
3547,221.514977894209,9,28,28,28,28,"TM & IC | TMd21 | SOL","TM & SOL | TMd21 & IC",5.93326100968915
3440,222.398869880315,10,28,28,28,28,"TM & TMd21 | SOL | IC","TM & TMd21 | SOL | IC",6.81715299579579
3493,222.446441102106,10,28,28,28,28,"TM & SOL | TMd21 | IC","TM | TMd21 & IC | SOL",6.86472421758694
3480,222.515712043336,10,28,28,28,28,"TM & SOL | TMd21 & IC","TM | TMd21 | SOL | IC",6.93399515881674
3568,222.521936798355,10,28,28,28,28,"TM | TMd21 & IC | SOL","TM | TMd21 & IC | SOL",6.94021991383536
3592,222.532640618359,10,28,28,28,28,"TM | TMd21 | SOL | IC","TM & SOL | TMd21 & IC",6.95092373383983
3485,222.542740902955,10,28,28,28,28,"TM & SOL | TMd21 | IC","TM & TMd21 | SOL | IC",6.96102401843598
3530,222.586044608429,10,28,28,28,28,"TM | TMd21 & SOL | IC","TM & TMd21 | SOL | IC",7.00432772390994
3405,222.587389283032,10,28,28,28,28,"TM & TMd21 & SOL | IC","TM | TMd21 | SOL | IC",7.00567239851225
3488,222.590348004696,10,28,28,28,28,"TM & SOL | TMd21 | IC","TM & SOL | TMd21 | IC",7.0086311201762
3563,222.60188658394,10,28,28,28,28,"TM | TMd21 & IC | SOL","TM & SOL | TMd21 | IC",7.02016969942022
3533,222.603602161545,10,28,28,28,28,"TM | TMd21 & SOL | IC","TM & SOL | TMd21 | IC",7.02188527702521
3588,222.637777046432,10,28,28,28,28,"TM | TMd21 | SOL | IC","TM & TMd21 & IC | SOL",7.05606016191291
3447,222.638816041018,10,28,28,28,28,"TM & TMd21 | SOL | IC","TM & IC | TMd21 | SOL",7.05709915649888
3448,222.653818555257,10,28,28,28,28,"TM & TMd21 | SOL | IC","TM | TMd21 & IC | SOL",7.07210167073757
3567,222.658490844172,10,28,28,28,28,"TM | TMd21 & IC | SOL","TM & IC | TMd21 | SOL",7.07677395965311
3446,222.720426259597,10,28,28,28,28,"TM & TMd21 | SOL | IC","TM | TMd21 & SOL | IC",7.13870937507798
3587,222.723432070012,10,28,28,28,28,"TM | TMd21 | SOL | IC","TM & TMd21 & SOL | IC",7.14171518549261
3491,222.728654617015,10,28,28,28,28,"TM & SOL | TMd21 | IC","TM | TMd21 & SOL | IC",7.14693773249533
3443,222.737713080057,10,28,28,28,28,"TM & TMd21 | SOL | IC","TM & SOL | TMd21 | IC",7.15599619553808
3560,222.743058093158,10,28,28,28,28,"TM | TMd21 & IC | SOL","TM & TMd21 | SOL | IC",7.16134120863828
3536,222.782522756967,10,28,28,28,28,"TM | TMd21 & SOL | IC","TM | TMd21 & SOL | IC",7.20080587244752
3553,222.802945151094,10,28,28,28,28,"TM & IC | TMd21 | SOL","TM | TMd21 & IC | SOL",7.22122826657454
3420,222.804750778449,10,28,28,28,28,"TM & TMd21 & IC | SOL","TM | TMd21 | SOL | IC",7.22303389392937
3545,222.80609151599,10,28,28,28,28,"TM & IC | TMd21 | SOL","TM & TMd21 | SOL | IC",7.22437463147048
3552,222.879230367326,10,28,28,28,28,"TM & IC | TMd21 | SOL","TM & IC | TMd21 | SOL",7.29751348280709
3537,222.918109872641,10,28,28,28,28,"TM | TMd21 & SOL | IC","TM & IC | TMd21 | SOL",7.33639298812153
3492,222.957070061549,10,28,28,28,28,"TM & SOL | TMd21 | IC","TM & IC | TMd21 | SOL",7.37535317702958
3538,222.978843615773,10,28,28,28,28,"TM | TMd21 & SOL | IC","TM | TMd21 & IC | SOL",7.39712673125379
3594,223.053059413115,10,28,28,28,28,"TM | TMd21 | SOL | IC","TM & IC | TMd21 & SOL",7.47134252859584
3510,223.082052251643,10,28,28,28,28,"TM & IC | TMd21 & SOL","TM | TMd21 | SOL | IC",7.50033536712382
3525,223.175262575721,10,28,28,28,28,"TM | TMd21 & SOL & IC","TM | TMd21 | SOL | IC",7.59354569120148
3578,223.176071996675,10,28,28,28,28,"TM | TMd21 | SOL & IC","TM & SOL | TMd21 | IC",7.59435511215611
3582,223.193745848378,10,28,28,28,28,"TM | TMd21 | SOL & IC","TM & IC | TMd21 | SOL",7.61202896385817
3583,223.194265397885,10,28,28,28,28,"TM | TMd21 | SOL & IC","TM | TMd21 & IC | SOL",7.6125485133656
3569,223.20356928815,10,28,28,28,28,"TM | TMd21 & IC | SOL","TM | TMd21 | SOL & IC",7.6218524036307
3539,223.209252894212,10,28,28,28,28,"TM | TMd21 & SOL | IC","TM | TMd21 | SOL & IC",7.62753600969299
3584,223.211861414964,10,28,28,28,28,"TM | TMd21 | SOL & IC","TM | TMd21 | SOL & IC",7.63014453044428
3591,223.214930075036,10,28,28,28,28,"TM | TMd21 | SOL | IC","TM & SOL & IC | TMd21",7.63321319051687
3551,223.216909281138,10,28,28,28,28,"TM & IC | TMd21 | SOL","TM | TMd21 & SOL | IC",7.635192396619
3581,223.223516525611,10,28,28,28,28,"TM | TMd21 | SOL & IC","TM | TMd21 & SOL | IC",7.64179964109158
3595,223.239742894556,10,28,28,28,28,"TM | TMd21 | SOL | IC","TM | TMd21 & SOL & IC",7.65802601003674
3575,223.245127156839,10,28,28,28,28,"TM | TMd21 | SOL & IC","TM & TMd21 | SOL | IC",7.66341027231962
3465,223.246288626016,10,28,28,28,28,"TM & SOL & IC | TMd21","TM | TMd21 | SOL | IC",7.6645717414971
3435,223.262246429684,10,28,28,28,28,"TM & TMd21 | SOL & IC","TM | TMd21 | SOL | IC",7.68052954516483
3494,223.264497218464,10,28,28,28,28,"TM & SOL | TMd21 | IC","TM | TMd21 | SOL & IC",7.68278033394472
3589,223.276077178525,10,28,28,28,28,"TM | TMd21 | SOL | IC","TM & TMd21 | SOL & IC",7.69436029400572
3554,223.285589411894,10,28,28,28,28,"TM & IC | TMd21 | SOL","TM | TMd21 | SOL & IC",7.70387252737447
3449,223.293194234682,10,28,28,28,28,"TM & TMd21 | SOL | IC","TM | TMd21 | SOL & IC",7.71147735016245
3566,223.361191220442,10,28,28,28,28,"TM | TMd21 & IC | SOL","TM | TMd21 & SOL | IC",7.77947433592217
3548,223.438041796853,10,28,28,28,28,"TM & IC | TMd21 | SOL","TM & SOL | TMd21 | IC",7.85632491233349
3495,224.35509250243,11,28,28,28,28,"TM & SOL | TMd21 | IC","TM | TMd21 | SOL | IC",8.77337561791043
3590,224.380012830994,11,28,28,28,28,"TM | TMd21 | SOL | IC","TM & TMd21 | SOL | IC",8.79829594647452
3598,224.395686846386,11,28,28,28,28,"TM | TMd21 | SOL | IC","TM | TMd21 & IC | SOL",8.81396996186623
3450,224.397194180959,11,28,28,28,28,"TM & TMd21 | SOL | IC","TM | TMd21 | SOL | IC",8.81547729643944
3593,224.441324965501,11,28,28,28,28,"TM | TMd21 | SOL | IC","TM & SOL | TMd21 | IC",8.85960808098119
3570,224.464972497485,11,28,28,28,28,"TM | TMd21 & IC | SOL","TM | TMd21 | SOL | IC",8.88325561296551
3540,224.58528833371,11,28,28,28,28,"TM | TMd21 & SOL | IC","TM | TMd21 | SOL | IC",9.00357144919028
3597,224.637531604815,11,28,28,28,28,"TM | TMd21 | SOL | IC","TM & IC | TMd21 | SOL",9.05581472029527
3596,224.720425877099,11,28,28,28,28,"TM | TMd21 | SOL | IC","TM | TMd21 & SOL | IC",9.13870899257978
3555,224.801666493772,11,28,28,28,28,"TM & IC | TMd21 | SOL","TM | TMd21 | SOL | IC",9.21994960925213
1591,224.830053560141,7,28,28,28,14,"TM & TMd21 & SOL | IC","TM & TMd21 & SOL & IC",9.24833667562118
3585,225.169706707223,11,28,28,28,28,"TM | TMd21 | SOL & IC","TM | TMd21 | SOL | IC",9.58798982270369
3599,225.200666496615,11,28,28,28,28,"TM | TMd21 | SOL | IC","TM | TMd21 | SOL & IC",9.61894961209569
1592,225.584665876091,8,28,28,28,14,"TM & TMd21 & SOL | IC","TM & TMd21 & SOL | IC",10.0029489915715
3600,226.304318842069,12,28,28,28,28,"TM | TMd21 | SOL | IC","TM | TMd21 | SOL | IC",10.7226019575499
1594,226.405801324969,8,28,28,28,14,"TM & TMd21 & SOL | IC","TM & TMd21 | SOL & IC",10.8240844404495
1593,226.616238222705,8,28,28,28,14,"TM & TMd21 & SOL | IC","TM & TMd21 & IC | SOL",11.0345213381855
1577,226.686143311818,7,28,28,28,14,"TM & TMd21 & SOL & IC","TM & TMd21 & SOL | IC",11.1044264272989
1600,226.69912603693,8,28,28,28,14,"TM & TMd21 & SOL | IC","TM | TMd21 & SOL & IC",11.1174091524101
1636,226.700140293781,8,28,28,28,14,"TM & TMd21 | SOL | IC","TM & TMd21 & SOL & IC",11.1184234092613
1726,226.742005076031,8,28,28,28,14,"TM | TMd21 & SOL | IC","TM & TMd21 & SOL & IC",11.1602881915113
1596,226.744108945648,8,28,28,28,14,"TM & TMd21 & SOL | IC","TM & SOL & IC | TMd21",11.1623920611282
1599,226.801614240653,8,28,28,28,14,"TM & TMd21 & SOL | IC","TM & IC | TMd21 & SOL",11.2198973561337
1597,226.819918674666,8,28,28,28,14,"TM & TMd21 & SOL | IC","TM & SOL | TMd21 & IC",11.2382017901461
1681,226.825921896056,8,28,28,28,14,"TM & SOL | TMd21 | IC","TM & TMd21 & SOL & IC",11.244205011537
1595,227.305141480089,9,28,28,28,14,"TM & TMd21 & SOL | IC","TM & TMd21 | SOL | IC",11.7234245955694
1637,227.454063969593,9,28,28,28,14,"TM & TMd21 | SOL | IC","TM & TMd21 & SOL | IC",11.8723470850733
1601,227.495260143629,9,28,28,28,14,"TM & TMd21 & SOL | IC","TM | TMd21 & SOL | IC",11.9135432591098
1727,227.496141249129,9,28,28,28,14,"TM | TMd21 & SOL | IC","TM & TMd21 & SOL | IC",11.91442436461
1598,227.531708608122,9,28,28,28,14,"TM & TMd21 & SOL | IC","TM & SOL | TMd21 | IC",11.9499917236024
1682,227.580514360938,9,28,28,28,14,"TM & SOL | TMd21 | IC","TM & TMd21 & SOL | IC",11.9987974764182
1639,227.858506686419,9,28,28,28,14,"TM & TMd21 | SOL | IC","TM & TMd21 | SOL & IC",12.2767898018999
1623,227.950786167379,8,28,28,28,14,"TM & TMd21 | SOL & IC","TM & TMd21 & IC | SOL",12.3690692828592
1686,228.322293196826,9,28,28,28,14,"TM & SOL | TMd21 | IC","TM & SOL & IC | TMd21",12.740576312307
1684,228.329676837559,9,28,28,28,14,"TM & SOL | TMd21 | IC","TM & TMd21 | SOL & IC",12.7479599530395
1604,228.404139117817,9,28,28,28,14,"TM & TMd21 & SOL | IC","TM | TMd21 | SOL & IC",12.8224222332976
1729,228.405703636556,9,28,28,28,14,"TM | TMd21 & SOL | IC","TM & TMd21 | SOL & IC",12.8239867520369
1580,228.410038591603,8,28,28,28,14,"TM & TMd21 & SOL & IC","TM & TMd21 | SOL | IC",12.8283217070834
1657,228.45447634104,8,28,28,28,14,"TM & SOL & IC | TMd21","TM & SOL | TMd21 & IC",12.8727594565202
1697,228.487899867915,8,28,28,28,14,"TM & IC | TMd21 & SOL","TM & TMd21 & SOL | IC",12.9061829833951
1607,228.497659589411,8,28,28,28,14,"TM & TMd21 & IC | SOL","TM & TMd21 & SOL | IC",12.9159427048913
1731,228.500713693835,9,28,28,28,14,"TM | TMd21 & SOL | IC","TM & SOL & IC | TMd21",12.9189968093153
1638,228.561829453451,9,28,28,28,14,"TM & TMd21 | SOL | IC","TM & TMd21 & IC | SOL",12.9801125689315
1683,228.585213252986,9,28,28,28,14,"TM & SOL | TMd21 | IC","TM & TMd21 & IC | SOL",13.0034963684665
1603,228.592689043701,9,28,28,28,14,"TM & TMd21 & SOL | IC","TM | TMd21 & IC | SOL",13.010972159182
1586,228.597679396074,8,28,28,28,14,"TM & TMd21 & SOL & IC","TM | TMd21 & SOL | IC",13.0159625115545
1728,228.608255526006,9,28,28,28,14,"TM | TMd21 & SOL | IC","TM & TMd21 & IC | SOL",13.0265386414865
1602,228.610890368884,9,28,28,28,14,"TM & TMd21 & SOL | IC","TM & IC | TMd21 | SOL",13.0291734843646
1690,228.628194886902,9,28,28,28,14,"TM & SOL | TMd21 | IC","TM | TMd21 & SOL & IC",13.0464780023826
1583,228.633949901916,8,28,28,28,14,"TM & TMd21 & SOL & IC","TM & SOL | TMd21 | IC",13.0522330173968
1712,228.637595434587,8,28,28,28,14,"TM | TMd21 & SOL & IC","TM & TMd21 & SOL | IC",13.055878550068
1734,228.63763618978,9,28,28,28,14,"TM | TMd21 & SOL | IC","TM & IC | TMd21 & SOL",13.0559193052604
1667,228.640515720102,8,28,28,28,14,"TM & SOL | TMd21 & IC","TM & TMd21 & SOL | IC",13.0587988355823
1622,228.642925949335,8,28,28,28,14,"TM & TMd21 | SOL & IC","TM & TMd21 & SOL | IC",13.0612090648155
1645,228.652754810568,9,28,28,28,14,"TM & TMd21 | SOL | IC","TM | TMd21 & SOL & IC",13.0710379260482
1732,228.668199813679,9,28,28,28,14,"TM | TMd21 & SOL | IC","TM & SOL | TMd21 & IC",13.0864829291596
1735,228.680289301331,9,28,28,28,14,"TM | TMd21 & SOL | IC","TM | TMd21 & SOL & IC",13.098572416812
1641,228.680860291988,9,28,28,28,14,"TM & TMd21 | SOL | IC","TM & SOL & IC | TMd21",13.0991434074681
1786,228.681942424166,9,28,28,28,14,"TM | TMd21 | SOL | IC","TM & TMd21 & SOL & IC",13.1002255396461
1652,228.686012574702,8,28,28,28,14,"TM & SOL & IC | TMd21","TM & TMd21 & SOL | IC",13.1042956901822
1642,228.693935949907,9,28,28,28,14,"TM & TMd21 | SOL | IC","TM & SOL | TMd21 & IC",13.1122190653875
1644,228.700140092851,9,28,28,28,14,"TM & TMd21 | SOL | IC","TM & IC | TMd21 & SOL",13.1184232083311
1689,228.775256979797,9,28,28,28,14,"TM & SOL | TMd21 | IC","TM & IC | TMd21 & SOL",13.1935400952777
1687,228.811974763757,9,28,28,28,14,"TM & SOL | TMd21 | IC","TM & SOL | TMd21 & IC",13.2302578792376
1640,229.120196931659,10,28,28,28,14,"TM & TMd21 | SOL | IC","TM & TMd21 | SOL | IC",13.5384800471392
1685,229.260079442188,10,28,28,28,14,"TM & SOL | TMd21 | IC","TM & TMd21 | SOL | IC",13.6783625576691
1730,229.302183103324,10,28,28,28,14,"TM | TMd21 & SOL | IC","TM & TMd21 | SOL | IC",13.7204662188047
1605,229.303490517314,10,28,28,28,14,"TM & TMd21 & SOL | IC","TM | TMd21 | SOL | IC",13.7217736327943
1688,229.306367254223,10,28,28,28,14,"TM & SOL | TMd21 | IC","TM & SOL | TMd21 | IC",13.7246503697039
1733,229.319254156872,10,28,28,28,14,"TM | TMd21 & SOL | IC","TM & SOL | TMd21 | IC",13.7375372723526
1705,229.32874684148,8,28,28,28,14,"TM & IC | TMd21 & SOL","TM | TMd21 & SOL & IC",13.7470299569607
1646,229.432842078453,10,28,28,28,14,"TM & TMd21 | SOL | IC","TM | TMd21 & SOL | IC",13.8511251939335
1787,229.43576464438,10,28,28,28,14,"TM | TMd21 | SOL | IC","TM & TMd21 & SOL | IC",13.8540477598609
1691,229.440842557853,10,28,28,28,14,"TM & SOL | TMd21 | IC","TM | TMd21 & SOL | IC",13.8591256733336
1643,229.449650162564,10,28,28,28,14,"TM & TMd21 | SOL | IC","TM & SOL | TMd21 | IC",13.8679332780448
1736,229.493219049606,10,28,28,28,14,"TM | TMd21 & SOL | IC","TM | TMd21 & SOL | IC",13.9115021650864
1719,229.592652937552,8,28,28,28,14,"TM | TMd21 & SOL & IC","TM & IC | TMd21 & SOL",14.0109360530327
1625,229.663398848168,9,28,28,28,14,"TM & TMd21 | SOL & IC","TM & TMd21 | SOL | IC",14.0816819636484
1789,229.840229132751,10,28,28,28,14,"TM | TMd21 | SOL | IC","TM & TMd21 | SOL & IC",14.2585122482318
1649,229.856882481157,10,28,28,28,14,"TM & TMd21 | SOL | IC","TM | TMd21 | SOL & IC",14.2751655966372
1632,229.926248941903,9,28,28,28,14,"TM & TMd21 | SOL & IC","TM & IC | TMd21 | SOL",14.3445320573836
1773,229.93265773016,9,28,28,28,14,"TM | TMd21 | SOL & IC","TM & TMd21 & IC | SOL",14.3509408456404
1633,229.944659446768,9,28,28,28,14,"TM & TMd21 | SOL & IC","TM | TMd21 & IC | SOL",14.3629425622487
1694,229.99349875728,10,28,28,28,14,"TM & SOL | TMd21 | IC","TM | TMd21 | SOL & IC",14.4117818727611
3001,230.009106433104,7,28,14,28,28,"TM & SOL & IC | TMd21","TM & TMd21 & SOL & IC",14.4273895485842
1747,230.126504972698,9,28,28,28,14,"TM & IC | TMd21 | SOL","TM & SOL | TMd21 & IC",14.5447880881788
1658,230.145642931412,9,28,28,28,14,"TM & SOL & IC | TMd21","TM & SOL | TMd21 | IC",14.5639260468928
1791,230.178039159168,10,28,28,28,14,"TM | TMd21 | SOL | IC","TM & SOL & IC | TMd21",14.5963222746482
1692,230.180552725782,10,28,28,28,14,"TM & SOL | TMd21 | IC","TM & IC | TMd21 | SOL",14.5988358412625
1663,230.228062155782,9,28,28,28,14,"TM & SOL & IC | TMd21","TM | TMd21 & IC | SOL",14.6463452712624
1703,230.241320571794,9,28,28,28,14,"TM & IC | TMd21 & SOL","TM & SOL | TMd21 | IC",14.6596036872743
1655,230.322146914665,9,28,28,28,14,"TM & SOL & IC | TMd21","TM & TMd21 | SOL | IC",14.7404300301459
1706,230.353571231046,9,28,28,28,14,"TM & IC | TMd21 & SOL","TM | TMd21 & SOL | IC",14.771854346527
1700,230.359622416694,9,28,28,28,14,"TM & IC | TMd21 & SOL","TM & TMd21 | SOL | IC",14.7779055321743
1610,230.373033883502,9,28,28,28,14,"TM & TMd21 & IC | SOL","TM & TMd21 | SOL | IC",14.7913169989824
1739,230.387642248936,10,28,28,28,14,"TM | TMd21 & SOL | IC","TM | TMd21 | SOL & IC",14.8059253644164
1590,230.408383991984,9,28,28,28,14,"TM & TMd21 & SOL & IC","TM | TMd21 | SOL | IC",14.8266671074644
1670,230.408452227839,9,28,28,28,14,"TM & SOL | TMd21 & IC","TM & TMd21 | SOL | IC",14.8267353433193
1715,230.409064497304,9,28,28,28,14,"TM | TMd21 & SOL & IC","TM & TMd21 | SOL | IC",14.827347612785
1777,230.42350257274,9,28,28,28,14,"TM | TMd21 | SOL & IC","TM & SOL | TMd21 & IC",14.8417856882204
1742,230.428274429538,9,28,28,28,14,"TM & IC | TMd21 | SOL","TM & TMd21 & SOL | IC",14.8465575450184
1676,230.437106142016,9,28,28,28,14,"TM & SOL | TMd21 & IC","TM | TMd21 & SOL | IC",14.8553892574971
1737,230.446781365062,10,28,28,28,14,"TM | TMd21 & SOL | IC","TM & IC | TMd21 | SOL",14.8650644805425
1616,230.48660922937,9,28,28,28,14,"TM & TMd21 & IC | SOL","TM | TMd21 & SOL | IC",14.9048923448502
1718,230.495409521467,9,28,28,28,14,"TM | TMd21 & SOL & IC","TM & SOL | TMd21 | IC",14.9136926369474
1613,230.497010178821,9,28,28,28,14,"TM & TMd21 & IC | SOL","TM & SOL | TMd21 | IC",14.9152932943021
1757,230.49762742009,9,28,28,28,14,"TM | TMd21 & IC | SOL","TM & TMd21 & SOL | IC",14.9159105355709
1648,230.537126869224,10,28,28,28,14,"TM & TMd21 | SOL | IC","TM | TMd21 & IC | SOL",14.9554099847048
1788,230.543615608315,10,28,28,28,14,"TM | TMd21 | SOL | IC","TM & TMd21 & IC | SOL",14.9618987237953
1647,230.555879237635,10,28,28,28,14,"TM & TMd21 | SOL | IC","TM & IC | TMd21 | SOL",14.9741623531158
1721,230.56293118896,9,28,28,28,14,"TM | TMd21 & SOL & IC","TM | TMd21 & SOL | IC",14.9812143044409
1738,230.57234084984,10,28,28,28,14,"TM | TMd21 & SOL | IC","TM | TMd21 & IC | SOL",14.9906239653209
1661,230.576316662666,9,28,28,28,14,"TM & SOL & IC | TMd21","TM | TMd21 & SOL | IC",14.9945997781467
1794,230.577547300135,10,28,28,28,14,"TM | TMd21 | SOL | IC","TM & IC | TMd21 & SOL",14.9958304156159
1693,230.584678246768,10,28,28,28,14,"TM & SOL | TMd21 | IC","TM | TMd21 & IC | SOL",15.0029613622484
1631,230.591742082269,9,28,28,28,14,"TM & TMd21 | SOL & IC","TM | TMd21 & SOL | IC",15.0100251977492
1795,230.620211135836,10,28,28,28,14,"TM | TMd21 | SOL | IC","TM | TMd21 & SOL & IC",15.0384942513165
1628,230.621125768039,9,28,28,28,14,"TM & TMd21 | SOL & IC","TM & SOL | TMd21 | IC",15.0394088835198
1772,230.624876205447,9,28,28,28,14,"TM | TMd21 | SOL & IC","TM & TMd21 & SOL | IC",15.0431593209279
1673,230.633920539107,9,28,28,28,14,"TM & SOL | TMd21 & IC","TM & SOL | TMd21 | IC",15.0522036545872
1792,230.667992479925,10,28,28,28,14,"TM | TMd21 | SOL | IC","TM & SOL | TMd21 & IC",15.0862755954055
1671,230.721604936632,8,28,28,28,14,"TM & SOL | TMd21 & IC","TM & SOL & IC | TMd21",15.139888052113
1609,230.790216348504,8,28,28,28,14,"TM & TMd21 & IC | SOL","TM & TMd21 | SOL & IC",15.2084994639848
1708,230.91929157076,9,28,28,28,14,"TM & IC | TMd21 & SOL","TM | TMd21 & IC | SOL",15.3375746862407
3006,230.968122677178,8,28,14,28,28,"TM & SOL & IC | TMd21","TM & SOL & IC | TMd21",15.3864057926583
1695,231.07763364994,11,28,28,28,14,"TM & SOL | TMd21 | IC","TM | TMd21 | SOL | IC",15.4959167654202
1790,231.101862826194,11,28,28,28,14,"TM | TMd21 | SOL | IC","TM & TMd21 | SOL | IC",15.5201459416743
1650,231.118567701187,11,28,28,28,14,"TM & TMd21 | SOL | IC","TM | TMd21 | SOL | IC",15.5368508166681
1793,231.161474798871,11,28,28,28,14,"TM | TMd21 | SOL | IC","TM & SOL | TMd21 | IC",15.5797579143519
1750,231.269330834068,9,28,28,28,14,"TM & IC | TMd21 | SOL","TM | TMd21 & SOL & IC",15.6876139495486
1709,231.285475621661,9,28,28,28,14,"TM & IC | TMd21 & SOL","TM | TMd21 | SOL & IC",15.7037587371413
1740,231.301447784886,11,28,28,28,14,"TM | TMd21 & SOL | IC","TM | TMd21 | SOL | IC",15.7197309003668
1764,231.336723114886,9,28,28,28,14,"TM | TMd21 & IC | SOL","TM & IC | TMd21 & SOL",15.7550062303671
1722,231.40414425547,9,28,28,28,14,"TM | TMd21 & SOL & IC","TM & IC | TMd21 | SOL",15.8224273709507
1796,231.432841706548,11,28,28,28,14,"TM | TMd21 | SOL | IC","TM | TMd21 & SOL | IC",15.8511248220283
2508,231.486133223775,8,28,28,14,28,"TM & TMd21 & IC | SOL","TM & TMd21 & IC | SOL",15.9044163392557
1779,231.592056833526,9,28,28,28,14,"TM | TMd21 | SOL & IC","TM & IC | TMd21 & SOL",16.0103399490068
1775,231.645258809184,10,28,28,28,14,"TM | TMd21 | SOL & IC","TM & TMd21 | SOL | IC",16.0635419246647
1783,231.65459594914,10,28,28,28,14,"TM | TMd21 | SOL & IC","TM | TMd21 & IC | SOL",16.0728790646211
1635,231.661786862503,10,28,28,28,14,"TM & TMd21 | SOL & IC","TM | TMd21 | SOL | IC",16.0800699779834
3009,231.758105808335,8,28,14,28,28,"TM & SOL & IC | TMd21","TM & IC | TMd21 & SOL",16.1763889238152
3121,231.766519186269,8,28,14,28,28,"TM | TMd21 | SOL & IC","TM & TMd21 & SOL & IC",16.1848023017497
1799,231.766861740512,11,28,28,28,14,"TM | TMd21 | SOL | IC","TM | TMd21 | SOL & IC",16.1851448559924
3010,231.772631831696,8,28,14,28,28,"TM & SOL & IC | TMd21","TM | TMd21 & SOL & IC",16.190914947177
2931,231.884520354947,7,28,14,28,28,"TM & TMd21 & SOL & IC","TM & SOL & IC | TMd21",16.3028034704272
1748,231.894224404388,10,28,28,28,14,"TM & IC | TMd21 | SOL","TM & SOL | TMd21 | IC",16.3125075198688
3031,231.896869356192,8,28,14,28,28,"TM & SOL | TMd21 | IC","TM & TMd21 & SOL & IC",16.3151524716722
3003,231.901635772801,8,28,14,28,28,"TM & SOL & IC | TMd21","TM & TMd21 & IC | SOL",16.3199188882813
3004,231.913749137401,8,28,14,28,28,"TM & SOL & IC | TMd21","TM & TMd21 | SOL & IC",16.3320322528812
1665,231.919195038514,10,28,28,28,14,"TM & SOL & IC | TMd21","TM | TMd21 | SOL | IC",16.3374781539941
1782,231.925575303334,10,28,28,28,14,"TM | TMd21 | SOL & IC","TM & IC | TMd21 | SOL",16.3438584188145
3007,231.984544608042,8,28,14,28,28,"TM & SOL & IC | TMd21","TM & SOL | TMd21 & IC",16.4028277235224
3091,231.984631184968,8,28,14,28,28,"TM & IC | TMd21 | SOL","TM & TMd21 & SOL & IC",16.4029143004486
3002,232.00878039444,8,28,14,28,28,"TM & SOL & IC | TMd21","TM & TMd21 & SOL | IC",16.4270635099204
1778,232.080991740276,10,28,28,28,14,"TM | TMd21 | SOL & IC","TM & SOL | TMd21 | IC",16.4992748557566
1753,232.098458845617,10,28,28,28,14,"TM & IC | TMd21 | SOL","TM | TMd21 & IC | SOL",16.5167419610978
1677,232.116597974503,9,28,28,28,14,"TM & SOL | TMd21 & IC","TM & IC | TMd21 | SOL",16.5348810899834
1710,232.164082310253,10,28,28,28,14,"TM & IC | TMd21 & SOL","TM | TMd21 | SOL | IC",16.5823654257336
1797,232.174908706636,11,28,28,28,14,"TM | TMd21 | SOL | IC","TM & IC | TMd21 | SOL",16.5931918221166
1751,232.293912266916,10,28,28,28,14,"TM & IC | TMd21 | SOL","TM | TMd21 & SOL | IC",16.7121953823967
1745,232.301861497443,10,28,28,28,14,"TM & IC | TMd21 | SOL","TM & TMd21 | SOL | IC",16.720144612924
1620,232.371388897183,10,28,28,28,14,"TM & TMd21 & IC | SOL","TM | TMd21 | SOL | IC",16.7896720126635
1760,232.373027885001,10,28,28,28,14,"TM | TMd21 & IC | SOL","TM & TMd21 | SOL | IC",16.7913110004818
1725,232.373608250308,10,28,28,28,14,"TM | TMd21 & SOL & IC","TM | TMd21 | SOL | IC",16.7918913657891
1680,232.408350976963,10,28,28,28,14,"TM & SOL | TMd21 & IC","TM | TMd21 | SOL | IC",16.8266340924434
1766,232.424785078223,10,28,28,28,14,"TM | TMd21 & IC | SOL","TM | TMd21 & SOL | IC",16.8430681937038
1763,232.491032015506,10,28,28,28,14,"TM | TMd21 & IC | SOL","TM & SOL | TMd21 | IC",16.9093151309864
1798,232.535623315593,11,28,28,28,14,"TM | TMd21 | SOL | IC","TM | TMd21 & IC | SOL",16.953906431074
1702,232.548720877873,8,28,28,28,14,"TM & IC | TMd21 & SOL","TM & SOL | TMd21 & IC",16.967003993354
1781,232.549632909985,10,28,28,28,14,"TM | TMd21 | SOL & IC","TM | TMd21 & SOL | IC",16.9679160254657
1744,232.563702269455,9,28,28,28,14,"TM & IC | TMd21 | SOL","TM & TMd21 | SOL & IC",16.9819853849357
1761,232.579882747228,9,28,28,28,14,"TM | TMd21 & IC | SOL","TM & SOL & IC | TMd21",16.9981658627083
3286,232.600931563963,7,14,28,28,28,"TM | TMd21 & SOL & IC","TM & TMd21 & SOL & IC",17.0192146794433
2947,232.692367216725,8,28,14,28,28,"TM & TMd21 & SOL | IC","TM & SOL | TMd21 & IC",17.1106503322058
1679,232.70046772503,9,28,28,28,14,"TM & SOL | TMd21 & IC","TM | TMd21 | SOL & IC",17.1187508405104
3126,232.724451617969,9,28,14,28,28,"TM | TMd21 | SOL & IC","TM & SOL & IC | TMd21",17.1427347334497
3295,232.744277967051,8,14,28,28,28,"TM | TMd21 & SOL & IC","TM | TMd21 & SOL & IC",17.1625610825312
1759,232.746543169427,9,28,28,28,14,"TM | TMd21 & IC | SOL","TM & TMd21 | SOL & IC",17.1648262849077
3014,232.783830921472,9,28,14,28,28,"TM & SOL & IC | TMd21","TM | TMd21 | SOL & IC",17.2021140369526
1619,232.788526071238,9,28,28,28,14,"TM & TMd21 & IC | SOL","TM | TMd21 | SOL & IC",17.2068091867188
3012,232.817686491431,9,28,14,28,28,"TM & SOL & IC | TMd21","TM & IC | TMd21 | SOL",17.2359696069116
3048,232.820641605849,8,28,14,28,28,"TM & IC | TMd21 & SOL","TM & TMd21 & IC | SOL",17.2389247213297
3032,232.851664670483,9,28,14,28,28,"TM & SOL | TMd21 | IC","TM & TMd21 & SOL | IC",17.2699477859635
3036,232.855387296284,9,28,14,28,28,"TM & SOL | TMd21 | IC","TM & SOL & IC | TMd21",17.2736704117646
3099,232.904034958995,9,28,14,28,28,"TM & IC | TMd21 | SOL","TM & IC | TMd21 & SOL",17.3223180744754
3096,232.943536728742,9,28,14,28,28,"TM & IC | TMd21 | SOL","TM & SOL & IC | TMd21",17.3618198442224
3008,232.96647218156,9,28,14,28,28,"TM & SOL & IC | TMd21","TM & SOL | TMd21 | IC",17.3847552970402
1800,233.028268387384,12,28,28,28,14,"TM | TMd21 | SOL | IC","TM | TMd21 | SOL | IC",17.4465515028642
1674,233.219889591864,8,28,28,28,14,"TM & SOL | TMd21 & IC","TM & IC | TMd21 & SOL",17.6381727073444
2538,233.259508788781,9,28,28,14,28,"TM & TMd21 | SOL | IC","TM & TMd21 & IC | SOL",17.6777919042617
1754,233.267346651739,10,28,28,28,14,"TM & IC | TMd21 | SOL","TM | TMd21 | SOL & IC",17.6856297672201
1767,233.324728436966,10,28,28,28,14,"TM | TMd21 & IC | SOL","TM & IC | TMd21 | SOL",17.7430115524468
3039,233.337252128491,9,28,14,28,28,"TM & SOL | TMd21 | IC","TM & IC | TMd21 & SOL",17.755535243972
2658,233.361276863298,9,28,28,14,28,"TM | TMd21 & IC | SOL","TM & TMd21 & IC | SOL",17.779559978779
2510,233.401585564439,9,28,28,14,28,"TM & TMd21 & IC | SOL","TM & TMd21 | SOL | IC",17.8198686799191
2518,233.453994712591,9,28,28,14,28,"TM & TMd21 & IC | SOL","TM | TMd21 & IC | SOL",17.8722778280715
2643,233.470919598521,9,28,28,14,28,"TM & IC | TMd21 | SOL","TM & TMd21 & IC | SOL",17.8892027140012
2517,233.473632303772,9,28,28,14,28,"TM & TMd21 & IC | SOL","TM & IC | TMd21 | SOL",17.8919154192531
2976,233.481182456234,8,28,14,28,28,"TM & TMd21 | SOL & IC","TM & SOL & IC | TMd21",17.8994655717148
3124,233.562533146813,9,28,14,28,28,"TM | TMd21 | SOL & IC","TM & TMd21 | SOL & IC",17.9808162622939
1785,233.572443515653,11,28,28,28,14,"TM | TMd21 | SOL & IC","TM | TMd21 | SOL | IC",17.9907266311341
3033,233.590932484261,9,28,14,28,28,"TM & SOL | TMd21 | IC","TM & TMd21 & IC | SOL",18.009215599742
3129,233.673025147018,9,28,14,28,28,"TM | TMd21 | SOL & IC","TM & IC | TMd21 & SOL",18.0913082624986
3037,233.681073554591,9,28,14,28,28,"TM & SOL | TMd21 | IC","TM & SOL | TMd21 & IC",18.0993566700712
3093,233.682679822756,9,28,14,28,28,"TM & IC | TMd21 | SOL","TM & TMd21 & IC | SOL",18.100962938237
3011,233.68426251207,9,28,14,28,28,"TM & SOL & IC | TMd21","TM | TMd21 & SOL | IC",18.1025456275506
3122,233.685938502245,9,28,14,28,28,"TM | TMd21 | SOL & IC","TM & TMd21 & SOL | IC",18.1042216177258
2939,233.702170497061,8,28,14,28,28,"TM & TMd21 & SOL & IC","TM | TMd21 | SOL & IC",18.1204536125414
3066,233.710294166222,8,28,14,28,28,"TM | TMd21 & SOL & IC","TM & SOL & IC | TMd21",18.128577281703
2946,233.719227741562,8,28,14,28,28,"TM & TMd21 & SOL | IC","TM & SOL & IC | TMd21",18.1375108570427
2937,233.735776695815,8,28,14,28,28,"TM & TMd21 & SOL & IC","TM & IC | TMd21 | SOL",18.1540598112952
3123,233.754743051468,9,28,14,28,28,"TM | TMd21 | SOL & IC","TM & TMd21 & IC | SOL",18.173026166949
3136,233.755897170473,9,28,14,28,28,"TM | TMd21 | SOL | IC","TM & TMd21 & SOL & IC",18.1741802859538
3040,233.758219430674,9,28,14,28,28,"TM & SOL | TMd21 | IC","TM | TMd21 & SOL & IC",18.1765025461545
3127,233.759437690127,9,28,14,28,28,"TM | TMd21 | SOL & IC","TM & SOL | TMd21 & IC",18.1777208056077
3130,233.762404666311,9,28,14,28,28,"TM | TMd21 | SOL & IC","TM | TMd21 & SOL & IC",18.1806877817916
3013,233.762478721506,9,28,14,28,28,"TM & SOL & IC | TMd21","TM | TMd21 & IC | SOL",18.1807618369868
3100,233.765827905522,9,28,14,28,28,"TM & IC | TMd21 | SOL","TM | TMd21 & SOL & IC",18.1841110210028
2961,233.832157022328,8,28,14,28,28,"TM & TMd21 & IC | SOL","TM & SOL & IC | TMd21",18.2504401378085
3021,233.849489567622,8,28,14,28,28,"TM & SOL | TMd21 & IC","TM & SOL & IC | TMd21",18.267772683103
3034,233.867367948394,9,28,14,28,28,"TM & SOL | TMd21 | IC","TM & TMd21 | SOL & IC",18.2856510638743
3005,233.873776473027,9,28,14,28,28,"TM & SOL & IC | TMd21","TM & TMd21 | SOL | IC",18.2920595885078
2933,233.882875969574,8,28,14,28,28,"TM & TMd21 & SOL & IC","TM & SOL | TMd21 | IC",18.3011590850545
3051,233.884420969987,8,28,14,28,28,"TM & IC | TMd21 & SOL","TM & SOL & IC | TMd21",18.3027040854679
1755,233.894157252712,11,28,28,28,14,"TM & IC | TMd21 | SOL","TM | TMd21 | SOL | IC",18.3124403681927
3094,233.913575934792,9,28,14,28,28,"TM & IC | TMd21 | SOL","TM & TMd21 | SOL & IC",18.3318590502729
3097,233.916223837002,9,28,14,28,28,"TM & IC | TMd21 | SOL","TM & SOL | TMd21 & IC",18.3345069524826
3092,233.980563607452,9,28,14,28,28,"TM & IC | TMd21 | SOL","TM & TMd21 & SOL | IC",18.3988467229331
2980,234.046763224024,8,28,14,28,28,"TM & TMd21 | SOL & IC","TM | TMd21 & SOL & IC",18.4650463395048
3038,234.118576359453,10,28,14,28,28,"TM & SOL | TMd21 | IC","TM & SOL | TMd21 | IC",18.5368594749335
2506,234.142869311032,7,28,28,14,28,"TM & TMd21 & IC | SOL","TM & TMd21 & SOL & IC",18.5611524265125
1769,234.302927056602,10,28,28,28,14,"TM | TMd21 & IC | SOL","TM | TMd21 | SOL & IC",18.7212101720822
3292,234.337249844687,8,14,28,28,28,"TM | TMd21 & SOL & IC","TM & SOL | TMd21 & IC",18.755532960168
1770,234.35966896953,11,28,28,28,14,"TM | TMd21 & IC | SOL","TM | TMd21 | SOL | IC",18.7779520850103
3291,234.391596052875,8,14,28,28,28,"TM | TMd21 & SOL & IC","TM & SOL & IC | TMd21",18.8098791683558
3102,234.393862960076,10,28,14,28,28,"TM & IC | TMd21 | SOL","TM & IC | TMd21 | SOL",18.8121460755568
2992,234.415060714475,9,28,14,28,28,"TM & TMd21 | SOL | IC","TM & SOL | TMd21 & IC",18.8333438299559
3042,234.468041937681,10,28,14,28,28,"TM & SOL | TMd21 | IC","TM & IC | TMd21 | SOL",18.886325053162
2953,234.470072153798,9,28,14,28,28,"TM & TMd21 & SOL | IC","TM | TMd21 & IC | SOL",18.8883552692786
3346,234.486991902339,8,14,28,28,28,"TM | TMd21 | SOL & IC","TM & TMd21 & SOL & IC",18.90527501782
3288,234.519458443326,8,14,28,28,28,"TM | TMd21 & SOL & IC","TM & TMd21 & IC | SOL",18.9377415588061
3301,234.534625761415,8,14,28,28,28,"TM | TMd21 & SOL | IC","TM & TMd21 & SOL & IC",18.9529088768952
3041,234.544607957478,10,28,14,28,28,"TM & SOL | TMd21 | IC","TM | TMd21 & SOL | IC",18.9628910729585
3289,234.549869823032,8,14,28,28,28,"TM | TMd21 & SOL & IC","TM & TMd21 | SOL & IC",18.9681529385121
3294,234.571618909244,8,14,28,28,28,"TM | TMd21 & SOL & IC","TM & IC | TMd21 & SOL",18.9899020247245
3078,234.592613552727,9,28,14,28,28,"TM | TMd21 & SOL | IC","TM & TMd21 & IC | SOL",19.0108966682074
3331,234.594526998012,8,14,28,28,28,"TM | TMd21 & IC | SOL","TM & TMd21 & SOL & IC",19.0128101134928
3287,234.597523789044,8,14,28,28,28,"TM | TMd21 & SOL & IC","TM & TMd21 & SOL | IC",19.0158069045247
3299,234.597754738245,9,14,28,28,28,"TM | TMd21 & SOL & IC","TM | TMd21 | SOL & IC",19.0160378537252
2948,234.60146111213,9,28,14,28,28,"TM & TMd21 & SOL | IC","TM & SOL | TMd21 | IC",19.0197442276107
3057,234.605331552988,9,28,14,28,28,"TM & IC | TMd21 & SOL","TM & IC | TMd21 | SOL",19.023614668469
3298,234.611599132668,9,14,28,28,28,"TM | TMd21 & SOL & IC","TM | TMd21 & IC | SOL",19.0298822481483
3355,234.629449513247,9,14,28,28,28,"TM | TMd21 | SOL & IC","TM | TMd21 & SOL & IC",19.0477326287273
3082,234.646081290998,9,28,14,28,28,"TM | TMd21 & SOL | IC","TM & SOL | TMd21 & IC",19.0643644064787
3144,234.674201637094,10,28,14,28,28,"TM | TMd21 | SOL | IC","TM & IC | TMd21 & SOL",19.0924847525745
3128,234.676750541938,10,28,14,28,28,"TM | TMd21 | SOL & IC","TM & SOL | TMd21 | IC",19.0950336574189
3310,234.677454994631,9,14,28,28,28,"TM | TMd21 & SOL | IC","TM | TMd21 & SOL & IC",19.0957381101112
3050,234.686941899269,9,28,14,28,28,"TM & IC | TMd21 & SOL","TM & TMd21 | SOL | IC",19.10522501475
3132,234.69359409516,10,28,14,28,28,"TM | TMd21 | SOL & IC","TM & IC | TMd21 | SOL",19.1118772106403
3035,234.702049536307,10,28,14,28,28,"TM & SOL | TMd21 | IC","TM & TMd21 | SOL | IC",19.1203326517876
3137,234.710116203071,10,28,14,28,28,"TM | TMd21 | SOL | IC","TM & TMd21 & SOL | IC",19.1283993185517
3134,234.710858672702,10,28,14,28,28,"TM | TMd21 | SOL & IC","TM | TMd21 | SOL & IC",19.1291417881826
3141,234.713783186811,10,28,14,28,28,"TM | TMd21 | SOL | IC","TM & SOL & IC | TMd21",19.1320663022912
3340,234.737823453281,9,14,28,28,28,"TM | TMd21 & IC | SOL","TM | TMd21 & SOL & IC",19.1561065687611
3015,234.743668815344,10,28,14,28,28,"TM & SOL & IC | TMd21","TM | TMd21 | SOL | IC",19.1619519308249
3296,234.74393481511,9,14,28,28,28,"TM | TMd21 & SOL & IC","TM | TMd21 & SOL | IC",19.1622179305903
3044,234.761022228158,10,28,14,28,28,"TM & SOL | TMd21 | IC","TM | TMd21 | SOL & IC",19.1793053436388
3104,234.78112388918,10,28,14,28,28,"TM & IC | TMd21 | SOL","TM | TMd21 | SOL & IC",19.1994070046609
3058,234.794312338252,9,28,14,28,28,"TM & IC | TMd21 & SOL","TM | TMd21 & IC | SOL",19.2125954537325
1629,234.803228654923,8,28,28,28,14,"TM & TMd21 | SOL & IC","TM & IC | TMd21 & SOL",19.2215117704036
3101,234.830277596631,10,28,14,28,28,"TM & IC | TMd21 | SOL","TM | TMd21 & SOL | IC",19.2485607121114
3160,234.921905526815,7,14,28,28,28,"TM & TMd21 & SOL & IC","TM | TMd21 & SOL & IC",19.3401886422953
3098,234.926419276077,10,28,14,28,28,"TM & IC | TMd21 | SOL","TM & SOL | TMd21 | IC",19.3447023915577
3337,234.92842787876,9,14,28,28,28,"TM | TMd21 & IC | SOL","TM & SOL | TMd21 & IC",19.3467109942403
2540,235.015003061354,10,28,28,14,28,"TM & TMd21 | SOL | IC","TM & TMd21 | SOL | IC",19.4332861768343
1627,235.115497103522,8,28,28,28,14,"TM & TMd21 | SOL & IC","TM & SOL | TMd21 & IC",19.5337802190023
2668,235.131743654947,10,28,28,14,28,"TM | TMd21 & IC | SOL","TM | TMd21 & IC | SOL",19.5500267704276
3243,235.154835427473,8,14,28,28,28,"TM & SOL | TMd21 & IC","TM & TMd21 & IC | SOL",19.5731185429539
2984,235.216489305144,9,28,14,28,28,"TM & TMd21 | SOL & IC","TM | TMd21 | SOL & IC",19.6347724206242
2688,235.241631892267,10,28,28,14,28,"TM | TMd21 | SOL | IC","TM & TMd21 & IC | SOL",19.6599150077479
2547,235.242617514448,10,28,28,14,28,"TM & TMd21 | SOL | IC","TM & IC | TMd21 | SOL",19.6609006299288
2548,235.25684938485,10,28,28,14,28,"TM & TMd21 | SOL | IC","TM | TMd21 & IC | SOL",19.6751325003304
2667,235.261281678655,10,28,28,14,28,"TM | TMd21 & IC | SOL","TM & IC | TMd21 | SOL",19.6795647941352
2952,235.286476585128,9,28,14,28,28,"TM & TMd21 & SOL | IC","TM & IC | TMd21 | SOL",19.7047597006091
2660,235.341505845995,10,28,28,14,28,"TM | TMd21 & IC | SOL","TM & TMd21 | SOL | IC",19.7597889614755
3064,235.344038813586,8,28,14,28,28,"TM | TMd21 & SOL & IC","TM & TMd21 | SOL & IC",19.7623219290664
2978,235.39545673462,9,28,14,28,28,"TM & TMd21 | SOL & IC","TM & SOL | TMd21 | IC",19.8137398501002
2653,235.398318193219,10,28,28,14,28,"TM & IC | TMd21 | SOL","TM | TMd21 & IC | SOL",19.8166013086997
2520,235.400031127724,10,28,28,14,28,"TM & TMd21 & IC | SOL","TM | TMd21 | SOL | IC",19.8183142432049
2645,235.401303038214,10,28,28,14,28,"TM & IC | TMd21 | SOL","TM & TMd21 | SOL | IC",19.8195861536944
3138,235.453627971876,10,28,14,28,28,"TM | TMd21 | SOL | IC","TM & TMd21 & IC | SOL",19.8719110873566
3043,235.458362988952,10,28,14,28,28,"TM & SOL | TMd21 | IC","TM | TMd21 & IC | SOL",19.8766461044323
2991,235.470636375179,9,28,14,28,28,"TM & TMd21 | SOL | IC","TM & SOL & IC | TMd21",19.8889194906597
2652,235.470687845741,10,28,28,14,28,"TM & IC | TMd21 | SOL","TM & IC | TMd21 | SOL",19.888970961222
2982,235.471458027363,9,28,14,28,28,"TM & TMd21 | SOL & IC","TM & IC | TMd21 | SOL",19.8897411428435
3125,235.522501693586,10,28,14,28,28,"TM | TMd21 | SOL & IC","TM & TMd21 | SOL | IC",19.9407848090668
3103,235.537797254708,10,28,14,28,28,"TM & IC | TMd21 | SOL","TM | TMd21 & IC | SOL",19.9560803701883
3142,235.539995771836,10,28,14,28,28,"TM | TMd21 | SOL | IC","TM & SOL | TMd21 & IC",19.9582788873166
3139,235.551902061076,10,28,14,28,28,"TM | TMd21 | SOL | IC","TM & TMd21 | SOL & IC",19.9701851765561
3027,235.559460529269,9,28,14,28,28,"TM & SOL | TMd21 & IC","TM & IC | TMd21 | SOL",19.9777436447495
2967,235.561783099257,9,28,14,28,28,"TM & TMd21 & IC | SOL","TM & IC | TMd21 | SOL",19.9800662147375
1699,235.57340828249,8,28,28,28,14,"TM & IC | TMd21 & SOL","TM & TMd21 | SOL & IC",19.9916913979706
2954,235.64801782532,9,28,14,28,28,"TM & TMd21 & SOL | IC","TM | TMd21 | SOL & IC",20.0663009408009
3059,235.655352094836,9,28,14,28,28,"TM & IC | TMd21 & SOL","TM | TMd21 | SOL & IC",20.0736352103168
3095,235.65739670083,10,28,14,28,28,"TM & IC | TMd21 | SOL","TM & TMd21 | SOL | IC",20.0756798163111
3081,235.657502520487,9,28,14,28,28,"TM | TMd21 & SOL | IC","TM & SOL & IC | TMd21",20.0757856359671
2940,235.66249585392,9,28,14,28,28,"TM & TMd21 & SOL & IC","TM | TMd21 | SOL | IC",20.0807789694004
3072,235.664441346097,9,28,14,28,28,"TM | TMd21 & SOL & IC","TM & IC | TMd21 | SOL",20.0827244615773
3131,235.673018598174,10,28,14,28,28,"TM | TMd21 | SOL & IC","TM | TMd21 & SOL | IC",20.0913017136548
3068,235.67883107883,9,28,14,28,28,"TM | TMd21 & SOL & IC","TM & SOL | TMd21 | IC",20.0971141943103
3023,235.682899178376,9,28,14,28,28,"TM & SOL | TMd21 & IC","TM & SOL | TMd21 | IC",20.1011822938567
3302,235.683463755631,9,14,28,28,28,"TM | TMd21 & SOL | IC","TM & TMd21 & SOL | IC",20.1017468711121
3074,235.700393802514,9,28,14,28,28,"TM | TMd21 & SOL & IC","TM | TMd21 | SOL & IC",20.1186769179945
2969,235.701202190498,9,28,14,28,28,"TM & TMd21 & IC | SOL","TM | TMd21 | SOL & IC",20.1194853059789
3029,235.70193030279,9,28,14,28,28,"TM & SOL | TMd21 & IC","TM | TMd21 | SOL & IC",20.1202134182709
3111,235.709667853512,9,28,14,28,28,"TM | TMd21 & IC | SOL","TM & SOL & IC | TMd21",20.1279509689931
3145,235.751782467645,10,28,14,28,28,"TM | TMd21 | SOL | IC","TM | TMd21 & SOL & IC",20.1700655831258
3133,235.75257992275,10,28,14,28,28,"TM | TMd21 | SOL & IC","TM | TMd21 & IC | SOL",20.1708630382306
2963,235.803431029986,9,28,14,28,28,"TM & TMd21 & IC | SOL","TM & SOL | TMd21 | IC",20.2217141454667
2509,235.860315888867,8,28,28,14,28,"TM & TMd21 & IC | SOL","TM & TMd21 | SOL & IC",20.2785990043479
3053,235.881779763123,9,28,14,28,28,"TM & IC | TMd21 & SOL","TM & SOL | TMd21 | IC",20.3000628786035
2983,235.891974976573,9,28,14,28,28,"TM & TMd21 | SOL & IC","TM | TMd21 & IC | SOL",20.3102580920538
3045,235.894404336072,11,28,14,28,28,"TM & SOL | TMd21 | IC","TM | TMd21 | SOL | IC",20.3126874515528
2536,235.920644183693,8,28,28,14,28,"TM & TMd21 | SOL | IC","TM & TMd21 & SOL & IC",20.3389272991735
3343,235.940193713058,10,14,28,28,28,"TM | TMd21 & IC | SOL","TM | TMd21 & IC | SOL",20.3584768285389
3143,235.976572963792,11,28,14,28,28,"TM | TMd21 | SOL | IC","TM & SOL | TMd21 | IC",20.3948560792722
3307,236.017168816229,9,14,28,28,28,"TM | TMd21 & SOL | IC","TM & SOL | TMd21 & IC",20.4354519317096
2656,236.020459043906,8,28,28,14,28,"TM | TMd21 & IC | SOL","TM & TMd21 & SOL & IC",20.4387421593865
2995,236.036242070751,9,28,14,28,28,"TM & TMd21 | SOL | IC","TM | TMd21 & SOL & IC",20.4545251862313
2981,236.046738794449,9,28,14,28,28,"TM & TMd21 | SOL & IC","TM | TMd21 & SOL | IC",20.4650219099294
2515,236.052427494432,8,28,28,14,28,"TM & TMd21 & IC | SOL","TM | TMd21 & SOL & IC",20.4707106099123
3088,236.066345031257,10,28,14,28,28,"TM | TMd21 & SOL | IC","TM | TMd21 & IC | SOL",20.4846281467381
2511,236.088172062493,8,28,28,14,28,"TM & TMd21 & IC | SOL","TM & SOL & IC | TMd21",20.5064551779737
3174,236.104518989627,8,14,28,28,28,"TM & TMd21 & SOL | IC","TM & IC | TMd21 & SOL",20.5228021051072
2507,236.1159292807,8,28,28,14,28,"TM & TMd21 & IC | SOL","TM & TMd21 & SOL | IC",20.5342123961811
2514,236.124545587234,8,28,28,14,28,"TM & TMd21 & IC | SOL","TM & IC | TMd21 & SOL",20.542828702715
2641,236.127942931678,8,28,28,14,28,"TM & IC | TMd21 | SOL","TM & TMd21 & SOL & IC",20.5462260471589
2512,236.138037027827,8,28,28,14,28,"TM & TMd21 & IC | SOL","TM & SOL | TMd21 & IC",20.5563201433072
3147,236.163538272743,11,28,14,28,28,"TM | TMd21 | SOL | IC","TM & IC | TMd21 | SOL",20.5818213882232
1216,236.179655399103,7,28,14,28,14,"TM & SOL | TMd21 & IC","TM & TMd21 & SOL & IC",20.5979385145835
3333,236.183372552035,9,14,28,28,28,"TM | TMd21 & IC | SOL","TM & TMd21 & IC | SOL",20.6016556675159
3311,236.18655995114,10,14,28,28,28,"TM | TMd21 & SOL | IC","TM | TMd21 & SOL | IC",20.6048430666206
3293,236.283933428386,9,14,28,28,28,"TM | TMd21 & SOL & IC","TM & SOL | TMd21 | IC",20.7022165438666
3351,236.307762302198,9,14,28,28,28,"TM | TMd21 | SOL & IC","TM & SOL & IC | TMd21",20.7260454176784
3105,236.31994796191,11,28,14,28,28,"TM & IC | TMd21 | SOL","TM | TMd21 | SOL | IC",20.7382310773909
3303,236.321159744356,9,14,28,28,28,"TM | TMd21 & SOL | IC","TM & TMd21 & IC | SOL",20.7394428598363
3352,236.325374265339,9,14,28,28,28,"TM | TMd21 | SOL & IC","TM & SOL | TMd21 & IC",20.74365738082
3146,236.357365626344,11,28,14,28,28,"TM | TMd21 | SOL | IC","TM | TMd21 & SOL | IC",20.7756487418247
2993,236.361451221613,10,28,14,28,28,"TM & TMd21 | SOL | IC","TM & SOL | TMd21 | IC",20.7797343370934
3336,236.36773202059,9,14,28,28,28,"TM | TMd21 & IC | SOL","TM & SOL & IC | TMd21",20.7860151360704
3313,236.372177601077,10,14,28,28,28,"TM | TMd21 & SOL | IC","TM | TMd21 & IC | SOL",20.7904607165578
3087,236.377129244965,10,28,14,28,28,"TM | TMd21 & SOL | IC","TM & IC | TMd21 | SOL",20.795412360446
2955,236.379220675342,10,28,14,28,28,"TM & TMd21 & SOL | IC","TM | TMd21 | SOL | IC",20.7975037908225
3297,236.386998211443,9,14,28,28,28,"TM | TMd21 & SOL & IC","TM & IC | TMd21 | SOL",20.805281326924
3306,236.389391384063,9,14,28,28,28,"TM | TMd21 & SOL | IC","TM & SOL & IC | TMd21",20.8076744995431
2998,236.41164569379,10,28,14,28,28,"TM & TMd21 | SOL | IC","TM | TMd21 & IC | SOL",20.829928809271
3349,236.414609572025,9,14,28,28,28,"TM | TMd21 | SOL & IC","TM & TMd21 | SOL & IC",20.8328926875054
3347,236.425867580598,9,14,28,28,28,"TM | TMd21 | SOL & IC","TM & TMd21 & SOL | IC",20.8441506960782
3348,236.466558674368,9,14,28,28,28,"TM | TMd21 | SOL & IC","TM & TMd21 & IC | SOL",20.8848417898485
3361,236.476490111208,9,14,28,28,28,"TM | TMd21 | SOL | IC","TM & TMd21 & SOL & IC",20.8947732266887
3354,236.486791101494,9,14,28,28,28,"TM | TMd21 | SOL & IC","TM & IC | TMd21 & SOL",20.9050742169747
3309,236.491079926066,9,14,28,28,28,"TM | TMd21 & SOL | IC","TM & IC | TMd21 & SOL",20.9093630415469
3290,236.510335662616,9,14,28,28,28,"TM | TMd21 & SOL & IC","TM & TMd21 | SOL | IC",20.9286187780962
3304,236.520497696795,9,14,28,28,28,"TM | TMd21 & SOL | IC","TM & TMd21 | SOL & IC",20.9387808122754
3060,236.532097440611,10,28,14,28,28,"TM & IC | TMd21 & SOL","TM | TMd21 | SOL | IC",20.9503805560917
3083,236.534532299262,10,28,14,28,28,"TM | TMd21 & SOL | IC","TM & SOL | TMd21 | IC",20.9528154147425
3339,236.538527504641,9,14,28,28,28,"TM | TMd21 & IC | SOL","TM & IC | TMd21 & SOL",20.9568106201218
3334,236.548987030488,9,14,28,28,28,"TM | TMd21 & IC | SOL","TM & TMd21 | SOL & IC",20.9672701459691
1669,236.551742382927,8,28,28,28,14,"TM & SOL | TMd21 & IC","TM & TMd21 | SOL & IC",20.9700254984073
3080,236.554325189492,10,28,14,28,28,"TM | TMd21 & SOL | IC","TM & TMd21 | SOL | IC",20.9726083049725
3300,236.557896319542,10,14,28,28,28,"TM | TMd21 & SOL & IC","TM | TMd21 | SOL | IC",20.9761794350225
3358,236.575864373203,10,14,28,28,28,"TM | TMd21 | SOL & IC","TM | TMd21 & IC | SOL",20.9941474886836
3344,236.584661663267,10,14,28,28,28,"TM | TMd21 & IC | SOL","TM | TMd21 | SOL & IC",21.0029447787472
3314,236.590035804091,10,14,28,28,28,"TM | TMd21 & SOL | IC","TM | TMd21 | SOL & IC",21.0083189195716
3359,236.592502296481,10,14,28,28,28,"TM | TMd21 | SOL & IC","TM | TMd21 | SOL & IC",21.0107854119619
3332,236.593982469906,9,14,28,28,28,"TM | TMd21 & IC | SOL","TM & TMd21 & SOL | IC",21.0122655853862
3356,236.603522829253,10,14,28,28,28,"TM | TMd21 | SOL & IC","TM | TMd21 & SOL | IC",21.0218059447336
3370,236.618865780859,10,14,28,28,28,"TM | TMd21 | SOL | IC","TM | TMd21 & SOL & IC",21.0371488963396
1222,236.650375807449,8,28,14,28,14,"TM & SOL | TMd21 & IC","TM & SOL | TMd21 & IC",21.0686589229295
2662,236.654192084667,9,28,28,14,28,"TM | TMd21 & IC | SOL","TM & SOL | TMd21 & IC",21.0724752001472
3205,236.665781849699,8,14,28,28,28,"TM & TMd21 | SOL & IC","TM | TMd21 & SOL & IC",21.0840649651801
3135,236.670684301248,11,28,14,28,28,"TM | TMd21 | SOL & IC","TM | TMd21 | SOL | IC",21.0889674167285
3149,236.700189634754,11,28,14,28,28,"TM | TMd21 | SOL | IC","TM | TMd21 | SOL & IC",21.1184727502342
3140,236.700780487915,11,28,14,28,28,"TM | TMd21 | SOL | IC","TM & TMd21 | SOL | IC",21.1190636033957
3341,236.733703857552,10,14,28,28,28,"TM | TMd21 & IC | SOL","TM | TMd21 & SOL | IC",21.151986973033
3164,236.777921978034,8,14,28,28,28,"TM & TMd21 & SOL & IC","TM | TMd21 | SOL & IC",21.1962050935149
3163,236.791526342782,8,14,28,28,28,"TM & TMd21 & SOL & IC","TM | TMd21 & IC | SOL",21.2098094582625
3175,236.805002945037,8,14,28,28,28,"TM & TMd21 & SOL | IC","TM | TMd21 & SOL & IC",21.2232860605175
3367,236.809565061806,10,14,28,28,28,"TM | TMd21 | SOL | IC","TM & SOL | TMd21 & IC",21.2278481772868
2964,236.856300202146,8,28,14,28,28,"TM & TMd21 & IC | SOL","TM & IC | TMd21 & SOL",21.2745833176267
3235,236.859540881978,8,14,28,28,28,"TM & SOL & IC | TMd21","TM | TMd21 & SOL & IC",21.2778239974582
3338,236.874796217225,10,14,28,28,28,"TM | TMd21 & IC | SOL","TM & SOL | TMd21 | IC",21.2930793327053
1584,236.878772860706,7,28,28,28,14,"TM & TMd21 & SOL & IC","TM & IC | TMd21 & SOL",21.2970559761866
3190,236.894536239169,8,14,28,28,28,"TM & TMd21 & IC | SOL","TM | TMd21 & SOL & IC",21.3128193546491
3250,236.913457849205,8,14,28,28,28,"TM & SOL | TMd21 & IC","TM | TMd21 & SOL & IC",21.3317409646856
3280,236.914839881074,8,14,28,28,28,"TM & IC | TMd21 & SOL","TM | TMd21 & SOL & IC",21.3331229965546
3161,236.921568320922,8,14,28,28,28,"TM & TMd21 & SOL & IC","TM | TMd21 & SOL | IC",21.3398514364031
2690,236.997115642352,11,28,28,14,28,"TM | TMd21 | SOL | IC","TM & TMd21 | SOL | IC",21.4153987578327
2698,237.01198369408,11,28,28,14,28,"TM | TMd21 | SOL | IC","TM | TMd21 & IC | SOL",21.4302668095611
2550,237.013413523596,11,28,28,14,28,"TM & TMd21 | SOL | IC","TM | TMd21 | SOL | IC",21.4316966390761
3258,237.037075008765,9,14,28,28,28,"TM & SOL | TMd21 | IC","TM & TMd21 & IC | SOL",21.4553581242459
3245,237.077253998106,9,14,28,28,28,"TM & SOL | TMd21 & IC","TM & TMd21 | SOL | IC",21.4955371135862
2670,237.077707252011,11,28,28,14,28,"TM | TMd21 & IC | SOL","TM | TMd21 | SOL | IC",21.4959903674919
3253,237.094632672947,9,14,28,28,28,"TM & SOL | TMd21 & IC","TM | TMd21 & IC | SOL",21.5129157884276
2478,237.105956314932,7,28,28,14,28,"TM & TMd21 & SOL & IC","TM & TMd21 & IC | SOL",21.5242394304128
3252,237.125471603217,9,14,28,28,28,"TM & SOL | TMd21 & IC","TM & IC | TMd21 | SOL",21.5437547186972
2985,237.17673394893,10,28,14,28,28,"TM & TMd21 | SOL & IC","TM | TMd21 | SOL | IC",21.5950170644102
2537,237.182575834213,9,28,28,14,28,"TM & TMd21 | SOL | IC","TM & TMd21 & SOL | IC",21.6008589496936
3079,237.183440658286,9,28,14,28,28,"TM | TMd21 & SOL | IC","TM & TMd21 | SOL & IC",21.6017237737667
2997,237.193959393454,10,28,14,28,28,"TM & TMd21 | SOL | IC","TM & IC | TMd21 | SOL",21.6122425089344
2999,237.205931537547,10,28,14,28,28,"TM & TMd21 | SOL | IC","TM | TMd21 | SOL & IC",21.6242146530275
1582,237.228409119931,7,28,28,28,14,"TM & TMd21 & SOL & IC","TM & SOL | TMd21 & IC",21.6466922354112
2697,237.241399058841,11,28,28,14,28,"TM | TMd21 | SOL | IC","TM & IC | TMd21 | SOL",21.6596821743218
3109,237.304611450416,9,28,14,28,28,"TM | TMd21 & IC | SOL","TM & TMd21 | SOL & IC",21.7228945658966
3065,237.304635813345,9,28,14,28,28,"TM | TMd21 & SOL & IC","TM & TMd21 | SOL | IC",21.7229189288261
3017,237.358112200737,8,28,14,28,28,"TM & SOL | TMd21 & IC","TM & TMd21 & SOL | IC",21.776395316218
3308,237.38544938227,10,14,28,28,28,"TM | TMd21 & SOL | IC","TM & SOL | TMd21 | IC",21.8037324977503
2655,237.397105176859,11,28,28,14,28,"TM & IC | TMd21 | SOL","TM | TMd21 | SOL | IC",21.8153882923392
3148,237.410298354484,11,28,14,28,28,"TM | TMd21 | SOL | IC","TM | TMd21 & IC | SOL",21.8285814699647
3117,237.442450507209,10,28,14,28,28,"TM | TMd21 & IC | SOL","TM & IC | TMd21 | SOL",21.8607336226895
3030,237.462047068883,10,28,14,28,28,"TM & SOL | TMd21 & IC","TM | TMd21 | SOL | IC",21.8803301843637
2970,237.488591521758,10,28,14,28,28,"TM & TMd21 & IC | SOL","TM | TMd21 | SOL | IC",21.9068746372383
3113,237.542998450097,10,28,14,28,28,"TM | TMd21 & IC | SOL","TM & SOL | TMd21 | IC",21.9612815655776
2575,237.549661103614,8,28,28,14,28,"TM & SOL | TMd21 & IC","TM | TMd21 & SOL & IC",21.9679442190948
3229,237.56262877011,8,14,28,28,28,"TM & SOL & IC | TMd21","TM & TMd21 | SOL & IC",21.9809118855903
3305,237.586682549571,10,14,28,28,28,"TM | TMd21 & SOL | IC","TM & TMd21 | SOL | IC",22.0049656650521
2649,237.588031123041,9,28,28,14,28,"TM & IC | TMd21 | SOL","TM & IC | TMd21 & SOL",22.0063142385213
3362,237.625120669755,10,14,28,28,28,"TM | TMd21 | SOL | IC","TM & TMd21 & SOL | IC",22.0434037852352
3089,237.648015748505,10,28,14,28,28,"TM | TMd21 & SOL | IC","TM | TMd21 | SOL & IC",22.0662988639854
3075,237.660718864411,10,28,14,28,28,"TM | TMd21 & SOL & IC","TM | TMd21 | SOL | IC",22.0790019798918
3119,237.699812430136,10,28,14,28,28,"TM | TMd21 & IC | SOL","TM | TMd21 | SOL & IC",22.1180955456167
2544,237.755716846549,9,28,28,14,28,"TM & TMd21 | SOL | IC","TM & IC | TMd21 & SOL",22.1739999620292
1225,237.790003997421,8,28,14,28,14,"TM & SOL | TMd21 & IC","TM | TMd21 & SOL & IC",22.2082871129015
724,237.804355854343,8,28,28,14,14,"TM & TMd21 | SOL & IC","TM & TMd21 | SOL & IC",22.2226389698235
2542,237.812279619588,9,28,28,14,28,"TM & TMd21 | SOL | IC","TM & SOL | TMd21 & IC",22.2305627350683
2661,237.81579548308,9,28,28,14,28,"TM | TMd21 & IC | SOL","TM & SOL & IC | TMd21",22.2340785985609
3373,237.820838273185,11,14,28,28,28,"TM | TMd21 | SOL | IC","TM | TMd21 & IC | SOL",22.2391213886656
1672,237.829716297509,8,28,28,28,14,"TM & SOL | TMd21 & IC","TM & SOL | TMd21 & IC",22.2479994129895
2644,237.838999408375,9,28,28,14,28,"TM & IC | TMd21 | SOL","TM & TMd21 | SOL & IC",22.2572825238557
3150,237.846024114898,12,28,14,28,28,"TM | TMd21 | SOL | IC","TM | TMd21 | SOL | IC",22.2643072303782
2659,237.84734040463,9,28,28,14,28,"TM | TMd21 & IC | SOL","TM & TMd21 | SOL & IC",22.2656235201102
2539,237.853408707337,9,28,28,14,28,"TM & TMd21 | SOL | IC","TM & TMd21 | SOL & IC",22.2716918228171
2519,237.858753681072,9,28,28,14,28,"TM & TMd21 & IC | SOL","TM | TMd21 | SOL & IC",22.2770367965525
1219,237.868626405543,8,28,14,28,14,"TM & SOL | TMd21 & IC","TM & TMd21 | SOL & IC",22.2869095210241
3201,237.882222976394,8,14,28,28,28,"TM & TMd21 | SOL & IC","TM & SOL & IC | TMd21",22.3005060918748
3345,237.886339807377,11,14,28,28,28,"TM | TMd21 & IC | SOL","TM | TMd21 | SOL | IC",22.3046229228575
2686,237.903124469567,9,28,28,14,28,"TM | TMd21 | SOL | IC","TM & TMd21 & SOL & IC",22.3214075850472
2545,237.912701860772,9,28,28,14,28,"TM & TMd21 | SOL | IC","TM | TMd21 & SOL & IC",22.3309849762526
3219,237.91661868995,9,14,28,28,28,"TM & TMd21 | SOL | IC","TM & IC | TMd21 & SOL",22.3349018054309
2541,237.920506560012,9,28,28,14,28,"TM & TMd21 | SOL | IC","TM & SOL & IC | TMd21",22.3387896754922
3177,237.921079077339,9,14,28,28,28,"TM & TMd21 & SOL | IC","TM & IC | TMd21 | SOL",22.3393621928192
3176,237.924928030588,9,14,28,28,28,"TM & TMd21 & SOL | IC","TM | TMd21 & SOL | IC",22.3432111460687
1217,237.960376864732,8,28,14,28,14,"TM & SOL | TMd21 & IC","TM & TMd21 & SOL | IC",22.3786599802125
2650,237.962835426795,9,28,28,14,28,"TM & IC | TMd21 | SOL","TM | TMd21 & SOL & IC",22.3811185422754
2996,237.981452707303,10,28,14,28,28,"TM & TMd21 | SOL | IC","TM | TMd21 & SOL | IC",22.399735822784
2646,237.997252656751,9,28,28,14,28,"TM & IC | TMd21 | SOL","TM & SOL & IC | TMd21",22.4155357722312
3315,238.000086917092,11,14,28,28,28,"TM | TMd21 & SOL | IC","TM | TMd21 | SOL | IC",22.4183700325724
2665,238.012249227821,9,28,28,14,28,"TM | TMd21 & IC | SOL","TM | TMd21 & SOL & IC",22.4305323433018
2664,238.019398865131,9,28,28,14,28,"TM | TMd21 & IC | SOL","TM & IC | TMd21 & SOL",22.4376819806115
2657,238.020458238135,9,28,28,14,28,"TM | TMd21 & IC | SOL","TM & TMd21 & SOL | IC",22.4387413536161
1306,238.042401292731,8,28,14,28,14,"TM | TMd21 & IC | SOL","TM & TMd21 & SOL & IC",22.4606844082118
3342,238.043888055117,10,14,28,28,28,"TM | TMd21 & IC | SOL","TM & IC | TMd21 | SOL",22.4621711705981
2516,238.052107915924,9,28,28,14,28,"TM & TMd21 & IC | SOL","TM | TMd21 & SOL | IC",22.4703910314044
3090,238.062544218027,11,28,14,28,28,"TM | TMd21 & SOL | IC","TM | TMd21 | SOL | IC",22.4808273335077
1231,238.063376342647,8,28,14,28,14,"TM & SOL | TMd21 | IC","TM & TMd21 & SOL & IC",22.4816594581278
3363,238.065132379973,10,14,28,28,28,"TM | TMd21 | SOL | IC","TM & TMd21 & IC | SOL",22.4834154954541
2513,238.085120868043,9,28,28,14,28,"TM & TMd21 & IC | SOL","TM & SOL | TMd21 | IC",22.5034039835235
1218,238.090411196093,8,28,14,28,14,"TM & SOL | TMd21 & IC","TM & TMd21 & IC | SOL",22.5086943115738
3264,238.102800639673,9,14,28,28,28,"TM & SOL | TMd21 | IC","TM & IC | TMd21 & SOL",22.5210837551536
2642,238.113394052354,9,28,28,14,28,"TM & IC | TMd21 | SOL","TM & TMd21 & SOL | IC",22.5316771678351
1221,238.127348984275,8,28,14,28,14,"TM & SOL | TMd21 & IC","TM & SOL & IC | TMd21",22.5456320997557
2647,238.12775170906,9,28,28,14,28,"TM & IC | TMd21 | SOL","TM & SOL | TMd21 & IC",22.5460348245409
3371,238.127850259342,11,14,28,28,28,"TM | TMd21 | SOL | IC","TM | TMd21 & SOL | IC",22.5461333748223
2994,238.141659562736,9,28,14,28,28,"TM & TMd21 | SOL | IC","TM & IC | TMd21 & SOL",22.5599426782168
3335,238.175912269751,10,14,28,28,28,"TM | TMd21 & IC | SOL","TM & TMd21 | SOL | IC",22.5941953852311
1224,238.179604986624,8,28,14,28,14,"TM & SOL | TMd21 & IC","TM & IC | TMd21 & SOL",22.5978881021042
2494,238.191780641022,8,28,28,14,28,"TM & TMd21 & SOL | IC","TM & TMd21 | SOL & IC",22.6100637565022
3353,238.203036258518,10,14,28,28,28,"TM | TMd21 | SOL & IC","TM & SOL | TMd21 | IC",22.6213193739988
3366,238.297252632492,10,14,28,28,28,"TM | TMd21 | SOL | IC","TM & SOL & IC | TMd21",22.7155357479728
3357,238.302516020253,10,14,28,28,28,"TM | TMd21 | SOL & IC","TM & IC | TMd21 | SOL",22.7207991357334
3312,238.306396979662,10,14,28,28,28,"TM | TMd21 & SOL | IC","TM & IC | TMd21 | SOL",22.7246800951427
3000,238.360690314726,11,28,14,28,28,"TM & TMd21 | SOL | IC","TM | TMd21 | SOL | IC",22.7789734302071
3350,238.375053029364,10,14,28,28,28,"TM | TMd21 | SOL & IC","TM & TMd21 | SOL | IC",22.7933361448444
1704,238.383029642083,8,28,28,28,14,"TM & IC | TMd21 & SOL","TM & IC | TMd21 & SOL",22.8013127575636
3364,238.404104599823,10,14,28,28,28,"TM | TMd21 | SOL | IC","TM & TMd21 | SOL & IC",22.8223877153032
1228,238.432250137027,9,28,14,28,14,"TM & SOL | TMd21 & IC","TM | TMd21 & IC | SOL",22.8505332525081
3369,238.432933681282,10,14,28,28,28,"TM | TMd21 | SOL | IC","TM & IC | TMd21 & SOL",22.8512167967622
3178,238.452752236026,9,14,28,28,28,"TM & TMd21 & SOL | IC","TM | TMd21 & IC | SOL",22.8710353515063
3193,238.498786078307,9,14,28,28,28,"TM & TMd21 & IC | SOL","TM | TMd21 & IC | SOL",22.9170691937877
1312,238.5122018773,9,28,14,28,14,"TM | TMd21 & IC | SOL","TM & SOL | TMd21 & IC",22.9304849927802
1223,238.527001922783,9,28,14,28,14,"TM & SOL | TMd21 & IC","TM & SOL | TMd21 | IC",22.945285038264
1237,238.533350152666,9,28,14,28,14,"TM & SOL | TMd21 | IC","TM & SOL | TMd21 & IC",22.9516332681463
2692,238.536184668745,10,28,28,14,28,"TM | TMd21 | SOL | IC","TM & SOL | TMd21 & IC",22.9544677842252
3360,238.552643001738,11,14,28,28,28,"TM | TMd21 | SOL & IC","TM | TMd21 | SOL | IC",22.9709261172184
3209,238.579302551063,9,14,28,28,28,"TM & TMd21 | SOL & IC","TM | TMd21 | SOL & IC",22.9975856665432
3374,238.581916927783,11,14,28,28,28,"TM | TMd21 | SOL | IC","TM | TMd21 | SOL & IC",23.0002000432632
3020,238.593765431018,9,28,14,28,28,"TM & SOL | TMd21 & IC","TM & TMd21 | SOL | IC",23.012048546499
2663,238.600946333244,10,28,28,14,28,"TM | TMd21 & IC | SOL","TM & SOL | TMd21 | IC",23.0192294487248
3206,238.603350191723,9,14,28,28,28,"TM & TMd21 | SOL & IC","TM | TMd21 & SOL | IC",23.0216333072041
3208,238.64647657011,9,14,28,28,28,"TM & TMd21 | SOL & IC","TM | TMd21 & IC | SOL",23.0647596855904
3220,238.655375362808,9,14,28,28,28,"TM & TMd21 | SOL | IC","TM | TMd21 & SOL & IC",23.0736584782888
3239,238.665542737836,9,14,28,28,28,"TM & SOL & IC | TMd21","TM | TMd21 | SOL & IC",23.0838258533169
3254,238.683542010274,9,14,28,28,28,"TM & SOL | TMd21 & IC","TM | TMd21 | SOL & IC",23.1018251257544
1587,238.697450766897,8,28,28,28,14,"TM & TMd21 & SOL & IC","TM & IC | TMd21 | SOL",23.1157338823772
3283,238.708311802948,9,14,28,28,28,"TM & IC | TMd21 & SOL","TM | TMd21 & IC | SOL",23.1265949184284
3368,238.723545472525,11,14,28,28,28,"TM | TMd21 | SOL | IC","TM & SOL | TMd21 | IC",23.1418285880053
1659,238.736878658731,8,28,28,28,14,"TM & SOL & IC | TMd21","TM & IC | TMd21 & SOL",23.1551617742117
1479,238.737639123319,8,14,28,28,14,"TM & IC | TMd21 & SOL","TM & IC | TMd21 & SOL",23.1559222387996
3165,238.738754688124,9,14,28,28,28,"TM & TMd21 & SOL & IC","TM | TMd21 | SOL | IC",23.1570378036051
3179,238.743893278033,9,14,28,28,28,"TM & TMd21 & SOL | IC","TM | TMd21 | SOL & IC",23.1621763935137
2493,238.762791081946,8,28,28,14,28,"TM & TMd21 & SOL | IC","TM & TMd21 & IC | SOL",23.1810741974263
3284,238.76634840325,9,14,28,28,28,"TM & IC | TMd21 & SOL","TM | TMd21 | SOL & IC",23.1846315187308
2568,238.767597589003,8,28,28,14,28,"TM & SOL | TMd21 & IC","TM & TMd21 & IC | SOL",23.1858807044837
3194,238.777671490717,9,14,28,28,28,"TM & TMd21 & IC | SOL","TM | TMd21 | SOL & IC",23.1959546061976
3238,238.78347990971,9,14,28,28,28,"TM & SOL & IC | TMd21","TM | TMd21 & IC | SOL",23.2017630251908
2966,238.783634090673,9,28,14,28,28,"TM & TMd21 & IC | SOL","TM | TMd21 & SOL | IC",23.2019172061534
3265,238.796560972396,9,14,28,28,28,"TM & SOL | TMd21 | IC","TM | TMd21 & SOL & IC",23.214844087877
2977,238.826040405852,8,28,14,28,28,"TM & TMd21 | SOL & IC","TM & SOL | TMd21 & IC",23.2443235213326
3236,238.846735922751,9,14,28,28,28,"TM & SOL & IC | TMd21","TM | TMd21 & SOL | IC",23.2650190382318
3114,238.847600707458,9,28,14,28,28,"TM | TMd21 & IC | SOL","TM & IC | TMd21 & SOL",23.2658838229389
3325,238.857280402897,9,14,28,28,28,"TM & IC | TMd21 | SOL","TM | TMd21 & SOL & IC",23.2755635183774
1696,238.864762435509,7,28,28,28,14,"TM & IC | TMd21 & SOL","TM & TMd21 & SOL & IC",23.2830455509892
1717,238.866671985845,8,28,28,28,14,"TM | TMd21 & SOL & IC","TM & SOL | TMd21 & IC",23.2849551013255
1614,238.870440957209,8,28,28,28,14,"TM & TMd21 & IC | SOL","TM & IC | TMd21 & SOL",23.2887240726894
3281,238.881303019945,9,14,28,28,28,"TM & IC | TMd21 & SOL","TM | TMd21 & SOL | IC",23.2995861354256
3191,238.882522176555,9,14,28,28,28,"TM & TMd21 & IC | SOL","TM | TMd21 & SOL | IC",23.3008052920352
2601,238.891440603194,8,28,28,14,28,"TM & IC | TMd21 & SOL","TM & SOL & IC | TMd21",23.3097237186749
3267,238.892856976928,10,14,28,28,28,"TM & SOL | TMd21 | IC","TM & IC | TMd21 | SOL",23.3111400924085
3251,238.912655691848,9,14,28,28,28,"TM & SOL | TMd21 & IC","TM | TMd21 & SOL | IC",23.3309388073291
2700,238.925314572109,12,28,28,14,28,"TM | TMd21 | SOL | IC","TM | TMd21 | SOL | IC",23.3435976875898
3268,238.976842580004,10,14,28,28,28,"TM & SOL | TMd21 | IC","TM | TMd21 & IC | SOL",23.3951256954849
2598,238.980133582991,8,28,28,14,28,"TM & IC | TMd21 & SOL","TM & TMd21 & IC | SOL",23.3984166984712
1588,239.013429889699,8,28,28,28,14,"TM & TMd21 & SOL & IC","TM | TMd21 & IC | SOL",23.4317130051797
2480,239.023903830389,8,28,28,14,28,"TM & TMd21 & SOL & IC","TM & TMd21 | SOL | IC",23.4421869458699
3260,239.027045807035,10,14,28,28,28,"TM & SOL | TMd21 | IC","TM & TMd21 | SOL | IC",23.4453289225153
3255,239.041484965875,10,14,28,28,28,"TM & SOL | TMd21 & IC","TM | TMd21 | SOL | IC",23.4597680813557
2523,239.051669546101,8,28,28,14,28,"TM & TMd21 | SOL & IC","TM & TMd21 & IC | SOL",23.4699526615815
2613,239.052857980213,8,28,28,14,28,"TM | TMd21 & SOL & IC","TM & TMd21 & IC | SOL",23.4711410956937
2488,239.074630591135,8,28,28,14,28,"TM & TMd21 & SOL & IC","TM | TMd21 & IC | SOL",23.4929137066161
2487,239.093908432985,8,28,28,14,28,"TM & TMd21 & SOL & IC","TM & IC | TMd21 | SOL",23.5121915484652
1471,239.094875233271,7,14,28,28,14,"TM & IC | TMd21 & SOL","TM & TMd21 & SOL & IC",23.513158348752
2553,239.105942881544,8,28,28,14,28,"TM & SOL & IC | TMd21","TM & TMd21 & IC | SOL",23.5242259970242
2546,239.125974348204,10,28,28,14,28,"TM & TMd21 | SOL | IC","TM | TMd21 & SOL | IC",23.5442574636845
1653,239.137098875205,8,28,28,28,14,"TM & SOL & IC | TMd21","TM & TMd21 & IC | SOL",23.555381990686
2543,239.157182906715,10,28,28,14,28,"TM & TMd21 | SOL | IC","TM & SOL | TMd21 | IC",23.5754660221957
2687,239.165014283053,10,28,28,14,28,"TM | TMd21 | SOL | IC","TM & TMd21 & SOL | IC",23.5832973985336
1612,239.213775390816,8,28,28,28,14,"TM & TMd21 & IC | SOL","TM & SOL | TMd21 & IC",23.6320585062966
3107,239.220246694834,9,28,14,28,28,"TM | TMd21 & IC | SOL","TM & TMd21 & SOL | IC",23.6385298103145
1232,239.23626906366,9,28,14,28,14,"TM & SOL | TMd21 | IC","TM & TMd21 & SOL | IC",23.6545521791409
3110,239.303300123997,10,28,14,28,28,"TM | TMd21 & IC | SOL","TM & TMd21 | SOL | IC",23.7215832394775
3026,239.356781318482,9,28,14,28,28,"TM & SOL | TMd21 & IC","TM | TMd21 & SOL | IC",23.7750644339626
2694,239.362660397802,10,28,28,14,28,"TM | TMd21 | SOL | IC","TM & IC | TMd21 & SOL",23.7809435132822
1315,239.405070630652,9,28,14,28,14,"TM | TMd21 & IC | SOL","TM | TMd21 & SOL & IC",23.8233537461328
3120,239.414383745439,11,28,14,28,28,"TM | TMd21 & IC | SOL","TM | TMd21 | SOL | IC",23.8326668609195
3259,239.42279264907,9,14,28,28,28,"TM & SOL | TMd21 | IC","TM & TMd21 | SOL & IC",23.8410757645508
2590,239.433075061093,9,28,28,14,28,"TM & SOL | TMd21 | IC","TM | TMd21 & SOL & IC",23.851358176574
2576,239.483182618502,9,28,28,14,28,"TM & SOL | TMd21 & IC","TM | TMd21 & SOL | IC",23.9014657339822
1236,239.491978707415,9,28,14,28,14,"TM & SOL | TMd21 | IC","TM & SOL & IC | TMd21",23.910261822896
1132,239.494904012704,7,28,14,28,14,"TM & TMd21 & SOL & IC","TM & SOL | TMd21 & IC",23.9131871281848
3049,239.5028646608,8,28,14,28,28,"TM & IC | TMd21 & SOL","TM & TMd21 | SOL & IC",23.921147776281
2579,239.513648624306,9,28,28,14,28,"TM & SOL | TMd21 & IC","TM | TMd21 | SOL & IC",23.931931739787
2651,239.515705424178,10,28,28,14,28,"TM & IC | TMd21 | SOL","TM | TMd21 & SOL | IC",23.9339885396581
3230,239.523589877455,9,14,28,28,28,"TM & SOL & IC | TMd21","TM & TMd21 | SOL | IC",23.9418729929358
2578,239.52546462599,9,28,28,14,28,"TM & SOL | TMd21 & IC","TM | TMd21 & IC | SOL",23.9437477414703
3319,239.532802067483,9,14,28,28,28,"TM & IC | TMd21 | SOL","TM & TMd21 | SOL & IC",23.9510851829635
3365,239.563097646464,11,14,28,28,28,"TM | TMd21 | SOL | IC","TM & TMd21 | SOL | IC",23.9813807619441
1226,239.577748793642,9,28,14,28,14,"TM & SOL | TMd21 & IC","TM | TMd21 & SOL | IC",23.9960319091227
1678,239.612664800108,9,28,28,28,14,"TM & SOL | TMd21 & IC","TM | TMd21 & IC | SOL",24.0309479155887
1240,239.673535165643,9,28,14,28,14,"TM & SOL | TMd21 | IC","TM | TMd21 & SOL & IC",24.0918182811239
3207,239.687124044553,9,14,28,28,28,"TM & TMd21 | SOL & IC","TM & IC | TMd21 | SOL",24.1054071600337
1762,239.692222699955,9,28,28,28,14,"TM | TMd21 & IC | SOL","TM & SOL | TMd21 & IC",24.1105058154359
2559,239.711831912571,8,28,28,14,28,"TM & SOL & IC | TMd21","TM & IC | TMd21 & SOL",24.1301150280515
1146,239.715045294236,8,28,14,28,14,"TM & TMd21 & SOL | IC","TM & SOL & IC | TMd21",24.133328409717
1229,239.733888250926,9,28,14,28,14,"TM & SOL | TMd21 & IC","TM | TMd21 | SOL & IC",24.1521713664065
3375,239.734462025157,12,14,28,28,28,"TM | TMd21 | SOL | IC","TM | TMd21 | SOL | IC",24.1527451406378
3180,239.741350171895,10,14,28,28,28,"TM & TMd21 & SOL | IC","TM | TMd21 | SOL | IC",24.1596332873758
3272,239.745178572267,8,14,28,28,28,"TM & IC | TMd21 & SOL","TM & TMd21 & SOL | IC",24.1634616877472
1202,239.771742404719,8,28,14,28,14,"TM & SOL & IC | TMd21","TM & TMd21 & SOL | IC",24.1900255201996
2654,239.772224677498,10,28,28,14,28,"TM & IC | TMd21 | SOL","TM | TMd21 | SOL & IC",24.1905077929788
2691,239.772329766047,10,28,28,14,28,"TM | TMd21 | SOL | IC","TM & SOL & IC | TMd21",24.190612881528
3221,239.781178674283,10,14,28,28,28,"TM & TMd21 | SOL | IC","TM | TMd21 & SOL | IC",24.1994617897637
874,239.786969437943,9,28,28,14,14,"TM | TMd21 | SOL & IC","TM & TMd21 | SOL & IC",24.2052525534235
739,239.79399882617,9,28,28,14,14,"TM & TMd21 | SOL | IC","TM & TMd21 | SOL & IC",24.2122819416503
734,239.802810835929,9,28,28,14,14,"TM & TMd21 | SOL & IC","TM | TMd21 | SOL & IC",24.2210939514093
725,239.803217670749,9,28,28,14,14,"TM & TMd21 | SOL & IC","TM & TMd21 | SOL | IC",24.2215007862295
2669,239.815584158568,10,28,28,14,28,"TM | TMd21 & IC | SOL","TM | TMd21 | SOL & IC",24.2338672740488
1307,239.822995327692,9,28,14,28,14,"TM | TMd21 & IC | SOL","TM & TMd21 & SOL | IC",24.2412784431725
2689,239.835879780268,10,28,28,14,28,"TM | TMd21 | SOL | IC","TM & TMd21 | SOL & IC",24.2541628957488
1234,239.837084179976,9,28,14,28,14,"TM & SOL | TMd21 | IC","TM & TMd21 | SOL & IC",24.2553672954562
2549,239.851851025344,10,28,28,14,28,"TM & TMd21 | SOL | IC","TM | TMd21 | SOL & IC",24.2701341408243
1309,239.86364331688,9,28,14,28,14,"TM | TMd21 & IC | SOL","TM & TMd21 | SOL & IC",24.2819264323606
1239,239.864654630995,9,28,14,28,14,"TM & SOL | TMd21 | IC","TM & IC | TMd21 & SOL",24.2829377464757
1220,239.867421356051,9,28,14,28,14,"TM & SOL | TMd21 & IC","TM & TMd21 | SOL | IC",24.2857044715321
3216,239.871869322104,9,14,28,28,28,"TM & TMd21 | SOL | IC","TM & SOL & IC | TMd21",24.2901524375849
1666,239.87209159342,7,28,28,28,14,"TM & SOL | TMd21 & IC","TM & TMd21 & SOL & IC",24.2903747089004
3203,239.879058212974,9,14,28,28,28,"TM & TMd21 | SOL & IC","TM & SOL | TMd21 | IC",24.2973413284544
2695,239.894910621899,10,28,28,14,28,"TM | TMd21 | SOL | IC","TM | TMd21 & SOL & IC",24.3131937373797
3222,239.912415397746,10,14,28,28,28,"TM & TMd21 | SOL | IC","TM & IC | TMd21 | SOL",24.3306985132267
3266,239.914837328051,10,14,28,28,28,"TM & SOL | TMd21 | IC","TM | TMd21 & SOL | IC",24.3331204435316
1336,239.926055423523,9,28,14,28,14,"TM | TMd21 | SOL | IC","TM & TMd21 & SOL & IC",24.3443385390036
1233,239.974088701581,9,28,14,28,14,"TM & SOL | TMd21 | IC","TM & TMd21 & IC | SOL",24.3923718170615
1314,239.975452677821,9,28,14,28,14,"TM | TMd21 & IC | SOL","TM & IC | TMd21 & SOL",24.3937357933017
1311,239.990065514653,9,28,14,28,14,"TM | TMd21 & IC | SOL","TM & SOL & IC | TMd21",24.4083486301335
2648,239.993602844667,10,28,28,14,28,"TM & IC | TMd21 | SOL","TM & SOL | TMd21 | IC",24.4118859601477
2666,240.012036260461,10,28,28,14,28,"TM | TMd21 & IC | SOL","TM | TMd21 & SOL | IC",24.4303193759413
1308,240.022624646829,9,28,14,28,14,"TM | TMd21 & IC | SOL","TM & TMd21 & IC | SOL",24.4409077623101
1227,240.039809158072,9,28,14,28,14,"TM & SOL | TMd21 & IC","TM & IC | TMd21 | SOL",24.4580922735524
3372,240.043324400273,11,14,28,28,28,"TM | TMd21 | SOL | IC","TM & IC | TMd21 | SOL",24.4616075157537
1617,240.044201531364,9,28,28,28,14,"TM & TMd21 & IC | SOL","TM & IC | TMd21 | SOL",24.4624846468442
1713,240.04713629998,8,28,28,28,14,"TM | TMd21 & SOL & IC","TM & TMd21 & IC | SOL",24.4654194154606
2584,240.056747945942,9,28,28,14,28,"TM & SOL | TMd21 | IC","TM & TMd21 | SOL & IC",24.4750310614223
2495,240.087435099724,9,28,28,14,28,"TM & TMd21 & SOL | IC","TM & TMd21 | SOL | IC",24.5057182152046
2629,240.180672482174,9,28,28,14,28,"TM | TMd21 & SOL | IC","TM & TMd21 | SOL & IC",24.5989555976551
3019,240.185749057759,8,28,14,28,28,"TM & SOL | TMd21 & IC","TM & TMd21 | SOL & IC",24.6040321732396
2504,240.190170960022,9,28,28,14,28,"TM & TMd21 & SOL | IC","TM | TMd21 | SOL & IC",24.6084540755027
1579,240.196989187534,7,28,28,28,14,"TM & TMd21 & SOL & IC","TM & TMd21 | SOL & IC",24.6152723030151
1707,240.201330909354,9,28,28,28,14,"TM & IC | TMd21 & SOL","TM & IC | TMd21 | SOL",24.6196140248346
3187,240.212647232693,8,14,28,28,28,"TM & TMd21 & IC | SOL","TM & SOL | TMd21 & IC",24.6309303481733
3223,240.253662786719,10,14,28,28,28,"TM & TMd21 | SOL | IC","TM | TMd21 & IC | SOL",24.6719459021993
2979,240.28025991722,8,28,14,28,28,"TM & TMd21 | SOL & IC","TM & IC | TMd21 & SOL",24.6985430327009
1698,240.282042681738,8,28,28,28,14,"TM & IC | TMd21 & SOL","TM & TMd21 & IC | SOL",24.7003257972187
1230,240.308763573484,10,28,14,28,14,"TM & SOL | TMd21 & IC","TM | TMd21 | SOL | IC",24.7270466889642
1243,240.315117602703,10,28,14,28,14,"TM & SOL | TMd21 | IC","TM | TMd21 & IC | SOL",24.7334007181835
1749,240.325822713201,9,28,28,28,14,"TM & IC | TMd21 | SOL","TM & IC | TMd21 & SOL",24.7441058286819
1618,240.340000193838,9,28,28,28,14,"TM & TMd21 & IC | SOL","TM | TMd21 & IC | SOL",24.7582833093184
2522,240.346945500054,8,28,28,14,28,"TM & TMd21 | SOL & IC","TM & TMd21 & SOL | IC",24.7652286155349
1318,240.385175548107,10,28,14,28,14,"TM | TMd21 & IC | SOL","TM | TMd21 & IC | SOL",24.8034586635871
1313,240.388756626995,10,28,14,28,14,"TM | TMd21 & IC | SOL","TM & SOL | TMd21 | IC",24.8070397424757
1342,240.395108529911,10,28,14,28,14,"TM | TMd21 | SOL | IC","TM & SOL | TMd21 & IC",24.8133916453919
721,240.42555061793,7,28,28,14,14,"TM & TMd21 | SOL & IC","TM & TMd21 & SOL & IC",24.8438337334111
3195,240.445949739291,10,14,28,28,28,"TM & TMd21 & IC | SOL","TM | TMd21 | SOL | IC",24.8642328547712
2693,240.450784386369,11,28,28,14,28,"TM | TMd21 | SOL | IC","TM & SOL | TMd21 | IC",24.8690675018495
3328,240.463609082945,10,14,28,28,28,"TM & IC | TMd21 | SOL","TM | TMd21 & IC | SOL",24.8818921984254
1238,240.522533967197,10,28,14,28,14,"TM & SOL | TMd21 | IC","TM & SOL | TMd21 | IC",24.9408170826778
2607,240.524580212791,9,28,28,14,28,"TM & IC | TMd21 & SOL","TM & IC | TMd21 | SOL",24.9428633282717
3210,240.540102695227,10,14,28,28,28,"TM & TMd21 | SOL & IC","TM | TMd21 | SOL | IC",24.9583858107073
1509,240.551100594281,9,14,28,28,14,"TM | TMd21 & SOL | IC","TM & IC | TMd21 & SOL",24.9693837097615
1482,240.556209883315,9,14,28,28,14,"TM & IC | TMd21 & SOL","TM & IC | TMd21 | SOL",24.9744929987953
1481,240.564229671744,9,14,28,28,14,"TM & IC | TMd21 & SOL","TM | TMd21 & SOL | IC",24.9825127872243
3224,240.568892297945,10,14,28,28,28,"TM & TMd21 | SOL | IC","TM | TMd21 | SOL & IC",24.9871754134255
2577,240.578535340519,9,28,28,14,28,"TM & SOL | TMd21 & IC","TM & IC | TMd21 | SOL",24.9968184559998
3116,240.583889338169,10,28,14,28,28,"TM | TMd21 & IC | SOL","TM | TMd21 & SOL | IC",25.0021724536493
3269,240.604470191615,10,14,28,28,28,"TM & SOL | TMd21 | IC","TM | TMd21 | SOL & IC",25.0227533070956
3240,240.62635702539,10,14,28,28,28,"TM & SOL & IC | TMd21","TM | TMd21 | SOL | IC",25.0446401408705
2583,240.65160429788,9,28,28,14,28,"TM & SOL | TMd21 | IC","TM & TMd21 & IC | SOL",25.0698874133604
3329,240.663639586024,10,14,28,28,28,"TM & IC | TMd21 | SOL","TM | TMd21 | SOL & IC",25.0819227015049
2631,240.669124539312,9,28,28,14,28,"TM | TMd21 & SOL | IC","TM & SOL & IC | TMd21",25.0874076547924
1524,240.680517020797,9,14,28,28,14,"TM & IC | TMd21 | SOL","TM & IC | TMd21 & SOL",25.0988001362776
1662,240.695171215036,9,28,28,28,14,"TM & SOL & IC | TMd21","TM & IC | TMd21 | SOL",25.113454330517
3285,240.698458573412,10,14,28,28,28,"TM & IC | TMd21 & SOL","TM | TMd21 | SOL | IC",25.1167416888921
2617,240.708575062827,8,28,28,14,28,"TM | TMd21 & SOL & IC","TM & SOL | TMd21 & IC",25.1268581783072
1263,240.709719401272,8,28,14,28,14,"TM | TMd21 & SOL & IC","TM & TMd21 & IC | SOL",25.128002516753
1476,240.710008762628,8,14,28,28,14,"TM & IC | TMd21 & SOL","TM & SOL & IC | TMd21",25.1282918781091
2502,240.726222971811,9,28,28,14,28,"TM & TMd21 & SOL | IC","TM & IC | TMd21 | SOL",25.1445060872911
1611,240.729872088423,8,28,28,28,14,"TM & TMd21 & IC | SOL","TM & SOL & IC | TMd21",25.1481552039033
2603,240.736706056235,9,28,28,14,28,"TM & IC | TMd21 & SOL","TM & SOL | TMd21 | IC",25.1549891717152
1474,240.739165616677,8,14,28,28,14,"TM & IC | TMd21 & SOL","TM & TMd21 | SOL & IC",25.1574487321579
2503,240.750105325375,9,28,28,14,28,"TM & TMd21 & SOL | IC","TM | TMd21 & IC | SOL",25.1683884408552
2628,240.75797896152,9,28,28,14,28,"TM | TMd21 & SOL | IC","TM & TMd21 & IC | SOL",25.1762620770001
738,240.764968822652,9,28,28,14,14,"TM & TMd21 | SOL | IC","TM & TMd21 & IC | SOL",25.1832519381326
1472,240.765477591043,8,14,28,28,14,"TM & IC | TMd21 & SOL","TM & TMd21 & SOL | IC",25.1837607065238
2570,240.767385269067,9,28,28,14,28,"TM & SOL | TMd21 & IC","TM & TMd21 | SOL | IC",25.1856683845478
1723,240.80493514496,9,28,28,28,14,"TM | TMd21 & SOL & IC","TM | TMd21 & IC | SOL",25.2232182604405
1741,240.80814652955,8,28,28,28,14,"TM & IC | TMd21 | SOL","TM & TMd21 & SOL & IC",25.2264296450309
1743,240.812728792068,9,28,28,28,14,"TM & IC | TMd21 | SOL","TM & TMd21 & IC | SOL",25.231011907549
3326,240.82373546339,10,14,28,28,28,"TM & IC | TMd21 | SOL","TM | TMd21 & SOL | IC",25.2420185788711
2608,240.828207213022,9,28,28,14,28,"TM & IC | TMd21 & SOL","TM | TMd21 & IC | SOL",25.2464903285023
1701,240.860691602489,8,28,28,28,14,"TM & IC | TMd21 & SOL","TM & SOL & IC | TMd21",25.2789747179696
2609,240.875077934679,9,28,28,14,28,"TM & IC | TMd21 & SOL","TM | TMd21 | SOL & IC",25.2933610501596
3270,240.891599637983,11,14,28,28,28,"TM & SOL | TMd21 | IC","TM | TMd21 | SOL | IC",25.3098827534635
1501,240.900106676807,8,14,28,28,14,"TM | TMd21 & SOL | IC","TM & TMd21 & SOL & IC",25.318389792288
1241,240.937311481596,10,28,14,28,14,"TM & SOL | TMd21 | IC","TM | TMd21 & SOL | IC",25.3555945970768
1148,240.940104594889,9,28,14,28,14,"TM & TMd21 & SOL | IC","TM & SOL | TMd21 | IC",25.3583877103695
2600,240.962014795509,9,28,28,14,28,"TM & IC | TMd21 & SOL","TM & TMd21 | SOL | IC",25.3802979109897
2622,240.991443877758,9,28,28,14,28,"TM | TMd21 & SOL & IC","TM & IC | TMd21 | SOL",25.4097269932386
2562,240.99938098204,9,28,28,14,28,"TM & SOL & IC | TMd21","TM & IC | TMd21 | SOL",25.4176640975209
2555,241.001307086898,9,28,28,14,28,"TM & SOL & IC | TMd21","TM & TMd21 | SOL | IC",25.4195902023789
2525,241.01150359859,9,28,28,14,28,"TM & TMd21 | SOL & IC","TM & TMd21 | SOL | IC",25.4297867140702
2615,241.012219825763,9,28,28,14,28,"TM | TMd21 & SOL & IC","TM & TMd21 | SOL | IC",25.4305029412437
1480,241.017232652348,8,14,28,28,14,"TM & IC | TMd21 & SOL","TM | TMd21 & SOL & IC",25.4355157678287
2490,241.022360704922,9,28,28,14,28,"TM & TMd21 & SOL & IC","TM | TMd21 | SOL | IC",25.4406438204026
1615,241.034233114458,8,28,28,28,14,"TM & TMd21 & IC | SOL","TM | TMd21 & SOL & IC",25.4525162299384
2673,241.034376827782,9,28,28,14,28,"TM | TMd21 | SOL & IC","TM & TMd21 & IC | SOL",25.4526599432627
2623,241.037196014404,9,28,28,14,28,"TM | TMd21 & SOL & IC","TM | TMd21 & IC | SOL",25.4554791298844
1516,241.038313818174,8,14,28,28,14,"TM & IC | TMd21 | SOL","TM & TMd21 & SOL & IC",25.4565969336544
2533,241.045835904094,9,28,28,14,28,"TM & TMd21 | SOL & IC","TM | TMd21 & IC | SOL",25.4641190195742
1473,241.046401751012,8,14,28,28,14,"TM & IC | TMd21 & SOL","TM & TMd21 & IC | SOL",25.4646848664925
2532,241.051669192737,9,28,28,14,28,"TM & TMd21 | SOL & IC","TM & IC | TMd21 | SOL",25.4699523082178
2696,241.051983188858,11,28,28,14,28,"TM | TMd21 | SOL | IC","TM | TMd21 & SOL | IC",25.4702663043383
2563,241.064860553701,9,28,28,14,28,"TM & SOL & IC | TMd21","TM | TMd21 & IC | SOL",25.4831436691818
1668,241.066710073927,8,28,28,28,14,"TM & SOL | TMd21 & IC","TM & TMd21 & IC | SOL",25.4849931894081
1477,241.086143795239,8,14,28,28,14,"TM & IC | TMd21 & SOL","TM & SOL | TMd21 & IC",25.5044269107194
1235,241.090599011675,10,28,14,28,14,"TM & SOL | TMd21 | IC","TM & TMd21 | SOL | IC",25.5088821271561
1337,241.098452913603,10,28,14,28,14,"TM | TMd21 | SOL | IC","TM & TMd21 & SOL | IC",25.5167360290839
2589,241.103716721056,9,28,28,14,28,"TM & SOL | TMd21 | IC","TM & IC | TMd21 & SOL",25.5219998365363
3275,241.13103148951,9,14,28,28,28,"TM & IC | TMd21 & SOL","TM & TMd21 | SOL | IC",25.5493146049911
1578,241.147048381753,7,28,28,28,14,"TM & TMd21 & SOL & IC","TM & TMd21 & IC | SOL",25.5653314972338
1162,241.148546560112,8,28,14,28,14,"TM & TMd21 & IC | SOL","TM & SOL | TMd21 & IC",25.5668296755929
1279,241.174254089741,9,28,14,28,14,"TM | TMd21 & SOL | IC","TM & TMd21 | SOL & IC",25.5925372052217
1244,241.17820682117,10,28,14,28,14,"TM & SOL | TMd21 | IC","TM | TMd21 | SOL & IC",25.596489936651
1207,241.183435869865,8,28,14,28,14,"TM & SOL & IC | TMd21","TM & SOL | TMd21 & IC",25.6017189853454
1329,241.185600290977,9,28,14,28,14,"TM | TMd21 | SOL & IC","TM & IC | TMd21 & SOL",25.6038834064578
1316,241.211576368659,10,28,14,28,14,"TM | TMd21 & IC | SOL","TM | TMd21 & SOL | IC",25.6298594841398
1208,241.232377000888,9,28,14,28,14,"TM & SOL & IC | TMd21","TM & SOL | TMd21 | IC",25.6506601163684
1177,241.244629955905,8,28,14,28,14,"TM & TMd21 | SOL & IC","TM & SOL | TMd21 & IC",25.6629130713852
1138,241.280428438419,8,28,14,28,14,"TM & TMd21 & SOL & IC","TM | TMd21 & IC | SOL",25.6987115539
1345,241.288414017223,10,28,14,28,14,"TM | TMd21 | SOL | IC","TM | TMd21 & SOL & IC",25.7066971327034
2594,241.325918244622,10,28,28,14,28,"TM & SOL | TMd21 | IC","TM | TMd21 | SOL & IC",25.744201360103
1319,241.338150324853,10,28,14,28,14,"TM | TMd21 & IC | SOL","TM | TMd21 | SOL & IC",25.7564334403336
1341,241.354313180149,10,28,14,28,14,"TM | TMd21 | SOL | IC","TM & SOL & IC | TMd21",25.7725962956301
1242,241.35671191222,10,28,14,28,14,"TM & SOL | TMd21 | IC","TM & IC | TMd21 | SOL",25.7749950277006
1133,241.374006366915,8,28,14,28,14,"TM & TMd21 & SOL & IC","TM & SOL | TMd21 | IC",25.7922894823956
740,241.395303259324,10,28,28,14,14,"TM & TMd21 | SOL | IC","TM & TMd21 | SOL | IC",25.8135863748048
2593,241.408866776763,10,28,28,14,28,"TM & SOL | TMd21 | IC","TM | TMd21 & IC | SOL",25.827149892244
2591,241.410616323943,10,28,28,14,28,"TM & SOL | TMd21 | IC","TM | TMd21 & SOL | IC",25.828899439424
1154,241.414313984956,9,28,14,28,14,"TM & TMd21 & SOL | IC","TM | TMd21 | SOL & IC",25.8325971004365
1621,241.41731945782,7,28,28,28,14,"TM & TMd21 | SOL & IC","TM & TMd21 & SOL & IC",25.8356025733005
2580,241.472854795541,10,28,28,14,28,"TM & SOL | TMd21 & IC","TM | TMd21 | SOL | IC",25.8911379110216
1267,241.473769287738,8,28,14,28,14,"TM | TMd21 & SOL & IC","TM & SOL | TMd21 & IC",25.8920524032187
1147,241.481487467725,8,28,14,28,14,"TM & TMd21 & SOL | IC","TM & SOL | TMd21 & IC",25.8997705832052
1191,241.486203055707,9,28,14,28,14,"TM & TMd21 | SOL | IC","TM & SOL & IC | TMd21",25.9044861711874
1211,241.486485142027,9,28,14,28,14,"TM & SOL & IC | TMd21","TM | TMd21 & SOL | IC",25.9047682575078
1252,241.49447087838,8,28,14,28,14,"TM & IC | TMd21 & SOL","TM & SOL | TMd21 & IC",25.912753993861
3320,241.522435482593,10,14,28,28,28,"TM & IC | TMd21 | SOL","TM & TMd21 | SOL | IC",25.9407185980738
1292,241.535761856381,9,28,14,28,14,"TM & IC | TMd21 | SOL","TM & TMd21 & SOL | IC",25.9540449718614
1768,241.565822160851,10,28,28,28,14,"TM | TMd21 & IC | SOL","TM | TMd21 & IC | SOL",25.984105276332
1152,241.573670782172,9,28,14,28,14,"TM & TMd21 & SOL | IC","TM & IC | TMd21 | SOL",25.9919538976525
1205,241.619457045908,9,28,14,28,14,"TM & SOL & IC | TMd21","TM & TMd21 | SOL | IC",26.0377401613886
2561,241.640144317298,9,28,28,14,28,"TM & SOL & IC | TMd21","TM | TMd21 & SOL | IC",26.0584274327789
1758,241.643155845818,9,28,28,28,14,"TM | TMd21 & IC | SOL","TM & TMd21 & IC | SOL",26.061438961299
1281,241.647922524467,9,28,14,28,14,"TM | TMd21 & SOL | IC","TM & SOL & IC | TMd21",26.0662056399477
3217,241.650437637001,9,14,28,28,28,"TM & TMd21 | SOL | IC","TM & SOL | TMd21 & IC",26.0687207524812
1510,241.660244485904,9,14,28,28,14,"TM | TMd21 & SOL | IC","TM | TMd21 & SOL & IC",26.0785276013847
3317,241.688296798053,9,14,28,28,28,"TM & IC | TMd21 | SOL","TM & TMd21 & SOL | IC",26.1065799135341
2679,241.688525859565,9,28,28,14,28,"TM | TMd21 | SOL & IC","TM & IC | TMd21 & SOL",26.1068089750458
3052,241.694851429205,8,28,14,28,28,"TM & IC | TMd21 & SOL","TM & SOL | TMd21 & IC",26.113134544686
1322,241.70841115406,9,28,14,28,14,"TM | TMd21 | SOL & IC","TM & TMd21 & SOL | IC",26.1266942695408
1521,241.716187904065,9,14,28,28,14,"TM & IC | TMd21 | SOL","TM & SOL & IC | TMd21",26.1344710195458
884,241.71717978613,10,28,28,14,14,"TM | TMd21 | SOL & IC","TM | TMd21 | SOL & IC",26.1354629016108
3225,241.735481766215,11,14,28,28,28,"TM & TMd21 | SOL | IC","TM | TMd21 | SOL | IC",26.1537648816954
1756,241.736798624703,8,28,28,28,14,"TM | TMd21 & IC | SOL","TM & TMd21 & SOL & IC",26.1550817401832
3278,241.743039632274,9,14,28,28,28,"TM & IC | TMd21 & SOL","TM & SOL | TMd21 | IC",26.1613227477544
2699,241.765517980716,11,28,28,14,28,"TM | TMd21 | SOL | IC","TM | TMd21 | SOL & IC",26.1838010961962
889,241.776611656288,10,28,28,14,14,"TM | TMd21 | SOL | IC","TM & TMd21 | SOL & IC",26.1948947717687
875,241.785831171547,10,28,28,14,14,"TM | TMd21 | SOL & IC","TM & TMd21 | SOL | IC",26.2041142870274
1339,241.791662014449,10,28,14,28,14,"TM | TMd21 | SOL | IC","TM & TMd21 | SOL & IC",26.2099451299294
749,241.792453740801,10,28,28,14,14,"TM & TMd21 | SOL | IC","TM | TMd21 | SOL & IC",26.2107368562812
735,241.801672644977,10,28,28,14,14,"TM & TMd21 | SOL & IC","TM | TMd21 | SOL | IC",26.2199557604575
1310,241.80773936179,10,28,14,28,14,"TM | TMd21 & IC | SOL","TM & TMd21 | SOL | IC",26.2260224772705
1344,241.846875520288,10,28,14,28,14,"TM | TMd21 | SOL | IC","TM & IC | TMd21 & SOL",26.2651586357685
3218,241.862189977701,10,14,28,28,28,"TM & TMd21 | SOL | IC","TM & SOL | TMd21 | IC",26.2804730931816
1675,241.872075156981,8,28,28,28,14,"TM & SOL | TMd21 & IC","TM | TMd21 & SOL & IC",26.2903582724616
1624,241.887409374163,8,28,28,28,14,"TM & TMd21 | SOL & IC","TM & TMd21 | SOL & IC",26.3056924896433
1338,241.906269147552,10,28,14,28,14,"TM | TMd21 | SOL | IC","TM & TMd21 & IC | SOL",26.3245522630326
1752,241.942513128039,10,28,28,28,14,"TM & IC | TMd21 | SOL","TM & IC | TMd21 | SOL",26.3607962435196
1317,241.967812053983,10,28,14,28,14,"TM | TMd21 & IC | SOL","TM & IC | TMd21 | SOL",26.3860951694638
2585,241.980984945603,10,28,28,14,28,"TM & SOL | TMd21 | IC","TM & TMd21 | SOL | IC",26.3992680610833
1502,241.993850412691,9,14,28,28,14,"TM | TMd21 & SOL | IC","TM & TMd21 & SOL | IC",26.4121335281714
1608,242.016310220813,8,28,28,28,14,"TM & TMd21 & IC | SOL","TM & TMd21 & IC | SOL",26.4345933362936
2639,242.028278634736,10,28,28,14,28,"TM | TMd21 & SOL | IC","TM | TMd21 | SOL & IC",26.4465617502166
1165,242.029000270756,8,28,14,28,14,"TM & TMd21 & IC | SOL","TM | TMd21 & SOL & IC",26.4472833862364
2574,242.054500274453,8,28,28,14,28,"TM & SOL | TMd21 & IC","TM & IC | TMd21 & SOL",26.4727833899333
2630,242.083596045045,10,28,28,14,28,"TM | TMd21 & SOL | IC","TM & TMd21 | SOL | IC",26.5018791605256
2505,242.085837382743,10,28,28,14,28,"TM & TMd21 & SOL | IC","TM | TMd21 | SOL | IC",26.5041204982239
1714,242.139088276888,8,28,28,28,14,"TM | TMd21 & SOL & IC","TM & TMd21 | SOL & IC",26.5573713923685
3188,242.160625668926,9,14,28,28,28,"TM & TMd21 & IC | SOL","TM & SOL | TMd21 | IC",26.578908784407
1589,242.195503939675,8,28,28,28,14,"TM & TMd21 & SOL & IC","TM | TMd21 | SOL & IC",26.6137870551555
1654,242.196781039485,8,28,28,28,14,"TM & SOL & IC | TMd21","TM & TMd21 | SOL & IC",26.6150641549655
2632,242.199248725206,9,28,28,14,28,"TM | TMd21 & SOL | IC","TM & SOL | TMd21 & IC",26.6175318406865
3322,242.206483997427,9,14,28,28,28,"TM & IC | TMd21 | SOL","TM & SOL | TMd21 & IC",26.6247671129071
1320,242.261664653374,11,28,14,28,14,"TM | TMd21 & IC | SOL","TM | TMd21 | SOL | IC",26.6799477688542
2528,242.262169097142,9,28,28,14,28,"TM & TMd21 | SOL & IC","TM & SOL | TMd21 | IC",26.6804522126223
1348,242.268019934867,11,28,14,28,14,"TM | TMd21 | SOL | IC","TM | TMd21 & IC | SOL",26.6863030503471
1527,242.297776329913,10,14,28,28,14,"TM & IC | TMd21 | SOL","TM & IC | TMd21 | SOL",26.7160594453933
2531,242.300845676432,9,28,28,14,28,"TM & TMd21 | SOL & IC","TM | TMd21 & SOL | IC",26.7191287919126
2637,242.301962916213,10,28,28,14,28,"TM | TMd21 & SOL | IC","TM & IC | TMd21 | SOL",26.7202460316934
1245,242.304291536166,11,28,14,28,14,"TM & SOL | TMd21 | IC","TM | TMd21 | SOL | IC",26.7225746516471
730,242.322940458616,8,28,28,14,14,"TM & TMd21 | SOL & IC","TM | TMd21 & SOL & IC",26.7412235740968
2672,242.329721672431,9,28,28,14,28,"TM | TMd21 | SOL & IC","TM & TMd21 & SOL | IC",26.7480047879114
726,242.366357398127,8,28,28,14,14,"TM & TMd21 | SOL & IC","TM & SOL & IC | TMd21",26.7846405136075
722,242.367595186395,8,28,28,14,14,"TM & TMd21 | SOL & IC","TM & TMd21 & SOL | IC",26.7858783018758
1512,242.369529640392,10,14,28,28,14,"TM | TMd21 & SOL | IC","TM & IC | TMd21 | SOL",26.787812755873
1323,242.377664952668,9,28,14,28,14,"TM | TMd21 | SOL & IC","TM & TMd21 & IC | SOL",26.795948068149
1485,242.382668695677,10,14,28,28,14,"TM & IC | TMd21 & SOL","TM | TMd21 | SOL | IC",26.8009518111573
1343,242.384286086228,11,28,14,28,14,"TM | TMd21 | SOL | IC","TM & SOL | TMd21 | IC",26.8025692017083
1478,242.389787759938,9,14,28,28,14,"TM & IC | TMd21 & SOL","TM & SOL | TMd21 | IC",26.808070875419
723,242.395197812777,8,28,28,14,14,"TM & TMd21 | SOL & IC","TM & TMd21 & IC | SOL",26.8134809282579
3244,242.400669036236,8,14,28,28,28,"TM & SOL | TMd21 & IC","TM & TMd21 | SOL & IC",26.818952151717
871,242.408520512598,8,28,28,14,14,"TM | TMd21 | SOL & IC","TM & TMd21 & SOL & IC",26.8268036280784
736,242.415391929098,8,28,28,14,14,"TM & TMd21 | SOL | IC","TM & TMd21 & SOL & IC",26.8336750445783
727,242.423059189393,8,28,28,14,14,"TM & TMd21 | SOL & IC","TM & SOL | TMd21 & IC",26.8413423048737
729,242.425534822049,8,28,28,14,14,"TM & TMd21 | SOL & IC","TM & IC | TMd21 & SOL",26.8438179375293
3204,242.425559379972,8,14,28,28,28,"TM & TMd21 | SOL & IC","TM & IC | TMd21 & SOL",26.8438424954522
3330,242.438007284601,11,14,28,28,28,"TM & IC | TMd21 | SOL","TM | TMd21 | SOL | IC",26.8562904000815
2610,242.453137861457,10,28,28,14,28,"TM & IC | TMd21 & SOL","TM | TMd21 | SOL | IC",26.8714209769375
710,242.486339815097,9,28,28,14,14,"TM & TMd21 & IC | SOL","TM & TMd21 | SOL | IC",26.9046229305779
1569,242.493933885452,10,14,28,28,14,"TM | TMd21 | SOL | IC","TM & IC | TMd21 & SOL",26.9122170009327
1526,242.507066103565,10,14,28,28,14,"TM & IC | TMd21 | SOL","TM | TMd21 & SOL | IC",26.9253492190455
1506,242.515466084417,9,14,28,28,14,"TM | TMd21 & SOL | IC","TM & SOL & IC | TMd21",26.933749199898
1511,242.536071790328,10,14,28,28,14,"TM | TMd21 & SOL | IC","TM | TMd21 & SOL | IC",26.9543549058089
1294,242.536178323288,9,28,14,28,14,"TM & IC | TMd21 | SOL","TM & TMd21 | SOL & IC",26.9544614387688
1273,242.537257396887,9,28,14,28,14,"TM | TMd21 & SOL & IC","TM | TMd21 & IC | SOL",26.9555405123675
1272,242.548123542396,9,28,14,28,14,"TM | TMd21 & SOL & IC","TM & IC | TMd21 | SOL",26.9664066578769
2592,242.548898912468,10,28,28,14,28,"TM & SOL | TMd21 | IC","TM & IC | TMd21 | SOL",26.9671820279483
1265,242.626790210557,9,28,14,28,14,"TM | TMd21 & SOL & IC","TM & TMd21 | SOL | IC",27.0450733260381
1484,242.628221802413,9,14,28,28,14,"TM & IC | TMd21 & SOL","TM | TMd21 | SOL & IC",27.0465049178936
1487,242.638946455739,8,14,28,28,14,"TM | TMd21 & SOL & IC","TM & TMd21 & SOL | IC",27.0572295712199
1746,242.644855163157,9,28,28,28,14,"TM & IC | TMd21 | SOL","TM & SOL & IC | TMd21",27.0631382786371
1194,242.652679663289,9,28,14,28,14,"TM & TMd21 | SOL | IC","TM & IC | TMd21 & SOL",27.0709627787699
1660,242.655747744121,8,28,28,28,14,"TM & SOL & IC | TMd21","TM | TMd21 & SOL & IC",27.0740308596019
2618,242.656661344217,9,28,28,14,28,"TM | TMd21 & SOL & IC","TM & SOL | TMd21 | IC",27.0749444596974
2633,242.657224055568,10,28,28,14,28,"TM | TMd21 & SOL | IC","TM & SOL | TMd21 | IC",27.0755071710486
1278,242.700716372756,9,28,14,28,14,"TM | TMd21 & SOL | IC","TM & TMd21 & IC | SOL",27.1189994882369
1193,242.706379535161,10,28,14,28,14,"TM & TMd21 | SOL | IC","TM & SOL | TMd21 | IC",27.124662650642
2677,242.706713806815,9,28,28,14,28,"TM | TMd21 | SOL & IC","TM & SOL | TMd21 & IC",27.1249969222958
1517,242.708838158159,9,14,28,28,14,"TM & IC | TMd21 | SOL","TM & TMd21 & SOL | IC",27.1271212736393
1507,242.712013691155,9,14,28,28,14,"TM | TMd21 & SOL | IC","TM & SOL | TMd21 & IC",27.1302968066355
1475,242.713375322126,9,14,28,28,14,"TM & IC | TMd21 & SOL","TM & TMd21 | SOL | IC",27.1316584376071
1155,242.723683472323,10,28,14,28,14,"TM & TMd21 & SOL | IC","TM | TMd21 | SOL | IC",27.1419665878034
1519,242.72543533038,9,14,28,28,14,"TM & IC | TMd21 | SOL","TM & TMd21 | SOL & IC",27.1437184458606
2602,242.726792218756,8,28,28,14,28,"TM & IC | TMd21 & SOL","TM & SOL | TMd21 & IC",27.1450753342367
1504,242.73554854314,9,14,28,28,14,"TM | TMd21 & SOL | IC","TM & TMd21 | SOL & IC",27.1538316586204
2638,242.741018588524,10,28,28,14,28,"TM | TMd21 & SOL | IC","TM | TMd21 & IC | SOL",27.159301704005
748,242.741495932853,10,28,28,14,14,"TM & TMd21 | SOL | IC","TM | TMd21 & IC | SOL",27.1597790483336
888,242.747661650873,10,28,28,14,14,"TM | TMd21 | SOL | IC","TM & TMd21 & IC | SOL",27.1659447663532
1346,242.755012952787,11,28,14,28,14,"TM | TMd21 | SOL | IC","TM | TMd21 & SOL | IC",27.1732960682671
747,242.759314797486,10,28,28,14,14,"TM & TMd21 | SOL | IC","TM & IC | TMd21 | SOL",27.1775979129667
1606,242.817143709426,7,28,28,28,14,"TM & TMd21 & IC | SOL","TM & TMd21 & SOL & IC",27.2354268249068
1297,242.843302148047,9,28,14,28,14,"TM & IC | TMd21 | SOL","TM & SOL | TMd21 & IC",27.2615852635274
1561,242.8434991438,9,14,28,28,14,"TM | TMd21 | SOL | IC","TM & TMd21 & SOL & IC",27.2617822592806
1503,242.851401831779,9,14,28,28,14,"TM | TMd21 & SOL | IC","TM & TMd21 & IC | SOL",27.2696849472598
1289,242.853526704967,10,28,14,28,14,"TM | TMd21 & SOL | IC","TM | TMd21 | SOL & IC",27.2718098204473
1283,242.874927742957,10,28,14,28,14,"TM | TMd21 & SOL | IC","TM & SOL | TMd21 | IC",27.2932108584381
1280,242.894202475177,10,28,14,28,14,"TM | TMd21 & SOL | IC","TM & TMd21 | SOL | IC",27.3124855906577
1359,242.918353577051,7,14,28,28,14,"TM & TMd21 & SOL & IC","TM & IC | TMd21 & SOL",27.3366366925314
2682,242.926172168054,10,28,28,14,28,"TM | TMd21 | SOL & IC","TM & IC | TMd21 | SOL",27.3444552835342
2565,242.927700947878,10,28,28,14,28,"TM & SOL & IC | TMd21","TM | TMd21 | SOL | IC",27.345984063359
2929,242.948977634687,7,28,14,28,28,"TM & TMd21 & SOL & IC","TM & TMd21 | SOL & IC",27.3672607501679
1331,242.951723616004,10,28,14,28,14,"TM | TMd21 | SOL & IC","TM | TMd21 & SOL | IC",27.3700067314845
1525,242.960652857303,9,14,28,28,14,"TM & IC | TMd21 | SOL","TM | TMd21 & SOL & IC",27.3789359727831
1349,242.961936293486,11,28,14,28,14,"TM | TMd21 | SOL | IC","TM | TMd21 | SOL & IC",27.3802194089665
1522,242.963072213656,9,14,28,28,14,"TM & IC | TMd21 | SOL","TM & SOL | TMd21 & IC",27.3813553291364
1213,242.968699260388,9,28,14,28,14,"TM & SOL & IC | TMd21","TM | TMd21 & IC | SOL",27.3869823758688
1483,242.97013034202,9,14,28,28,14,"TM & IC | TMd21 & SOL","TM | TMd21 & IC | SOL",27.3884134575011
1765,242.982015011009,9,28,28,28,14,"TM | TMd21 & IC | SOL","TM | TMd21 & SOL & IC",27.40029812649
2625,242.98491793962,10,28,28,14,28,"TM | TMd21 & SOL & IC","TM | TMd21 | SOL | IC",27.4032010551003
1298,242.992360630639,10,28,14,28,14,"TM & IC | TMd21 | SOL","TM & SOL | TMd21 | IC",27.4106437461193
2154,242.99295900123,8,28,14,14,28,"TM & IC | TMd21 & SOL","TM & IC | TMd21 & SOL",27.4112421167106
2675,242.994204779749,10,28,28,14,28,"TM | TMd21 | SOL & IC","TM & TMd21 | SOL | IC",27.4124878952299
2535,243.009966364147,10,28,28,14,28,"TM & TMd21 | SOL & IC","TM | TMd21 | SOL | IC",27.428249479628
1215,243.016198301849,10,28,14,28,14,"TM & SOL & IC | TMd21","TM | TMd21 | SOL | IC",27.4344814173294
2683,243.019024099164,10,28,28,14,28,"TM | TMd21 | SOL & IC","TM | TMd21 & IC | SOL",27.4373072146442
1332,243.022289100618,10,28,14,28,14,"TM | TMd21 | SOL & IC","TM & IC | TMd21 | SOL",27.4405722160991
1163,243.027473538705,9,28,14,28,14,"TM & TMd21 & IC | SOL","TM & SOL | TMd21 | IC",27.4457566541859
1518,243.03823911299,9,14,28,28,14,"TM & IC | TMd21 | SOL","TM & TMd21 & IC | SOL",27.4565222284708
1375,243.045664216093,8,14,28,28,14,"TM & TMd21 & SOL | IC","TM | TMd21 & SOL & IC",27.4639473315732
1168,243.075988832788,9,28,14,28,14,"TM & TMd21 & IC | SOL","TM | TMd21 & IC | SOL",27.4942719482687
1340,243.089363436094,11,28,14,28,14,"TM | TMd21 | SOL | IC","TM & TMd21 | SOL | IC",27.5076465515747
3274,243.108887352367,8,14,28,28,28,"TM & IC | TMd21 & SOL","TM & TMd21 | SOL & IC",27.5271704678478
1258,243.129621881161,9,28,14,28,14,"TM & IC | TMd21 & SOL","TM | TMd21 & IC | SOL",27.547904996642
1192,243.133674161726,9,28,14,28,14,"TM & TMd21 | SOL | IC","TM & SOL | TMd21 & IC",27.5519572772063
1552,243.153356714009,9,14,28,28,14,"TM | TMd21 | SOL & IC","TM & SOL | TMd21 & IC",27.5716398294901
1140,243.159422224437,9,28,14,28,14,"TM & TMd21 & SOL & IC","TM | TMd21 | SOL | IC",27.5777053399179
1327,243.160586831587,9,28,14,28,14,"TM | TMd21 | SOL & IC","TM & SOL | TMd21 & IC",27.5788699470673
1716,243.163282056236,8,28,28,28,14,"TM | TMd21 & SOL & IC","TM & SOL & IC | TMd21",27.5815651717166
1328,243.17065673167,10,28,14,28,14,"TM | TMd21 | SOL & IC","TM & SOL | TMd21 | IC",27.5889398471507
1183,243.214651441856,9,28,14,28,14,"TM & TMd21 | SOL & IC","TM | TMd21 & IC | SOL",27.632934557337
1253,243.234252296891,9,28,14,28,14,"TM & IC | TMd21 & SOL","TM & SOL | TMd21 | IC",27.6525354123713
1178,243.244592904915,9,28,14,28,14,"TM & TMd21 | SOL & IC","TM & SOL | TMd21 | IC",27.6628760203952
1428,243.265923686696,8,14,28,28,14,"TM & SOL & IC | TMd21","TM & TMd21 & IC | SOL",27.6842068021765
1153,243.2669959533,9,28,14,28,14,"TM & TMd21 & SOL | IC","TM | TMd21 & IC | SOL",27.6852790687802
876,243.293299104776,9,28,28,14,14,"TM | TMd21 | SOL & IC","TM & SOL & IC | TMd21",27.7115822202567
1626,243.319178391737,8,28,28,28,14,"TM & TMd21 | SOL & IC","TM & SOL & IC | TMd21",27.7374615072179
2595,243.324487006669,11,28,28,14,28,"TM & SOL | TMd21 | IC","TM | TMd21 | SOL | IC",27.7427701221496
1347,243.351325746759,11,28,14,28,14,"TM | TMd21 | SOL | IC","TM & IC | TMd21 | SOL",27.7696088622397
1268,243.352860947815,9,28,14,28,14,"TM | TMd21 & SOL & IC","TM & SOL | TMd21 | IC",27.7711440632959
1630,243.360980151382,8,28,28,28,14,"TM & TMd21 | SOL & IC","TM | TMd21 & SOL & IC",27.7792632668631
890,243.37788705921,11,28,28,14,14,"TM | TMd21 | SOL | IC","TM & TMd21 | SOL | IC",27.7961701746902
1514,243.383076028146,10,14,28,28,14,"TM | TMd21 & SOL | IC","TM | TMd21 | SOL & IC",27.8013591436266
750,243.393755594312,11,28,28,14,14,"TM & TMd21 | SOL | IC","TM | TMd21 | SOL | IC",27.8120387097923
1771,243.40031345466,8,28,28,28,14,"TM | TMd21 | SOL & IC","TM & TMd21 & SOL & IC",27.8185965701406
1199,243.403210660702,10,28,14,28,14,"TM & TMd21 | SOL | IC","TM | TMd21 | SOL & IC",27.8214937761827
1523,243.435239583359,10,14,28,28,14,"TM & IC | TMd21 | SOL","TM & SOL | TMd21 | IC",27.8535226988395
1197,243.440146243823,10,28,14,28,14,"TM & TMd21 | SOL | IC","TM & IC | TMd21 | SOL",27.8584293593037
1496,243.443738378782,9,14,28,28,14,"TM | TMd21 & SOL & IC","TM | TMd21 & SOL | IC",27.8620214942623
1576,243.451149166502,6,28,28,28,14,"TM & TMd21 & SOL & IC","TM & TMd21 & SOL & IC",27.8694322819822
737,243.45401805344,9,28,28,14,14,"TM & TMd21 | SOL | IC","TM & TMd21 & SOL | IC",27.8723011689208
1282,243.460690589702,9,28,14,28,14,"TM | TMd21 & SOL | IC","TM & SOL | TMd21 & IC",27.8789737051822
3323,243.482175215291,10,14,28,28,28,"TM & IC | TMd21 | SOL","TM & SOL | TMd21 | IC",27.9004583307715
1301,243.484459004075,10,28,14,28,14,"TM & IC | TMd21 | SOL","TM | TMd21 & SOL | IC",27.9027421195558
1295,243.498386724678,10,28,14,28,14,"TM & IC | TMd21 | SOL","TM & TMd21 | SOL | IC",27.9166698401582
1287,243.499629199895,10,28,14,28,14,"TM | TMd21 & SOL | IC","TM & IC | TMd21 | SOL",27.9179123153758
1581,243.500608339601,7,28,28,28,14,"TM & TMd21 & SOL & IC","TM & SOL & IC | TMd21",27.9188914550812
1325,243.508964594607,10,28,14,28,14,"TM | TMd21 | SOL & IC","TM & TMd21 | SOL | IC",27.9272477100881
1566,243.523185713446,10,14,28,28,14,"TM | TMd21 | SOL | IC","TM & SOL & IC | TMd21",27.9414688289267
2749,243.537593585996,8,14,14,28,28,"TM & TMd21 | SOL & IC","TM & TMd21 | SOL & IC",27.9558767014769
2569,243.547686084099,8,28,28,14,28,"TM & SOL | TMd21 & IC","TM & TMd21 | SOL & IC",27.9659691995798
1513,243.558003520125,10,14,28,28,14,"TM | TMd21 & SOL | IC","TM | TMd21 & IC | SOL",27.9762866356054
2681,243.56460451156,10,28,28,14,28,"TM | TMd21 | SOL & IC","TM | TMd21 & SOL | IC",27.9828876270406
1570,243.603342491459,10,14,28,28,14,"TM | TMd21 | SOL | IC","TM | TMd21 & SOL & IC",28.0216256069399
1300,243.60684972499,9,28,14,28,14,"TM & IC | TMd21 | SOL","TM | TMd21 & SOL & IC",28.025132840471
1529,243.615252673868,10,14,28,28,14,"TM & IC | TMd21 | SOL","TM | TMd21 | SOL & IC",28.0335357893484
1459,243.61808127069,9,14,28,28,14,"TM & SOL | TMd21 | IC","TM & TMd21 | SOL & IC",28.0363643861709
1585,243.684446509971,7,28,28,28,14,"TM & TMd21 & SOL & IC","TM | TMd21 & SOL & IC",28.1027296254518
1508,243.703606347218,10,14,28,28,14,"TM | TMd21 & SOL | IC","TM & SOL | TMd21 | IC",28.1218894626987
899,243.706818979424,11,28,28,14,14,"TM | TMd21 | SOL | IC","TM | TMd21 | SOL & IC",28.1251020949049
885,243.716041187303,11,28,28,14,14,"TM | TMd21 | SOL & IC","TM | TMd21 | SOL | IC",28.1343243027837
1169,243.800575200139,9,28,14,28,14,"TM & TMd21 & IC | SOL","TM | TMd21 | SOL & IC",28.2188583156196
3024,243.816101601271,8,28,14,28,28,"TM & SOL | TMd21 & IC","TM & IC | TMd21 & SOL",28.234384716752
1774,243.870317473384,9,28,28,28,14,"TM | TMd21 | SOL & IC","TM & TMd21 | SOL & IC",28.288600588865
3202,243.881982406186,8,14,28,28,28,"TM & TMd21 | SOL & IC","TM & SOL | TMd21 & IC",28.3002655216663
1634,243.885890526595,9,28,28,28,14,"TM & TMd21 | SOL & IC","TM | TMd21 | SOL & IC",28.3041736420755
1724,243.898967898617,9,28,28,28,14,"TM | TMd21 & SOL & IC","TM | TMd21 | SOL & IC",28.3172510140977
1505,243.89959160662,10,14,28,28,14,"TM | TMd21 & SOL | IC","TM & TMd21 | SOL | IC",28.3178747221011
2746,243.909073830587,7,14,14,28,28,"TM & TMd21 | SOL & IC","TM & TMd21 & SOL & IC",28.3273569460674
1651,243.935364745152,7,28,28,28,14,"TM & SOL & IC | TMd21","TM & TMd21 & SOL & IC",28.3536478606329
1562,243.937027798394,10,14,28,28,14,"TM | TMd21 | SOL | IC","TM & TMd21 & SOL | IC",28.3553109138748
1166,243.984834529697,9,28,14,28,14,"TM & TMd21 & IC | SOL","TM | TMd21 & SOL | IC",28.403117645178
2640,243.995085560449,11,28,28,14,28,"TM | TMd21 & SOL | IC","TM | TMd21 | SOL | IC",28.4133686759299
1195,244.028614791248,9,28,14,28,14,"TM & TMd21 | SOL | IC","TM | TMd21 & SOL & IC",28.4468979067286
1182,244.065187846624,9,28,14,28,14,"TM & TMd21 | SOL & IC","TM & IC | TMd21 | SOL",28.4834709621047
707,244.067671617719,8,28,28,14,14,"TM & TMd21 & IC | SOL","TM & TMd21 & SOL | IC",28.4859547331996
880,244.082479423956,9,28,28,14,14,"TM | TMd21 | SOL & IC","TM | TMd21 & SOL & IC",28.5007625394365
1572,244.110894039255,11,14,28,28,14,"TM | TMd21 | SOL | IC","TM & IC | TMd21 | SOL",28.5291771547358
1530,244.124047320369,11,14,28,28,14,"TM & IC | TMd21 | SOL","TM | TMd21 | SOL | IC",28.5423304358499
2678,244.13397028492,10,28,28,14,28,"TM | TMd21 | SOL & IC","TM & SOL | TMd21 | IC",28.5522534004002
1376,244.17717308453,9,14,28,28,14,"TM & TMd21 & SOL | IC","TM | TMd21 & SOL | IC",28.5954562000103
3022,244.185143061807,8,28,14,28,28,"TM & SOL | TMd21 & IC","TM & SOL | TMd21 & IC",28.6034261772875
1664,244.192307738405,9,28,28,28,14,"TM & SOL & IC | TMd21","TM | TMd21 | SOL & IC",28.6105908538859
853,244.225341774821,10,28,28,14,14,"TM & IC | TMd21 | SOL","TM | TMd21 & IC | SOL",28.6436248903012
2347,244.228322096933,8,14,28,14,28,"TM & SOL | TMd21 & IC","TM & SOL | TMd21 & IC",28.6466052124138
1333,244.252827178656,10,28,14,28,14,"TM | TMd21 | SOL & IC","TM | TMd21 & IC | SOL",28.6711102941362
1350,244.257191734672,12,28,14,28,14,"TM | TMd21 | SOL | IC","TM | TMd21 | SOL | IC",28.6754748501527
3249,244.264785586455,8,14,28,28,28,"TM & SOL | TMd21 & IC","TM & IC | TMd21 & SOL",28.6830687019354
731,244.266904753645,9,28,28,14,14,"TM & TMd21 | SOL & IC","TM | TMd21 & SOL | IC",28.6851878691258
1196,244.28407914887,10,28,14,28,14,"TM & TMd21 | SOL | IC","TM | TMd21 & SOL | IC",28.7023622643506
733,244.293979062682,9,28,28,14,14,"TM & TMd21 | SOL & IC","TM | TMd21 & IC | SOL",28.712262178163
1304,244.303349285991,10,28,14,28,14,"TM & IC | TMd21 | SOL","TM | TMd21 | SOL & IC",28.7216324014714
728,244.309866035199,9,28,28,14,14,"TM & TMd21 | SOL & IC","TM & SOL | TMd21 | IC",28.7281491506792
745,244.312777407312,9,28,28,14,14,"TM & TMd21 | SOL | IC","TM | TMd21 & SOL & IC",28.7310605227927
732,244.337066125386,9,28,28,14,14,"TM & TMd21 | SOL & IC","TM & IC | TMd21 | SOL",28.7553492408669
872,244.350560695957,9,28,28,14,14,"TM | TMd21 | SOL & IC","TM & TMd21 & SOL | IC",28.7688438114378
1515,244.354489414193,11,14,28,28,14,"TM | TMd21 & SOL | IC","TM | TMd21 | SOL | IC",28.7727725296737
741,244.356196192923,9,28,28,14,14,"TM & TMd21 | SOL | IC","TM & SOL & IC | TMd21",28.7744793084034
1493,244.362596863264,9,14,28,28,14,"TM | TMd21 & SOL & IC","TM & SOL | TMd21 | IC",28.7808799787448
1250,244.365232319006,9,28,14,28,14,"TM & IC | TMd21 & SOL","TM & TMd21 | SOL | IC",28.7835154344867
873,244.378165360038,9,28,28,14,14,"TM | TMd21 | SOL & IC","TM & TMd21 & IC | SOL",28.7964484755184
897,244.39732286271,11,28,28,14,14,"TM | TMd21 | SOL | IC","TM & IC | TMd21 | SOL",28.8156059781906
886,244.39836109986,9,28,28,14,14,"TM | TMd21 | SOL | IC","TM & TMd21 & SOL & IC",28.8166442153402
744,244.398858122052,9,28,28,14,14,"TM & TMd21 | SOL | IC","TM & IC | TMd21 & SOL",28.8171412375327
879,244.399889720176,9,28,28,14,14,"TM | TMd21 | SOL & IC","TM & IC | TMd21 & SOL",28.8181728356567
877,244.407743277759,9,28,28,14,14,"TM | TMd21 | SOL & IC","TM & SOL | TMd21 & IC",28.8260263932395
742,244.412718424044,9,28,28,14,14,"TM & TMd21 | SOL | IC","TM & SOL | TMd21 & IC",28.8310015395245
1290,244.415308223701,11,28,14,28,14,"TM | TMd21 & SOL | IC","TM | TMd21 | SOL | IC",28.8335913391817
1275,244.415874232482,10,28,14,28,14,"TM | TMd21 & SOL & IC","TM | TMd21 | SOL | IC",28.8341573479628
845,244.418685288842,10,28,28,14,14,"TM & IC | TMd21 | SOL","TM & TMd21 | SOL | IC",28.8369684043228
1711,244.431543249864,7,28,28,28,14,"TM | TMd21 & SOL & IC","TM & TMd21 & SOL & IC",28.8498263653443
1494,244.441856556868,8,14,28,28,14,"TM | TMd21 & SOL & IC","TM & IC | TMd21 & SOL",28.8601396723483
1571,244.478901486198,11,14,28,28,14,"TM | TMd21 | SOL | IC","TM | TMd21 & SOL | IC",28.8971846016788
1567,244.480661112821,10,14,28,28,14,"TM | TMd21 | SOL | IC","TM & SOL | TMd21 & IC",28.898944228302
720,244.484776124791,10,28,28,14,14,"TM & TMd21 & IC | SOL","TM | TMd21 | SOL | IC",28.9030592402713
860,244.486334113045,10,28,28,14,14,"TM | TMd21 & IC | SOL","TM & TMd21 | SOL | IC",28.9046172285254
2599,244.487300736919,8,28,28,14,28,"TM & IC | TMd21 & SOL","TM & TMd21 | SOL & IC",28.9055838523994
1532,244.512415610235,9,14,28,28,14,"TM | TMd21 & IC | SOL","TM & TMd21 & SOL | IC",28.9306987257154
1288,244.517024734978,10,28,14,28,14,"TM | TMd21 & SOL | IC","TM | TMd21 & IC | SOL",28.9353078504585
1490,244.539483181706,9,14,28,28,14,"TM | TMd21 & SOL & IC","TM & TMd21 | SOL | IC",28.9577662971862
1780,244.541263677324,9,28,28,28,14,"TM | TMd21 | SOL & IC","TM | TMd21 & SOL & IC",28.9595467928042
1564,244.570789187008,10,14,28,28,14,"TM | TMd21 | SOL | IC","TM & TMd21 | SOL & IC",28.989072302489
1558,244.583147600966,10,14,28,28,14,"TM | TMd21 | SOL & IC","TM | TMd21 & IC | SOL",29.0014307164465
2974,244.621486789936,8,28,14,28,28,"TM & TMd21 | SOL & IC","TM & TMd21 | SOL & IC",29.0397699054171
1547,244.625223648184,9,14,28,28,14,"TM | TMd21 | SOL & IC","TM & TMd21 & SOL | IC",29.0435067636646
1335,244.685189638621,11,28,14,28,14,"TM | TMd21 | SOL & IC","TM | TMd21 | SOL | IC",29.1034727541016
1389,244.68553428232,8,14,28,28,14,"TM & TMd21 & IC | SOL","TM & IC | TMd21 & SOL",29.1038173978009
1404,244.686871548048,8,14,28,28,14,"TM & TMd21 | SOL & IC","TM & IC | TMd21 & SOL",29.105154663529
1200,244.705638562942,11,28,14,28,14,"TM & TMd21 | SOL | IC","TM | TMd21 | SOL | IC",29.1239216784222
1520,244.708634720088,10,14,28,28,14,"TM & IC | TMd21 | SOL","TM & TMd21 | SOL | IC",29.1269178355686
1361,244.730636438381,8,14,28,28,14,"TM & TMd21 & SOL & IC","TM | TMd21 & SOL | IC",29.1489195538613
898,244.740067230008,11,28,28,14,14,"TM | TMd21 | SOL | IC","TM | TMd21 & IC | SOL",29.1583503454887
1362,244.7415577949,8,14,28,28,14,"TM & TMd21 & SOL & IC","TM & IC | TMd21 | SOL",29.1598409103803
2184,244.774467009279,9,28,14,14,28,"TM | TMd21 & SOL | IC","TM & IC | TMd21 & SOL",29.1927501247593
1303,244.778838989158,10,28,14,28,14,"TM & IC | TMd21 | SOL","TM | TMd21 & IC | SOL",29.1971221046389
847,244.782063429906,9,28,28,14,14,"TM & IC | TMd21 | SOL","TM & SOL | TMd21 & IC",29.2003465453867
1379,244.784370137001,9,14,28,28,14,"TM & TMd21 & SOL | IC","TM | TMd21 | SOL & IC",29.2026532524814
1574,244.795189126726,11,14,28,28,14,"TM | TMd21 | SOL | IC","TM | TMd21 | SOL & IC",29.2134722422069
2527,244.811397783764,8,28,28,14,28,"TM & TMd21 | SOL & IC","TM & SOL | TMd21 & IC",29.2296808992447
1548,244.833205415688,9,14,28,28,14,"TM | TMd21 | SOL & IC","TM & TMd21 & IC | SOL",29.2514885311682
1563,244.84344454829,10,14,28,28,14,"TM | TMd21 | SOL | IC","TM & TMd21 & IC | SOL",29.2617276637708
679,244.848812948805,7,28,28,14,14,"TM & TMd21 & SOL & IC","TM & TMd21 | SOL & IC",29.2670960642857
1374,244.880607351388,8,14,28,28,14,"TM & TMd21 & SOL | IC","TM & IC | TMd21 & SOL",29.2988904668688
2157,244.894845344886,9,28,14,14,28,"TM & IC | TMd21 & SOL","TM & IC | TMd21 | SOL",29.313128460367
1449,244.896733042662,8,14,28,28,14,"TM & SOL | TMd21 & IC","TM & IC | TMd21 & SOL",29.3150161581425
2959,244.903108160648,8,28,14,28,28,"TM & TMd21 & IC | SOL","TM & TMd21 | SOL & IC",29.3213912761283
2943,244.903135326512,8,28,14,28,28,"TM & TMd21 & SOL | IC","TM & TMd21 & IC | SOL",29.3214184419923
1420,244.909373906984,9,14,28,28,14,"TM & TMd21 | SOL | IC","TM | TMd21 & SOL & IC",29.3276570224643
2930,244.911126888812,8,28,14,28,28,"TM & TMd21 & SOL & IC","TM & TMd21 | SOL | IC",29.3294100042921
1434,244.918186177306,8,14,28,28,14,"TM & SOL & IC | TMd21","TM & IC | TMd21 & SOL",29.3364692927863
2156,244.922840131894,9,28,14,14,28,"TM & IC | TMd21 & SOL","TM | TMd21 & SOL | IC",29.3411232473742
2685,244.924766811257,11,28,28,14,28,"TM | TMd21 | SOL & IC","TM | TMd21 | SOL | IC",29.3430499267375
2199,244.936845057583,9,28,14,14,28,"TM & IC | TMd21 | SOL","TM & IC | TMd21 & SOL",29.3551281730641
1378,244.937388590483,9,14,28,28,14,"TM & TMd21 & SOL | IC","TM | TMd21 & IC | SOL",29.3556717059634
2944,244.948660487497,8,28,14,28,28,"TM & TMd21 & SOL | IC","TM & TMd21 | SOL & IC",29.3669436029774
1170,244.95487904007,10,28,14,28,14,"TM & TMd21 & IC | SOL","TM | TMd21 | SOL | IC",29.3731621555505
1528,244.960333556306,10,14,28,28,14,"TM & IC | TMd21 | SOL","TM | TMd21 & IC | SOL",29.3786166717869
2971,244.9786368146,7,28,14,28,28,"TM & TMd21 | SOL & IC","TM & TMd21 & SOL & IC",29.3969199300809
1305,244.992296525908,11,28,14,28,14,"TM & IC | TMd21 | SOL","TM | TMd21 | SOL | IC",29.4105796413889
1465,245.034989173895,9,14,28,28,14,"TM & SOL | TMd21 | IC","TM | TMd21 & SOL & IC",29.4532722893753
1568,245.058994446435,11,14,28,28,14,"TM | TMd21 | SOL | IC","TM & SOL | TMd21 | IC",29.4772775619155
1198,245.059167602818,10,28,14,28,14,"TM & TMd21 | SOL | IC","TM | TMd21 & IC | SOL",29.4774507182991
1438,245.074705290657,9,14,28,28,14,"TM & SOL & IC | TMd21","TM | TMd21 & IC | SOL",29.492988406138
2529,245.085145328116,8,28,28,14,28,"TM & TMd21 | SOL & IC","TM & IC | TMd21 & SOL",29.5034284435967
1720,245.086629058495,8,28,28,28,14,"TM | TMd21 & SOL & IC","TM | TMd21 & SOL & IC",29.5049121739753
1430,245.091960543882,9,14,28,28,14,"TM & SOL & IC | TMd21","TM & TMd21 | SOL | IC",29.5102436593628
1185,245.109013711521,10,28,14,28,14,"TM & TMd21 | SOL & IC","TM | TMd21 | SOL | IC",29.527296827002
1260,245.125965698402,10,28,14,28,14,"TM & IC | TMd21 & SOL","TM | TMd21 | SOL | IC",29.5442488138829
1553,245.139429734119,10,14,28,28,14,"TM | TMd21 | SOL & IC","TM & SOL | TMd21 | IC",29.5577128495993
1776,245.150547546394,9,28,28,28,14,"TM | TMd21 | SOL & IC","TM & SOL & IC | TMd21",29.5688306618745
2932,245.152539461548,7,28,14,28,28,"TM & TMd21 & SOL & IC","TM & SOL | TMd21 & IC",29.5708225770285
1458,245.217927131052,9,14,28,28,14,"TM & SOL | TMd21 | IC","TM & TMd21 & IC | SOL",29.6362102465329
878,245.252297588103,10,28,28,14,14,"TM | TMd21 | SOL & IC","TM & SOL | TMd21 | IC",29.6705807035836
693,245.255915032728,8,28,28,14,14,"TM & TMd21 & SOL | IC","TM & TMd21 & IC | SOL",29.6741981482087
1437,245.260724215755,9,14,28,28,14,"TM & SOL & IC | TMd21","TM & IC | TMd21 | SOL",29.679007331236
1500,245.264352568692,10,14,28,28,14,"TM | TMd21 & SOL & IC","TM | TMd21 | SOL | IC",29.6826356841725
882,245.274865746615,10,28,28,14,14,"TM | TMd21 | SOL & IC","TM & IC | TMd21 | SOL",29.6931488620959
891,245.283092174413,10,28,28,14,14,"TM | TMd21 | SOL | IC","TM & SOL & IC | TMd21",29.7013752898941
1460,245.302517384396,10,14,28,28,14,"TM & SOL | TMd21 | IC","TM & TMd21 | SOL | IC",29.7208004998766
900,245.307977832737,12,28,28,14,14,"TM | TMd21 | SOL | IC","TM | TMd21 | SOL | IC",29.7262609482179
1541,245.312842506203,10,14,28,28,14,"TM | TMd21 & IC | SOL","TM | TMd21 & SOL | IC",29.7311256216835
867,245.391090229756,10,28,28,14,14,"TM | TMd21 & IC | SOL","TM & IC | TMd21 | SOL",29.809373345237
746,245.398882661694,10,28,28,14,14,"TM & TMd21 | SOL | IC","TM | TMd21 & SOL | IC",29.8171657771743
1656,245.419672282723,8,28,28,28,14,"TM & SOL & IC | TMd21","TM & SOL & IC | TMd21",29.8379553982035
743,245.429282812874,10,28,28,14,14,"TM & TMd21 | SOL | IC","TM & SOL | TMd21 | IC",29.8475659283542
1556,245.431137852569,10,14,28,28,14,"TM | TMd21 | SOL & IC","TM | TMd21 & SOL | IC",29.8494209680493
887,245.436911346187,10,28,28,14,14,"TM | TMd21 | SOL | IC","TM & TMd21 & SOL | IC",29.855194461668
1259,245.473040360329,9,28,14,28,14,"TM & IC | TMd21 & SOL","TM | TMd21 | SOL & IC",29.8913234758093
760,245.483555085196,8,28,28,14,14,"TM & SOL & IC | TMd21","TM | TMd21 & SOL & IC",29.9018382006763
2750,245.499518638211,9,14,14,28,28,"TM & TMd21 | SOL & IC","TM & TMd21 | SOL | IC",29.9178017536921
1573,245.523227883859,11,14,28,28,14,"TM | TMd21 | SOL | IC","TM | TMd21 & IC | SOL",29.9415109993392
2764,245.527482055724,9,14,14,28,28,"TM & TMd21 | SOL | IC","TM & TMd21 | SOL & IC",29.9457651712045
2899,245.52915005049,9,14,14,28,28,"TM | TMd21 | SOL & IC","TM & TMd21 | SOL & IC",29.9474331659704
2759,245.533013325838,9,14,14,28,28,"TM & TMd21 | SOL & IC","TM | TMd21 | SOL & IC",29.9512964413186
1469,245.561544193105,10,14,28,28,14,"TM & SOL | TMd21 | IC","TM | TMd21 | SOL & IC",29.9798273085851
2146,245.618491399099,7,28,14,14,28,"TM & IC | TMd21 & SOL","TM & TMd21 & SOL & IC",30.0367745145795
2193,245.633494073007,9,28,14,14,28,"TM & IC | TMd21 | SOL","TM & TMd21 & IC | SOL",30.0517771884872
2747,245.754513594587,8,14,14,28,28,"TM & TMd21 | SOL & IC","TM & TMd21 & SOL | IC",30.1727967100676
1784,245.801710229017,10,28,28,28,14,"TM | TMd21 | SOL & IC","TM | TMd21 | SOL & IC",30.2199933444971
2960,245.805674977185,9,28,14,28,28,"TM & TMd21 & IC | SOL","TM & TMd21 | SOL | IC",30.2239580926652
1534,245.830295629172,9,14,28,28,14,"TM | TMd21 & IC | SOL","TM & TMd21 | SOL & IC",30.2485787446526
2751,245.856534761339,8,14,14,28,28,"TM & TMd21 | SOL & IC","TM & SOL & IC | TMd21",30.2748178768192
2754,245.876415773887,8,14,14,28,28,"TM & TMd21 | SOL & IC","TM & IC | TMd21 & SOL",30.2946988893676
1565,245.876621545517,11,14,28,28,14,"TM | TMd21 | SOL | IC","TM & TMd21 | SOL | IC",30.2949046609977
1181,245.887474035276,9,28,14,28,14,"TM & TMd21 | SOL & IC","TM | TMd21 & SOL | IC",30.3057571507568
2896,245.898460285342,8,14,14,28,28,"TM | TMd21 | SOL & IC","TM & TMd21 & SOL & IC",30.3167434008222
2761,245.899062138052,8,14,14,28,28,"TM & TMd21 | SOL | IC","TM & TMd21 & SOL & IC",30.3173452535322
2755,245.904530052702,8,14,14,28,28,"TM & TMd21 | SOL & IC","TM | TMd21 & SOL & IC",30.3228131681822
2752,245.906610519786,8,14,14,28,28,"TM & TMd21 | SOL & IC","TM & SOL | TMd21 & IC",30.3248936352665
2762,245.907257700577,9,14,14,28,28,"TM & TMd21 | SOL | IC","TM & TMd21 & SOL | IC",30.3255408160581
2748,245.909008328248,8,14,14,28,28,"TM & TMd21 | SOL & IC","TM & TMd21 & IC | SOL",30.3272914437289
1386,245.964531328934,8,14,28,28,14,"TM & TMd21 & IC | SOL","TM & SOL & IC | TMd21",30.3828144444147
3028,245.973789796299,9,28,14,28,28,"TM & SOL | TMd21 & IC","TM | TMd21 & IC | SOL",30.3920729117794
1380,245.998337129129,10,14,28,28,14,"TM & TMd21 & SOL | IC","TM | TMd21 | SOL | IC",30.4166202446097
842,246.005683061142,9,28,28,14,14,"TM & IC | TMd21 | SOL","TM & TMd21 & SOL | IC",30.4239661766228
716,246.017669133974,9,28,28,14,14,"TM & TMd21 & IC | SOL","TM | TMd21 & SOL | IC",30.4359522494543
855,246.031151970935,11,28,28,14,14,"TM & IC | TMd21 | SOL","TM | TMd21 | SOL | IC",30.4494350864156
864,246.033150608153,9,28,28,14,14,"TM | TMd21 & IC | SOL","TM & IC | TMd21 & SOL",30.4514337236332
881,246.034073391657,10,28,28,14,14,"TM | TMd21 | SOL & IC","TM | TMd21 & SOL | IC",30.4523565071378
1421,246.037136540963,10,14,28,28,14,"TM & TMd21 | SOL | IC","TM | TMd21 & SOL | IC",30.4554196564441
713,246.046455384767,9,28,28,14,14,"TM & TMd21 & IC | SOL","TM & SOL | TMd21 | IC",30.4647385002478
3112,246.051258485294,9,28,14,28,28,"TM | TMd21 & IC | SOL","TM & SOL | TMd21 & IC",30.4695416007744
883,246.058946742289,10,28,28,14,14,"TM | TMd21 | SOL & IC","TM | TMd21 & IC | SOL",30.4772298577694
857,246.067542345859,9,28,28,14,14,"TM | TMd21 & IC | SOL","TM & TMd21 & SOL | IC",30.4858254613398
895,246.072306142109,10,28,28,14,14,"TM | TMd21 | SOL | IC","TM | TMd21 & SOL & IC",30.4905892575897
2353,246.089596409958,9,14,28,14,28,"TM & SOL | TMd21 & IC","TM | TMd21 & IC | SOL",30.507879525439
1575,246.095837527842,12,14,28,28,14,"TM | TMd21 | SOL | IC","TM | TMd21 | SOL | IC",30.5141206433229
789,246.098436068625,9,28,28,14,14,"TM & SOL | TMd21 | IC","TM & IC | TMd21 & SOL",30.5167191841061
2362,246.114949620211,9,14,28,14,28,"TM & SOL | TMd21 | IC","TM & SOL | TMd21 & IC",30.5332327356917
2437,246.124943878297,9,14,28,14,28,"TM | TMd21 & IC | SOL","TM & SOL | TMd21 & IC",30.5432269937772
2482,246.13639323072,7,28,28,14,28,"TM & TMd21 & SOL & IC","TM & SOL | TMd21 & IC",30.5546763462004
892,246.152932326557,10,28,28,14,14,"TM | TMd21 | SOL | IC","TM & SOL | TMd21 & IC",30.5712154420372
1466,246.167342937485,10,14,28,28,14,"TM & SOL | TMd21 | IC","TM | TMd21 & SOL | IC",30.585626052966
2348,246.177167389499,9,14,28,14,28,"TM & SOL | TMd21 & IC","TM & SOL | TMd21 | IC",30.5954505049797
1538,246.201695080876,10,14,28,28,14,"TM | TMd21 & IC | SOL","TM & SOL | TMd21 | IC",30.6199781963562
1539,246.215703009328,9,14,28,28,14,"TM | TMd21 & IC | SOL","TM & IC | TMd21 & SOL",30.6339861248085
1497,246.264707812556,9,14,28,28,14,"TM | TMd21 & SOL & IC","TM & IC | TMd21 | SOL",30.6829909280362
1550,246.268308710521,10,14,28,28,14,"TM | TMd21 | SOL & IC","TM & TMd21 | SOL | IC",30.686591826002
695,246.28408785353,9,28,28,14,14,"TM & TMd21 & SOL | IC","TM & TMd21 | SOL | IC",30.702370969011
3154,246.314436261156,7,14,28,28,28,"TM & TMd21 & SOL & IC","TM & TMd21 | SOL & IC",30.7327193766361
2988,246.353606876308,9,28,14,28,28,"TM & TMd21 | SOL | IC","TM & TMd21 & IC | SOL",30.7718899917886
894,246.398029812767,10,28,28,14,14,"TM | TMd21 | SOL | IC","TM & IC | TMd21 & SOL",30.8163129282479
2202,246.407699211248,10,28,14,14,28,"TM & IC | TMd21 | SOL","TM & IC | TMd21 | SOL",30.8259823267282
1452,246.40774839332,9,14,28,28,14,"TM & SOL | TMd21 & IC","TM & IC | TMd21 | SOL",30.8260315088009
3277,246.410727853351,8,14,28,28,28,"TM & IC | TMd21 & SOL","TM & SOL | TMd21 & IC",30.8290109688318
2484,246.441007735392,7,28,28,14,28,"TM & TMd21 & SOL & IC","TM & IC | TMd21 & SOL",30.8592908508727
1554,246.441826414653,9,14,28,28,14,"TM | TMd21 | SOL & IC","TM & IC | TMd21 & SOL",30.8601095301332
2186,246.473282561145,10,28,14,14,28,"TM | TMd21 & SOL | IC","TM | TMd21 & SOL | IC",30.8915656766254
870,246.473635416973,11,28,28,14,14,"TM | TMd21 & IC | SOL","TM | TMd21 | SOL | IC",30.8919185324536
2905,246.476402252633,9,14,14,28,28,"TM | TMd21 | SOL & IC","TM | TMd21 & SOL & IC",30.894685368114
1391,246.49801095714,9,14,28,28,14,"TM & TMd21 & IC | SOL","TM | TMd21 & SOL | IC",30.9162940726203
1560,246.505321796189,11,14,28,28,14,"TM | TMd21 | SOL & IC","TM | TMd21 | SOL | IC",30.9236049116691
1535,246.509330131977,10,14,28,28,14,"TM | TMd21 & IC | SOL","TM & TMd21 | SOL | IC",30.9276132474574
1417,246.510124510492,9,14,28,28,14,"TM & TMd21 | SOL | IC","TM & SOL | TMd21 & IC",30.9284076259726
1365,246.553701690006,9,14,28,28,14,"TM & TMd21 & SOL & IC","TM | TMd21 | SOL | IC",30.9719848054868
2934,246.570763370296,7,28,14,28,28,"TM & TMd21 & SOL & IC","TM & IC | TMd21 & SOL",30.989046485777
1468,246.579780560152,10,14,28,28,14,"TM & SOL | TMd21 | IC","TM | TMd21 & IC | SOL",30.9980636756322
2975,246.583584139237,9,28,14,28,28,"TM & TMd21 | SOL & IC","TM & TMd21 | SOL | IC",31.0018672547173
2989,246.611421013784,9,28,14,28,28,"TM & TMd21 | SOL | IC","TM & TMd21 | SOL & IC",31.0297041292649
1419,246.645974531521,9,14,28,28,14,"TM & TMd21 | SOL | IC","TM & IC | TMd21 & SOL",31.0642576470021
3067,246.656533118696,8,28,14,28,28,"TM | TMd21 & SOL & IC","TM & SOL | TMd21 & IC",31.074816234177
754,246.662874139324,8,28,28,14,14,"TM & SOL & IC | TMd21","TM & TMd21 | SOL & IC",31.0811572548043
1406,246.668919932052,9,14,28,28,14,"TM & TMd21 | SOL & IC","TM | TMd21 & SOL | IC",31.0872030475323
1407,246.669371815285,9,14,28,28,14,"TM & TMd21 | SOL & IC","TM & IC | TMd21 | SOL",31.0876549307654
1392,246.675406062197,9,14,28,28,14,"TM & TMd21 & IC | SOL","TM & IC | TMd21 | SOL",31.0936891776781
2187,246.676263598723,10,28,14,14,28,"TM | TMd21 & SOL | IC","TM & IC | TMd21 | SOL",31.0945467142033
1424,246.680678083484,10,14,28,28,14,"TM & TMd21 | SOL | IC","TM | TMd21 | SOL & IC",31.0989611989645
1451,246.681801097696,9,14,28,28,14,"TM & SOL | TMd21 & IC","TM | TMd21 & SOL | IC",31.1000842131764
709,246.688714461762,8,28,28,14,14,"TM & TMd21 & IC | SOL","TM & TMd21 | SOL & IC",31.1069975772424
2973,246.698027159731,8,28,14,28,28,"TM & TMd21 | SOL & IC","TM & TMd21 & IC | SOL",31.1163102752113
1377,246.703783634635,9,14,28,28,14,"TM & TMd21 & SOL | IC","TM & IC | TMd21 | SOL",31.1220667501155
2765,246.71802734074,10,14,14,28,28,"TM & TMd21 | SOL | IC","TM & TMd21 | SOL | IC",31.1363104562209
2244,246.718301737203,10,28,14,14,28,"TM | TMd21 | SOL | IC","TM & IC | TMd21 & SOL",31.1365848526831
2566,246.719230758793,7,28,28,14,28,"TM & SOL | TMd21 & IC","TM & TMd21 & SOL & IC",31.1375138742738
2945,246.723907450322,9,28,14,28,28,"TM & TMd21 & SOL | IC","TM & TMd21 | SOL | IC",31.1421905658031
1436,246.73047886099,9,14,28,28,14,"TM & SOL & IC | TMd21","TM | TMd21 & SOL | IC",31.1487619764704
893,246.741207606085,11,28,28,14,14,"TM | TMd21 | SOL | IC","TM & SOL | TMd21 | IC",31.1594907215655
848,246.772635093397,10,28,28,14,14,"TM & IC | TMd21 | SOL","TM & SOL | TMd21 | IC",31.1909182088773
816,246.773620293045,8,28,28,14,14,"TM | TMd21 & SOL & IC","TM & SOL & IC | TMd21",31.1919034085256
694,246.808265945842,8,28,28,14,14,"TM & TMd21 & SOL | IC","TM & TMd21 | SOL & IC",31.2265490613231
814,246.819408251181,8,28,28,14,14,"TM | TMd21 & SOL & IC","TM & TMd21 | SOL & IC",31.2376913666615
769,246.822284266301,8,28,28,14,14,"TM & SOL | TMd21 & IC","TM & TMd21 | SOL & IC",31.2405673817818
2160,246.8246976804,10,28,14,14,28,"TM & IC | TMd21 & SOL","TM | TMd21 | SOL | IC",31.2429807958807
1557,246.833205401697,10,14,28,28,14,"TM | TMd21 | SOL & IC","TM & IC | TMd21 | SOL",31.2514885171778
689,246.847241574103,8,28,28,14,14,"TM & TMd21 & SOL & IC","TM | TMd21 | SOL & IC",31.2655246895837
680,246.84771703269,8,28,28,14,14,"TM & TMd21 & SOL & IC","TM & TMd21 | SOL | IC",31.2660001481707
799,246.848350454645,8,28,28,14,14,"TM & IC | TMd21 & SOL","TM & TMd21 | SOL & IC",31.2666335701255
2201,246.866709720943,10,28,14,14,28,"TM & IC | TMd21 | SOL","TM | TMd21 & SOL | IC",31.2849928364236
1464,246.880389642134,9,14,28,28,14,"TM & SOL | TMd21 | IC","TM & IC | TMd21 & SOL",31.2986727576145
1423,246.906621770971,10,14,28,28,14,"TM & TMd21 | SOL | IC","TM | TMd21 & IC | SOL",31.3249048864513
1445,246.934141168024,9,14,28,28,14,"TM & SOL | TMd21 & IC","TM & TMd21 | SOL | IC",31.3524242835049
1408,246.941960011996,9,14,28,28,14,"TM & TMd21 | SOL & IC","TM | TMd21 & IC | SOL",31.3602431274762
2938,246.944946236928,8,28,14,28,28,"TM & TMd21 & SOL & IC","TM | TMd21 & IC | SOL",31.3632293524088
2972,246.955580953197,8,28,14,28,28,"TM & TMd21 | SOL & IC","TM & TMd21 & SOL | IC",31.3738640686776
2986,246.968669826809,8,28,14,28,28,"TM & TMd21 | SOL | IC","TM & TMd21 & SOL & IC",31.38695294229
1440,247.074526403751,10,14,28,28,14,"TM & SOL & IC | TMd21","TM | TMd21 | SOL | IC",31.4928095192314
1544,247.092754313926,10,14,28,28,14,"TM | TMd21 & IC | SOL","TM | TMd21 | SOL & IC",31.5110374294065
2901,247.118587451188,9,14,14,28,28,"TM | TMd21 | SOL & IC","TM & SOL & IC | TMd21",31.5368705666687
2962,247.152508115599,8,28,14,28,28,"TM & TMd21 & IC | SOL","TM & SOL | TMd21 & IC",31.5707912310793
783,247.15567479291,9,28,28,14,14,"TM & SOL | TMd21 | IC","TM & TMd21 & IC | SOL",31.5739579083907
1470,247.170582336907,11,14,28,28,14,"TM & SOL | TMd21 | IC","TM | TMd21 | SOL | IC",31.5888654523878
1467,247.208338994264,10,14,28,28,14,"TM & SOL | TMd21 | IC","TM & IC | TMd21 | SOL",31.6266221097446
703,247.237532131319,9,28,28,14,14,"TM & TMd21 & SOL | IC","TM | TMd21 & IC | SOL",31.6558152467996
1545,247.251145223748,11,14,28,28,14,"TM | TMd21 & IC | SOL","TM | TMd21 | SOL | IC",31.6694283392282
702,247.252632042916,9,28,28,14,14,"TM & TMd21 & SOL | IC","TM & IC | TMd21 | SOL",31.6709151583964
828,247.252741272775,9,28,28,14,14,"TM | TMd21 & SOL | IC","TM & TMd21 & IC | SOL",31.6710243882559
1536,247.322095025067,9,14,28,28,14,"TM | TMd21 & IC | SOL","TM & SOL & IC | TMd21",31.7403781405478
2155,247.32478300579,8,28,14,14,28,"TM & IC | TMd21 & SOL","TM | TMd21 & SOL & IC",31.7430661212703
896,247.326808534832,11,28,28,14,14,"TM | TMd21 | SOL | IC","TM | TMd21 & SOL | IC",31.7450916503127
850,247.347004405291,9,28,28,14,14,"TM & IC | TMd21 | SOL","TM | TMd21 & SOL & IC",31.7652875207714
2148,247.351790435295,8,28,14,14,28,"TM & IC | TMd21 & SOL","TM & TMd21 & IC | SOL",31.7700735507756
832,247.353235635524,9,28,28,14,14,"TM | TMd21 & SOL | IC","TM & SOL | TMd21 & IC",31.7715187510049
2718,247.358409604287,8,14,14,28,28,"TM & TMd21 & SOL | IC","TM & TMd21 & IC | SOL",31.7766927197678
2957,247.397883611282,8,28,14,28,28,"TM & TMd21 & IC | SOL","TM & TMd21 & SOL | IC",31.816166726763
2176,247.404272148617,8,28,14,14,28,"TM | TMd21 & SOL | IC","TM & TMd21 & SOL & IC",31.8225552640974
2857,247.412170277162,9,14,14,28,28,"TM | TMd21 & SOL | IC","TM & SOL | TMd21 & IC",31.8304533926431
2238,247.415619048735,10,28,14,14,28,"TM | TMd21 | SOL | IC","TM & TMd21 & IC | SOL",31.8339021642161
2067,247.421288225827,9,28,14,14,28,"TM & TMd21 & IC | SOL","TM & IC | TMd21 | SOL",31.8395713413076
790,247.454188237255,9,28,28,14,14,"TM & SOL | TMd21 | IC","TM | TMd21 & SOL & IC",31.8724713527353
2149,247.454284124161,8,28,14,14,28,"TM & IC | TMd21 & SOL","TM & TMd21 | SOL & IC",31.872567239642
2909,247.479446919501,10,14,14,28,28,"TM | TMd21 | SOL & IC","TM | TMd21 | SOL & IC",31.8977300349821
764,247.480831851327,9,28,28,14,14,"TM & SOL & IC | TMd21","TM | TMd21 | SOL & IC",31.8991149668072
763,247.481951341357,9,28,28,14,14,"TM & SOL & IC | TMd21","TM | TMd21 & IC | SOL",31.9002344568378
761,247.482893379966,9,28,28,14,14,"TM & SOL & IC | TMd21","TM | TMd21 & SOL | IC",31.9011764954468
2900,247.491073757439,10,14,14,28,28,"TM | TMd21 | SOL & IC","TM & TMd21 | SOL | IC",31.90935687292
2760,247.494937648309,10,14,14,28,28,"TM & TMd21 | SOL & IC","TM | TMd21 | SOL | IC",31.91322076379
2203,247.495680018474,10,28,14,14,28,"TM & IC | TMd21 | SOL","TM | TMd21 & IC | SOL",31.9139631339543
2914,247.519038162977,10,14,14,28,28,"TM | TMd21 | SOL | IC","TM & TMd21 | SOL & IC",31.9373212784579
2774,247.52290160178,10,14,14,28,28,"TM & TMd21 | SOL | IC","TM | TMd21 | SOL & IC",31.9411847172603
2191,247.56345314959,8,28,14,14,28,"TM & IC | TMd21 | SOL","TM & TMd21 & SOL & IC",31.9817362650708
2151,247.608258977807,8,28,14,14,28,"TM & IC | TMd21 & SOL","TM & SOL & IC | TMd21",32.026542093288
2152,247.609443978079,8,28,14,14,28,"TM & IC | TMd21 & SOL","TM & SOL | TMd21 & IC",32.0277270935594
2195,247.60944416747,10,28,14,14,28,"TM & IC | TMd21 | SOL","TM & TMd21 | SOL | IC",32.0277272829508
2147,247.618004874976,8,28,14,14,28,"TM & IC | TMd21 & SOL","TM & TMd21 & SOL | IC",32.0362879904562
791,247.624615626192,10,28,28,14,14,"TM & SOL | TMd21 | IC","TM | TMd21 & SOL | IC",32.0428987416722
1394,247.627582964938,9,14,28,28,14,"TM & TMd21 & IC | SOL","TM | TMd21 | SOL & IC",32.0458660804184
3199,247.650541253831,8,14,28,28,28,"TM & TMd21 | SOL & IC","TM & TMd21 | SOL & IC",32.0688243693113
2177,247.665767036017,9,28,14,14,28,"TM | TMd21 & SOL | IC","TM & TMd21 & SOL | IC",32.0840501514974
2841,247.677412981814,8,14,14,28,28,"TM | TMd21 & SOL & IC","TM & SOL & IC | TMd21",32.0956960972944
866,247.680354315741,10,28,28,14,14,"TM | TMd21 & IC | SOL","TM | TMd21 & SOL | IC",32.0986374312219
2596,247.68759137611,7,28,28,14,28,"TM & IC | TMd21 & SOL","TM & TMd21 & SOL & IC",32.1058744915905
2753,247.704388613121,9,14,14,28,28,"TM & TMd21 | SOL & IC","TM & SOL | TMd21 | IC",32.1226717286014
2968,247.716498622352,9,28,14,28,28,"TM & TMd21 & IC | SOL","TM | TMd21 & IC | SOL",32.1347817378325
2897,247.743972871045,9,14,14,28,28,"TM | TMd21 | SOL & IC","TM & TMd21 & SOL | IC",32.1622559865253
2756,247.750552372598,9,14,14,28,28,"TM & TMd21 | SOL & IC","TM | TMd21 & SOL | IC",32.1688354880786
2990,247.805635295669,10,28,14,28,28,"TM & TMd21 | SOL | IC","TM & TMd21 | SOL | IC",32.2239184111494
2769,247.817106228272,9,14,14,28,28,"TM & TMd21 | SOL | IC","TM & IC | TMd21 & SOL",32.2353893437526
3046,247.830492781089,7,28,14,28,28,"TM & IC | TMd21 & SOL","TM & TMd21 & SOL & IC",32.2487758965696
2763,247.837487884764,9,14,14,28,28,"TM & TMd21 | SOL | IC","TM & TMd21 & IC | SOL",32.2557710002446
2766,247.846520867658,9,14,14,28,28,"TM & TMd21 | SOL | IC","TM & SOL & IC | TMd21",32.2648039831381
2902,247.849870891971,9,14,14,28,28,"TM | TMd21 | SOL & IC","TM & SOL | TMd21 & IC",32.2681540074512
2704,247.853185205904,7,14,14,28,28,"TM & TMd21 & SOL & IC","TM & TMd21 | SOL & IC",32.2714683213851
2757,247.856510421293,9,14,14,28,28,"TM & TMd21 | SOL & IC","TM & IC | TMd21 | SOL",32.2747935367736
863,247.862009138431,10,28,28,14,14,"TM | TMd21 & IC | SOL","TM & SOL | TMd21 | IC",32.2802922539112
2904,247.871588487068,9,14,14,28,28,"TM | TMd21 | SOL & IC","TM & IC | TMd21 & SOL",32.2898716025485
2768,247.877015923357,10,14,14,28,28,"TM & TMd21 | SOL | IC","TM & SOL | TMd21 | IC",32.295299038838
2443,247.878454462471,10,14,28,14,28,"TM | TMd21 & IC | SOL","TM | TMd21 & IC | SOL",32.296737577952
2767,247.882714125041,9,14,14,28,28,"TM & TMd21 | SOL | IC","TM & SOL | TMd21 & IC",32.3009972405216
2911,247.888448148187,9,14,14,28,28,"TM | TMd21 | SOL | IC","TM & TMd21 & SOL & IC",32.3067312636672
1388,247.892692176745,9,14,28,28,14,"TM & TMd21 & IC | SOL","TM & SOL | TMd21 | IC",32.3109752922261
2770,247.894518169822,9,14,14,28,28,"TM & TMd21 | SOL | IC","TM | TMd21 & SOL & IC",32.3128012853026
2912,247.897372370815,10,14,14,28,28,"TM | TMd21 | SOL | IC","TM & TMd21 & SOL | IC",32.3156554862956
2898,247.898396412715,9,14,14,28,28,"TM | TMd21 | SOL & IC","TM & TMd21 & IC | SOL",32.316679528196
2758,247.904476422087,9,14,14,28,28,"TM & TMd21 | SOL & IC","TM | TMd21 & IC | SOL",32.3227595375678
2771,247.906819124608,10,14,14,28,28,"TM & TMd21 | SOL | IC","TM | TMd21 & SOL | IC",32.3251022400888
2479,247.908806309197,7,28,28,14,28,"TM & TMd21 & SOL & IC","TM & TMd21 | SOL & IC",32.3270894246778
2814,247.918500419309,9,14,14,28,28,"TM & SOL | TMd21 | IC","TM & IC | TMd21 & SOL",32.3367835347897
3279,247.926691594359,8,14,28,28,28,"TM & IC | TMd21 & SOL","TM & IC | TMd21 & SOL",32.3449747098398
3118,247.928177573539,10,28,14,28,28,"TM | TMd21 & IC | SOL","TM | TMd21 & IC | SOL",32.3464606890193
1416,247.959697158418,9,14,28,28,14,"TM & TMd21 | SOL | IC","TM & SOL & IC | TMd21",32.3779802738988
2368,247.97615809234,10,14,28,14,28,"TM & SOL | TMd21 | IC","TM | TMd21 & IC | SOL",32.3944412078204
1425,247.992620365688,11,14,28,28,14,"TM & TMd21 | SOL | IC","TM | TMd21 | SOL | IC",32.4109034811688
851,248.004828264295,10,28,28,14,14,"TM & IC | TMd21 | SOL","TM | TMd21 & SOL | IC",32.4231113797751
2467,248.011522340646,10,14,28,14,28,"TM | TMd21 | SOL | IC","TM & SOL | TMd21 & IC",32.4298054561266
2433,248.012823532715,9,14,28,14,28,"TM | TMd21 & IC | SOL","TM & TMd21 & IC | SOL",32.4311066481956
2497,248.022581356593,8,28,28,14,28,"TM & TMd21 & SOL | IC","TM & SOL | TMd21 & IC",32.4408644720733
2363,248.032904948724,10,14,28,14,28,"TM & SOL | TMd21 | IC","TM & SOL | TMd21 | IC",32.451188064205
2557,248.036096266852,8,28,28,14,28,"TM & SOL & IC | TMd21","TM & SOL | TMd21 & IC",32.4543793823327
2355,248.038411998373,10,14,28,14,28,"TM & SOL | TMd21 & IC","TM | TMd21 | SOL | IC",32.456695113854
1418,248.064610345365,10,14,28,28,14,"TM & TMd21 | SOL | IC","TM & SOL | TMd21 | IC",32.4828934608452
2438,248.073767037001,10,14,28,14,28,"TM | TMd21 & IC | SOL","TM & SOL | TMd21 | IC",32.4920501524821
792,248.07883298759,10,28,28,14,14,"TM & SOL | TMd21 | IC","TM & IC | TMd21 | SOL",32.4971161030707
2483,248.086068278494,8,28,28,14,28,"TM & TMd21 & SOL & IC","TM & SOL | TMd21 | IC",32.5043513939742
2785,248.122135591122,8,14,14,28,28,"TM & SOL & IC | TMd21","TM | TMd21 & SOL & IC",32.5404187066025
2572,248.13379819137,8,28,28,14,28,"TM & SOL | TMd21 & IC","TM & SOL | TMd21 & IC",32.5520813068505
3159,248.142108490914,7,14,28,28,28,"TM & TMd21 & SOL & IC","TM & IC | TMd21 & SOL",32.5603916063945
2619,248.152407080746,8,28,28,14,28,"TM | TMd21 & SOL & IC","TM & IC | TMd21 & SOL",32.5706901962263
2496,248.154524627311,8,28,28,14,28,"TM & TMd21 & SOL | IC","TM & SOL & IC | TMd21",32.572807742792
785,248.180362795969,10,28,28,14,14,"TM & SOL | TMd21 | IC","TM & TMd21 | SOL | IC",32.5986459114492
2247,248.188671278049,11,28,14,14,28,"TM | TMd21 | SOL | IC","TM & IC | TMd21 | SOL",32.6069543935299
2341,248.205841150356,7,14,28,14,28,"TM & SOL | TMd21 & IC","TM & TMd21 & SOL & IC",32.6241242658365
1542,248.209295784952,10,14,28,28,14,"TM | TMd21 & IC | SOL","TM & IC | TMd21 | SOL",32.6275789004324
3184,248.245558234893,8,14,28,28,28,"TM & TMd21 & IC | SOL","TM & TMd21 | SOL & IC",32.6638413503741
2604,248.266504330414,8,28,28,14,28,"TM & IC | TMd21 & SOL","TM & IC | TMd21 & SOL",32.6847874458942
3155,248.277114813646,8,14,28,28,28,"TM & TMd21 & SOL & IC","TM & TMd21 | SOL | IC",32.6953979291268
3069,248.2802291408,8,28,14,28,28,"TM | TMd21 & SOL & IC","TM & IC | TMd21 & SOL",32.6985122562805
830,248.280347057108,10,28,28,14,14,"TM | TMd21 & SOL | IC","TM & TMd21 | SOL | IC",32.6986301725883
705,248.282531028952,10,28,28,14,14,"TM & TMd21 & SOL | IC","TM | TMd21 | SOL | IC",32.7008141444323
1455,248.28581858485,10,14,28,28,14,"TM & SOL | TMd21 & IC","TM | TMd21 | SOL | IC",32.7041017003305
3063,248.292964180533,8,28,14,28,28,"TM | TMd21 & SOL & IC","TM & TMd21 & IC | SOL",32.7112472960138
2499,248.306203834759,8,28,28,14,28,"TM & TMd21 & SOL | IC","TM & IC | TMd21 & SOL",32.7244869502392
3169,248.309887408751,8,14,28,28,28,"TM & TMd21 & SOL | IC","TM & TMd21 | SOL & IC",32.7281705242316
2849,248.314376068258,9,14,14,28,28,"TM | TMd21 & SOL & IC","TM | TMd21 | SOL & IC",32.7326591837381
2098,248.326957026419,10,28,14,14,28,"TM & TMd21 | SOL | IC","TM | TMd21 & IC | SOL",32.7452401419
2205,248.337408400134,11,28,14,14,28,"TM & IC | TMd21 | SOL","TM | TMd21 | SOL | IC",32.7556915156144
1410,248.363330275903,10,14,28,28,14,"TM & TMd21 | SOL & IC","TM | TMd21 | SOL | IC",32.7816133913832
2486,248.372629866376,8,28,28,14,28,"TM & TMd21 & SOL & IC","TM | TMd21 & SOL | IC",32.7909129818566
2190,248.374955292542,11,28,14,14,28,"TM | TMd21 & SOL | IC","TM | TMd21 | SOL | IC",32.7932384080225
3073,248.382950196902,9,28,14,28,28,"TM | TMd21 & SOL & IC","TM | TMd21 & IC | SOL",32.8012333123827
3054,248.388255968238,8,28,14,28,28,"TM & IC | TMd21 & SOL","TM & IC | TMd21 & SOL",32.806539083719
2906,248.391647781545,10,14,14,28,28,"TM | TMd21 | SOL & IC","TM | TMd21 & SOL | IC",32.8099308970257
2246,248.417046457432,11,28,14,14,28,"TM | TMd21 | SOL | IC","TM | TMd21 & SOL | IC",32.8353295729124
2949,248.437464326163,8,28,14,28,28,"TM & TMd21 & SOL | IC","TM & IC | TMd21 & SOL",32.8557474416437
2500,248.452657420457,8,28,28,14,28,"TM & TMd21 & SOL | IC","TM | TMd21 & SOL & IC",32.870940535938
824,248.463950046864,9,28,28,14,14,"TM | TMd21 & SOL & IC","TM | TMd21 | SOL & IC",32.8822331623447
2920,248.466330364085,10,14,14,28,28,"TM | TMd21 | SOL | IC","TM | TMd21 & SOL & IC",32.8846134795657
2908,248.467086504187,10,14,14,28,28,"TM | TMd21 | SOL & IC","TM | TMd21 & IC | SOL",32.885369619668
3168,248.478594140912,8,14,28,28,28,"TM & TMd21 & SOL | IC","TM & TMd21 & IC | SOL",32.8968772563924
1395,248.488093355225,10,14,28,28,14,"TM & TMd21 & IC | SOL","TM | TMd21 | SOL | IC",32.9063764707059
3016,248.492771277788,7,28,14,28,28,"TM & SOL | TMd21 & IC","TM & TMd21 & SOL & IC",32.9110543932683
2936,248.502426296869,8,28,14,28,28,"TM & TMd21 & SOL & IC","TM | TMd21 & SOL | IC",32.92070941235
931,248.503535709455,7,14,14,28,14,"TM & TMd21 & IC | SOL","TM & TMd21 & SOL & IC",32.9218188249352
844,248.506154324717,9,28,28,14,14,"TM & IC | TMd21 | SOL","TM & TMd21 | SOL & IC",32.9244374401974
2567,248.568218593049,8,28,28,14,28,"TM & SOL | TMd21 & IC","TM & TMd21 & SOL | IC",32.98650170853
861,248.578739809909,9,28,28,14,14,"TM | TMd21 & IC | SOL","TM & SOL & IC | TMd21",32.9970229253896
2950,248.590138083457,8,28,14,28,28,"TM & TMd21 & SOL | IC","TM | TMd21 & SOL & IC",33.0084211989375
2581,248.60796919904,8,28,28,14,28,"TM & SOL | TMd21 | IC","TM & TMd21 & SOL & IC",33.0262523145203
784,248.624052476496,9,28,28,14,14,"TM & SOL | TMd21 | IC","TM & TMd21 | SOL & IC",33.0423355919766
1422,248.634763469109,10,14,28,28,14,"TM & TMd21 | SOL | IC","TM & IC | TMd21 | SOL",33.0530465845894
859,248.660667106789,9,28,28,14,14,"TM | TMd21 & IC | SOL","TM & TMd21 | SOL & IC",33.07895022227
755,248.661777370267,9,28,28,14,14,"TM & SOL & IC | TMd21","TM & TMd21 | SOL | IC",33.0800604857477
719,248.687143185098,9,28,28,14,14,"TM & TMd21 & IC | SOL","TM | TMd21 | SOL & IC",33.1054263005789
2240,248.699579410242,11,28,14,14,28,"TM | TMd21 | SOL | IC","TM & TMd21 | SOL | IC",33.1178625257229
2915,248.70955480089,11,14,14,28,28,"TM | TMd21 | SOL | IC","TM & TMd21 | SOL | IC",33.127837916371
370,248.7098139616,8,28,14,14,14,"TM | TMd21 & SOL & IC","TM | TMd21 & SOL & IC",33.1280970770809
3196,248.711891590201,7,14,28,28,28,"TM & TMd21 | SOL & IC","TM & TMd21 & SOL & IC",33.1301747056817
2775,248.713431347083,11,14,14,28,28,"TM & TMd21 | SOL | IC","TM | TMd21 | SOL | IC",33.1317144625632
831,248.714181884101,9,28,28,14,14,"TM | TMd21 & SOL | IC","TM & SOL & IC | TMd21",33.1324649995819
2571,248.716895522689,8,28,28,14,28,"TM & SOL | TMd21 & IC","TM & SOL & IC | TMd21",33.13517863817
2524,248.717024158578,8,28,28,14,28,"TM & TMd21 | SOL & IC","TM & TMd21 | SOL & IC",33.1353072740589
2196,248.733610629784,9,28,14,14,28,"TM & IC | TMd21 | SOL","TM & SOL & IC | TMd21",33.1518937452649
822,248.761706958726,9,28,28,14,14,"TM | TMd21 & SOL & IC","TM & IC | TMd21 | SOL",33.179990074207
2863,248.764606032851,10,14,14,28,28,"TM | TMd21 & SOL | IC","TM | TMd21 & IC | SOL",33.1828891483315
818,248.771723341778,9,28,28,14,14,"TM | TMd21 & SOL & IC","TM & SOL | TMd21 | IC",33.1900064572583
829,248.77955163148,9,28,28,14,14,"TM | TMd21 & SOL | IC","TM & TMd21 | SOL & IC",33.1978347469601
704,248.806694883611,9,28,28,14,14,"TM & TMd21 & SOL | IC","TM | TMd21 | SOL & IC",33.2249779990917
770,248.809116238299,9,28,28,14,14,"TM & SOL | TMd21 & IC","TM & TMd21 | SOL | IC",33.22739935378
779,248.813621274427,9,28,28,14,14,"TM & SOL | TMd21 & IC","TM | TMd21 | SOL & IC",33.2319043899077
815,248.818312200224,9,28,28,14,14,"TM | TMd21 & SOL & IC","TM & TMd21 | SOL | IC",33.236595315705
833,248.839310449686,10,28,28,14,14,"TM | TMd21 & SOL | IC","TM & SOL | TMd21 | IC",33.2575935651668
800,248.843739829937,9,28,28,14,14,"TM & IC | TMd21 & SOL","TM & TMd21 | SOL | IC",33.2620229454177
690,248.846145650783,9,28,28,14,14,"TM & TMd21 & SOL & IC","TM | TMd21 | SOL | IC",33.2644287662633
809,248.847196558412,9,28,28,14,14,"TM & IC | TMd21 & SOL","TM | TMd21 | SOL & IC",33.2654796738929
2552,248.885595454358,8,28,28,14,28,"TM & SOL & IC | TMd21","TM & TMd21 & SOL | IC",33.3038785698391
3185,248.891042442367,9,14,28,28,28,"TM & TMd21 & IC | SOL","TM & TMd21 | SOL | IC",33.3093255578481
793,248.936030263007,10,28,28,14,14,"TM & SOL | TMd21 | IC","TM | TMd21 & IC | SOL",33.354313378488
2987,248.944668570663,9,28,14,28,28,"TM & TMd21 | SOL | IC","TM & TMd21 & SOL | IC",33.3629516861433
838,248.949274047483,10,28,28,14,14,"TM | TMd21 & SOL | IC","TM | TMd21 & IC | SOL",33.3675571629639
2928,248.982773499003,7,28,14,28,28,"TM & TMd21 & SOL & IC","TM & TMd21 & IC | SOL",33.4010566144833
933,248.988389991612,8,14,14,28,14,"TM & TMd21 & IC | SOL","TM & TMd21 & IC | SOL",33.406673107093
2903,249.01849396974,10,14,14,28,28,"TM | TMd21 | SOL & IC","TM & SOL | TMd21 | IC",33.4367770852209
2092,249.023367924211,9,28,14,14,28,"TM & TMd21 | SOL | IC","TM & SOL | TMd21 & IC",33.4416510396913
2158,249.064824035658,9,28,14,14,28,"TM & IC | TMd21 & SOL","TM | TMd21 & IC | SOL",33.4831071511383
2097,249.07128403342,10,28,14,14,28,"TM & TMd21 | SOL | IC","TM & IC | TMd21 | SOL",33.4895671489008
2917,249.081691952086,10,14,14,28,28,"TM | TMd21 | SOL | IC","TM & SOL | TMd21 & IC",33.4999750675663
2916,249.108542589718,10,14,14,28,28,"TM | TMd21 | SOL | IC","TM & SOL & IC | TMd21",33.5268257051982
2907,249.113573192652,10,14,14,28,28,"TM | TMd21 | SOL & IC","TM & IC | TMd21 | SOL",33.5318563081322
2178,249.137329954916,9,28,14,14,28,"TM | TMd21 & SOL | IC","TM & TMd21 & IC | SOL",33.5556130703964
2921,249.144356545425,11,14,14,28,28,"TM | TMd21 | SOL | IC","TM | TMd21 & SOL | IC",33.5626396609056
776,249.156138638875,9,28,28,14,14,"TM & SOL | TMd21 & IC","TM | TMd21 & SOL | IC",33.5744217543555
2958,249.176331756983,8,28,14,28,28,"TM & TMd21 & IC | SOL","TM & TMd21 & IC | SOL",33.5946148724632
2182,249.221563669372,9,28,14,14,28,"TM | TMd21 & SOL | IC","TM & SOL | TMd21 & IC",33.6398467848521
837,249.252577187158,10,28,28,14,14,"TM | TMd21 & SOL | IC","TM & IC | TMd21 | SOL",33.670860302639
2061,249.260032522681,8,28,14,14,28,"TM & TMd21 & IC | SOL","TM & SOL & IC | TMd21",33.678315638162
2200,249.269677070099,9,28,14,14,28,"TM & IC | TMd21 | SOL","TM | TMd21 & SOL & IC",33.6879601855793
2853,249.276105505655,9,14,14,28,28,"TM | TMd21 & SOL | IC","TM & TMd21 & IC | SOL",33.6943886211359
2185,249.307579961592,9,28,14,14,28,"TM | TMd21 & SOL | IC","TM | TMd21 & SOL & IC",33.7258630770728
2217,249.307733937032,10,28,14,14,28,"TM | TMd21 & IC | SOL","TM & IC | TMd21 | SOL",33.7260170525122
2159,249.313086712988,9,28,14,14,28,"TM & IC | TMd21 & SOL","TM | TMd21 | SOL & IC",33.7313698284688
2720,249.319679811203,9,14,14,28,28,"TM & TMd21 & SOL | IC","TM & TMd21 | SOL | IC",33.7379629266832
2965,249.32827221413,8,28,14,28,28,"TM & TMd21 & IC | SOL","TM | TMd21 & SOL & IC",33.7465553296108
2727,249.345811513957,9,14,14,28,28,"TM & TMd21 & SOL | IC","TM & IC | TMd21 | SOL",33.7640946294377
2919,249.34607743774,10,14,14,28,28,"TM | TMd21 | SOL | IC","TM & IC | TMd21 & SOL",33.7643605532201
854,249.346884181345,10,28,28,14,14,"TM & IC | TMd21 | SOL","TM | TMd21 | SOL & IC",33.7651672968252
2236,249.349184539704,9,28,14,14,28,"TM | TMd21 | SOL | IC","TM & TMd21 & SOL & IC",33.7674676551849
2150,249.35155110292,9,28,14,14,28,"TM & IC | TMd21 & SOL","TM & TMd21 | SOL | IC",33.7698342184004
2070,249.351640393374,10,28,14,14,28,"TM & TMd21 & IC | SOL","TM | TMd21 | SOL | IC",33.769923508855
2808,249.352651022592,9,14,14,28,28,"TM & SOL | TMd21 | IC","TM & TMd21 & IC | SOL",33.770934138073
2728,249.355025301277,9,14,14,28,28,"TM & TMd21 & SOL | IC","TM | TMd21 & IC | SOL",33.7733084167573
2789,249.372583306455,9,14,14,28,28,"TM & SOL & IC | TMd21","TM | TMd21 | SOL & IC",33.7908664219357
2179,249.373110940858,9,28,14,14,28,"TM | TMd21 & SOL | IC","TM & TMd21 | SOL & IC",33.7913940563384
3108,249.374157162253,9,28,14,28,28,"TM | TMd21 & IC | SOL","TM & TMd21 & IC | SOL",33.792440277734
2248,249.374404891967,11,28,14,14,28,"TM | TMd21 | SOL | IC","TM | TMd21 & IC | SOL",33.7926880074474
2181,249.394030931444,9,28,14,14,28,"TM | TMd21 & SOL | IC","TM & SOL & IC | TMd21",33.8123140469251
2858,249.400900824244,10,14,14,28,28,"TM | TMd21 & SOL | IC","TM & SOL | TMd21 | IC",33.8191839397247
2597,249.417087915553,8,28,28,14,28,"TM & IC | TMd21 & SOL","TM & TMd21 & SOL | IC",33.8353710310333
2194,249.431452766035,9,28,14,14,28,"TM & IC | TMd21 | SOL","TM & TMd21 | SOL & IC",33.8497358815156
2910,249.441362706541,11,14,14,28,28,"TM | TMd21 | SOL & IC","TM | TMd21 | SOL | IC",33.8596458220214
2180,249.444714572344,10,28,14,14,28,"TM | TMd21 & SOL | IC","TM & TMd21 | SOL | IC",33.8629976878247
794,249.453083089766,10,28,28,14,14,"TM & SOL | TMd21 | IC","TM | TMd21 | SOL & IC",33.8713662052464
2924,249.469332928828,11,14,14,28,28,"TM | TMd21 | SOL | IC","TM | TMd21 | SOL & IC",33.8876160443091
2626,249.475058318334,8,28,28,14,28,"TM | TMd21 & SOL | IC","TM & TMd21 & SOL & IC",33.8933414338146
765,249.479729644439,10,28,28,14,14,"TM & SOL & IC | TMd21","TM | TMd21 | SOL | IC",33.8980127599195
3018,249.493594170462,8,28,14,28,28,"TM & SOL | TMd21 & IC","TM & TMd21 & IC | SOL",33.9118772859429
2197,249.539240269246,9,28,14,14,28,"TM & IC | TMd21 | SOL","TM & SOL | TMd21 & IC",33.9575233847266
795,249.540697198007,11,28,28,14,14,"TM & SOL | TMd21 | IC","TM | TMd21 | SOL | IC",33.9589803134877
1454,249.55158698843,9,14,28,28,14,"TM & SOL | TMd21 & IC","TM | TMd21 | SOL & IC",33.9698701039109
3047,249.558022397275,8,28,14,28,28,"TM & IC | TMd21 & SOL","TM & TMd21 & SOL | IC",33.9763055127559
3157,249.561159472625,7,14,28,28,28,"TM & TMd21 & SOL & IC","TM & SOL | TMd21 & IC",33.9794425881053
2192,249.562966513414,9,28,14,14,28,"TM & IC | TMd21 | SOL","TM & TMd21 & SOL | IC",33.981249628895
2843,249.584520816576,9,14,14,28,28,"TM | TMd21 & SOL & IC","TM & SOL | TMd21 | IC",34.0028039320566
2918,249.604656251579,11,14,14,28,28,"TM | TMd21 | SOL | IC","TM & SOL | TMd21 | IC",34.0229393670596
2153,249.607713653042,9,28,14,14,28,"TM & IC | TMd21 & SOL","TM & SOL | TMd21 | IC",34.0259967685221
2237,249.610277207796,10,28,14,14,28,"TM | TMd21 | SOL | IC","TM & TMd21 & SOL | IC",34.0285603232767
3200,249.613115982427,9,14,28,28,28,"TM & TMd21 | SOL & IC","TM & TMd21 | SOL | IC",34.0313990979072
3076,249.618086210738,8,28,14,28,28,"TM | TMd21 & SOL | IC","TM & TMd21 & SOL & IC",34.0363693262191
2856,249.630437073226,9,14,14,28,28,"TM | TMd21 & SOL | IC","TM & SOL & IC | TMd21",34.0487201887063
3214,249.64060224762,9,14,28,28,28,"TM & TMd21 | SOL | IC","TM & TMd21 | SOL & IC",34.0588853631009
2183,249.643164881792,10,28,14,14,28,"TM | TMd21 & SOL | IC","TM & SOL | TMd21 | IC",34.0614479972726
2612,249.665235095926,8,28,28,14,28,"TM | TMd21 & SOL & IC","TM & TMd21 & SOL | IC",34.0835182114063
2847,249.670960539929,9,14,14,28,28,"TM | TMd21 & SOL & IC","TM & IC | TMd21 | SOL",34.0892436554098
2886,249.677092839689,9,14,14,28,28,"TM | TMd21 & IC | SOL","TM & SOL & IC | TMd21",34.0953759551699
2817,249.677836100959,10,14,14,28,28,"TM & SOL | TMd21 | IC","TM & IC | TMd21 | SOL",34.0961192164395
2605,249.687475895322,8,28,28,14,28,"TM & IC | TMd21 & SOL","TM | TMd21 & SOL & IC",34.1057590108023
3213,249.694459861714,9,14,28,28,28,"TM & TMd21 | SOL | IC","TM & TMd21 & IC | SOL",34.1127429771942
2839,249.724153945432,8,14,14,28,28,"TM | TMd21 & SOL & IC","TM & TMd21 | SOL & IC",34.1424370609122
2719,249.73131483825,8,14,14,28,28,"TM & TMd21 & SOL | IC","TM & TMd21 | SOL & IC",34.149597953731
2521,249.735249319468,7,28,28,14,28,"TM & TMd21 | SOL & IC","TM & TMd21 & SOL & IC",34.1535324349489
3282,249.752108034963,9,14,28,28,28,"TM & IC | TMd21 & SOL","TM & IC | TMd21 | SOL",34.1703911504441
2621,249.758217404231,9,28,28,14,28,"TM | TMd21 & SOL & IC","TM | TMd21 & SOL | IC",34.1765005197112
2473,249.764915860907,11,14,28,14,28,"TM | TMd21 | SOL | IC","TM | TMd21 & IC | SOL",34.183198976388
2772,249.780205252263,10,14,14,28,28,"TM & TMd21 | SOL | IC","TM & IC | TMd21 | SOL",34.1984883677435
1403,249.788425288525,9,14,28,28,14,"TM & TMd21 | SOL & IC","TM & SOL | TMd21 | IC",34.206708404006
2614,249.78853609054,8,28,28,14,28,"TM | TMd21 & SOL & IC","TM & TMd21 | SOL & IC",34.2068192060205
3062,249.799815835397,8,28,14,28,28,"TM | TMd21 & SOL & IC","TM & TMd21 & SOL | IC",34.2180989508778
2050,249.814326118775,8,28,14,14,28,"TM & TMd21 & SOL | IC","TM | TMd21 & SOL & IC",34.2326092342554
2705,249.816103291053,8,14,14,28,28,"TM & TMd21 & SOL & IC","TM & TMd21 | SOL | IC",34.2343864065338
2343,249.818239536559,8,14,28,14,28,"TM & SOL | TMd21 & IC","TM & TMd21 & IC | SOL",34.2365226520397
2913,249.826724855222,10,14,14,28,28,"TM | TMd21 | SOL | IC","TM & TMd21 & IC | SOL",34.2450079707028
2445,249.827224807747,11,14,28,14,28,"TM | TMd21 & IC | SOL","TM | TMd21 | SOL | IC",34.2455079232276
2734,249.830206202031,8,14,14,28,28,"TM & TMd21 & IC | SOL","TM & TMd21 | SOL & IC",34.2484893175118
3055,249.830329372902,8,28,14,28,28,"TM & IC | TMd21 & SOL","TM | TMd21 & SOL & IC",34.2486124883825
2794,249.831472044247,8,14,14,28,28,"TM & SOL | TMd21 & IC","TM & TMd21 | SOL & IC",34.2497551597273
2773,249.831762853754,10,14,14,28,28,"TM & TMd21 | SOL | IC","TM | TMd21 & IC | SOL",34.2500459692343
2779,249.832930414136,8,14,14,28,28,"TM & SOL & IC | TMd21","TM & TMd21 | SOL & IC",34.251213529617
2714,249.84522509657,8,14,14,28,28,"TM & TMd21 & SOL & IC","TM | TMd21 | SOL & IC",34.2635082120507
2824,249.853138013264,8,14,14,28,28,"TM & IC | TMd21 & SOL","TM & TMd21 | SOL & IC",34.2714211287444
3234,249.861760280967,8,14,28,28,28,"TM & SOL & IC | TMd21","TM & IC | TMd21 & SOL",34.2800433964481
3324,249.871724281321,9,14,28,28,28,"TM & IC | TMd21 | SOL","TM & IC | TMd21 & SOL",34.2900073968013
2442,249.880076705833,10,14,28,14,28,"TM | TMd21 & IC | SOL","TM & IC | TMd21 | SOL",34.2983598213136
3071,249.880196056883,9,28,14,28,28,"TM | TMd21 & SOL & IC","TM | TMd21 & SOL | IC",34.2984791723635
2250,249.88674724587,12,28,14,14,28,"TM | TMd21 | SOL | IC","TM | TMd21 | SOL | IC",34.3050303613504
2370,249.894065754038,11,14,28,14,28,"TM & SOL | TMd21 | IC","TM | TMd21 | SOL | IC",34.3123488695189
2554,249.899477840735,8,28,28,14,28,"TM & SOL & IC | TMd21","TM & TMd21 | SOL & IC",34.3177609562161
2463,249.900294601566,10,14,28,14,28,"TM | TMd21 | SOL | IC","TM & TMd21 & IC | SOL",34.3185777170468
2489,249.907398289521,8,28,28,14,28,"TM & TMd21 & SOL & IC","TM | TMd21 | SOL & IC",34.3256814050014
2816,249.913813632605,10,14,14,28,28,"TM & SOL | TMd21 | IC","TM | TMd21 & SOL | IC",34.3320967480859
2346,249.915466674122,8,14,28,14,28,"TM & SOL | TMd21 & IC","TM & SOL & IC | TMd21",34.3337497896025
2468,249.929442150535,11,14,28,14,28,"TM | TMd21 | SOL | IC","TM & SOL | TMd21 | IC",34.3477252660159
2498,249.967296324333,9,28,28,14,28,"TM & TMd21 & SOL | IC","TM & SOL | TMd21 | IC",34.3855794398137
3162,249.969136344193,8,14,28,28,28,"TM & TMd21 & SOL & IC","TM & IC | TMd21 | SOL",34.3874194596733
2558,250.002188565176,9,28,28,14,28,"TM & SOL & IC | TMd21","TM & SOL | TMd21 | IC",34.4204716806569
2435,250.005723517771,10,14,28,14,28,"TM | TMd21 & IC | SOL","TM & TMd21 | SOL | IC",34.4240066332521
2344,250.006417851847,8,14,28,14,28,"TM & SOL | TMd21 & IC","TM & TMd21 | SOL & IC",34.4247009673273
808,250.020257684066,9,28,28,14,14,"TM & IC | TMd21 & SOL","TM | TMd21 & IC | SOL",34.4385407995464
2587,250.022263697721,9,28,28,14,28,"TM & SOL | TMd21 | IC","TM & SOL | TMd21 & IC",34.4405468132012
2477,250.025295851371,7,28,28,14,28,"TM & TMd21 & SOL & IC","TM & TMd21 & SOL | IC",34.4435789668518
2786,250.045455744589,9,14,14,28,28,"TM & SOL & IC | TMd21","TM | TMd21 & SOL | IC",34.46373886007
2634,250.052782707182,9,28,28,14,28,"TM | TMd21 & SOL | IC","TM & IC | TMd21 & SOL",34.471065822663
2815,250.065859182622,9,14,14,28,28,"TM & SOL | TMd21 | IC","TM | TMd21 & SOL & IC",34.4841422981022
2573,250.08347269266,9,28,28,14,28,"TM & SOL | TMd21 & IC","TM & SOL | TMd21 | IC",34.5017558081403
2431,250.093040842462,8,14,28,14,28,"TM | TMd21 & IC | SOL","TM & TMd21 & SOL & IC",34.5113239579422
2356,250.09526966337,8,14,28,14,28,"TM & SOL | TMd21 | IC","TM & TMd21 & SOL & IC",34.5135527788507
2788,250.110519695875,9,14,14,28,28,"TM & SOL & IC | TMd21","TM | TMd21 & IC | SOL",34.5288028113555
2875,250.12064978544,9,14,14,28,28,"TM & IC | TMd21 | SOL","TM | TMd21 & SOL & IC",34.5389329009205
3189,250.136882247846,8,14,28,28,28,"TM & TMd21 & IC | SOL","TM & IC | TMd21 & SOL",34.5551653633265
2923,250.142550069284,11,14,14,28,28,"TM | TMd21 | SOL | IC","TM | TMd21 & IC | SOL",34.5608331847644
361,250.144502047704,7,28,14,14,14,"TM | TMd21 & SOL & IC","TM & TMd21 & SOL & IC",34.5627851631846
2927,250.153749360688,7,28,14,28,28,"TM & TMd21 & SOL & IC","TM & TMd21 & SOL | IC",34.5720324761689
2586,250.154490580468,9,28,28,14,28,"TM & SOL | TMd21 | IC","TM & SOL & IC | TMd21",34.5727736959485
2349,250.172898089552,8,14,28,14,28,"TM & SOL | TMd21 & IC","TM & IC | TMd21 & SOL",34.5911812050327
3084,250.174643240237,9,28,14,28,28,"TM | TMd21 & SOL | IC","TM & IC | TMd21 & SOL",34.5929263557178
2034,250.18028878133,7,28,14,14,28,"TM & TMd21 & SOL & IC","TM & IC | TMd21 & SOL",34.5985718968107
2350,250.182233638741,8,14,28,14,28,"TM & SOL | TMd21 & IC","TM | TMd21 & SOL & IC",34.6005167542216
3170,250.188786744242,9,14,28,28,28,"TM & TMd21 & SOL | IC","TM & TMd21 | SOL | IC",34.6070698597229
840,250.194102370745,11,28,28,14,14,"TM | TMd21 & SOL | IC","TM | TMd21 | SOL | IC",34.6123854862253
2342,250.196659059885,8,14,28,14,28,"TM & SOL | TMd21 & IC","TM & TMd21 & SOL | IC",34.6149421753659
2635,250.196724662823,9,28,28,14,28,"TM | TMd21 & SOL | IC","TM | TMd21 & SOL & IC",34.6150077783037
2606,250.197915912158,9,28,28,14,28,"TM & IC | TMd21 & SOL","TM | TMd21 & SOL | IC",34.6161990276387
2293,250.216938162124,9,14,28,14,28,"TM & TMd21 & IC | SOL","TM | TMd21 & IC | SOL",34.6352212776043
932,250.244644864318,8,14,14,28,14,"TM & TMd21 & IC | SOL","TM & TMd21 & SOL | IC",34.6629279797988
2491,250.246156478148,7,28,28,14,28,"TM & TMd21 & SOL | IC","TM & TMd21 & SOL & IC",34.6644395936282
2501,250.262518637662,9,28,28,14,28,"TM & TMd21 & SOL | IC","TM | TMd21 & SOL | IC",34.6808017531423
2864,250.264691028107,10,14,14,28,28,"TM | TMd21 & SOL | IC","TM | TMd21 | SOL & IC",34.6829741435878
2850,250.276740962803,10,14,14,28,28,"TM | TMd21 & SOL & IC","TM | TMd21 | SOL | IC",34.6950240782838
1209,250.27743689133,8,28,14,28,14,"TM & SOL & IC | TMd21","TM & IC | TMd21 & SOL",34.6957200068107
2100,250.278479986328,11,28,14,14,28,"TM & TMd21 | SOL | IC","TM | TMd21 | SOL | IC",34.6967631018084
961,250.310428602129,8,14,14,28,14,"TM & TMd21 | SOL | IC","TM & TMd21 & SOL & IC",34.7287117176096
2894,250.313824584026,10,14,14,28,28,"TM | TMd21 & IC | SOL","TM | TMd21 | SOL & IC",34.7321076995065
869,250.318120982582,10,28,28,14,14,"TM | TMd21 & IC | SOL","TM | TMd21 | SOL & IC",34.7364040980631
3056,250.319702486481,9,28,14,28,28,"TM & IC | TMd21 & SOL","TM | TMd21 & SOL | IC",34.7379856019615
937,250.322206152046,8,14,14,28,14,"TM & TMd21 & IC | SOL","TM & SOL | TMd21 & IC",34.7404892675264
3085,250.328492897949,9,28,14,28,28,"TM | TMd21 & SOL | IC","TM | TMd21 & SOL & IC",34.7467760134297
803,250.334061100225,9,28,28,14,14,"TM & IC | TMd21 & SOL","TM & SOL | TMd21 | IC",34.752344215706
531,250.353086259123,8,14,28,14,14,"TM & SOL & IC | TMd21","TM & SOL & IC | TMd21",34.7713693746032
3106,250.362245148692,8,28,14,28,28,"TM | TMd21 & IC | SOL","TM & TMd21 & SOL & IC",34.7805282641723
2941,250.380031952512,7,28,14,28,28,"TM & TMd21 & SOL | IC","TM & TMd21 & SOL & IC",34.7983150679931
3198,250.381444033735,8,14,28,28,28,"TM & TMd21 | SOL & IC","TM & TMd21 & IC | SOL",34.7997271492155
2134,250.383740958961,9,28,14,14,28,"TM & SOL | TMd21 | IC","TM & TMd21 | SOL & IC",34.8020240744418
2951,250.395783870924,9,28,14,28,28,"TM & TMd21 & SOL | IC","TM | TMd21 & SOL | IC",34.814066986405
1081,250.41146335639,8,14,14,28,14,"TM | TMd21 & IC | SOL","TM & TMd21 & SOL & IC",34.8297464718705
939,250.41414553729,8,14,14,28,14,"TM & TMd21 & IC | SOL","TM & IC | TMd21 & SOL",34.8324286527705
934,250.420190307244,8,14,14,28,14,"TM & TMd21 & IC | SOL","TM & TMd21 | SOL & IC",34.8384734227247
839,250.430508237616,10,28,28,14,14,"TM | TMd21 & SOL | IC","TM | TMd21 | SOL & IC",34.8487913530968
2103,250.449060533226,8,28,14,14,28,"TM & SOL & IC | TMd21","TM & TMd21 & IC | SOL",34.8673436487067
940,250.459809209512,8,14,14,28,14,"TM & TMd21 & IC | SOL","TM | TMd21 & SOL & IC",34.8780923249928
825,250.462852364564,10,28,28,14,14,"TM | TMd21 & SOL & IC","TM | TMd21 | SOL | IC",34.8811354800449
3192,250.478221912431,9,14,28,28,28,"TM & TMd21 & IC | SOL","TM & IC | TMd21 | SOL",34.8965050279114
3025,250.479809756425,8,28,14,28,28,"TM & SOL | TMd21 & IC","TM | TMd21 & SOL & IC",34.8980928719061
1066,250.484887453602,8,14,14,28,14,"TM & IC | TMd21 | SOL","TM & TMd21 & SOL & IC",34.9031705690822
936,250.496867839609,8,14,14,28,14,"TM & TMd21 & IC | SOL","TM & SOL & IC | TMd21",34.9151509550894
3241,250.500758817686,7,14,28,28,28,"TM & SOL | TMd21 & IC","TM & TMd21 & SOL & IC",34.9190419331662
2440,250.507923670283,9,14,28,14,28,"TM | TMd21 & IC | SOL","TM | TMd21 & SOL & IC",34.9262067857636
2204,250.518472118176,10,28,14,14,28,"TM & IC | TMd21 | SOL","TM | TMd21 | SOL & IC",34.936755233657
2241,250.518572586245,10,28,14,14,28,"TM | TMd21 | SOL | IC","TM & SOL & IC | TMd21",34.9368557017256
2582,250.564013781046,9,28,28,14,28,"TM & SOL | TMd21 | IC","TM & TMd21 & SOL | IC",34.9822968965267
374,250.568102530468,9,28,14,14,14,"TM | TMd21 & SOL & IC","TM | TMd21 | SOL & IC",34.9863856459484
430,250.60240728163,9,28,14,14,14,"TM | TMd21 | SOL & IC","TM | TMd21 & SOL & IC",35.0206903971109
780,250.625390474853,10,28,28,14,14,"TM & SOL | TMd21 & IC","TM | TMd21 | SOL | IC",35.0436735903333
385,250.647309591259,9,28,14,14,14,"TM | TMd21 & SOL | IC","TM | TMd21 & SOL & IC",35.0655927067391
2925,250.659680914103,12,14,14,28,28,"TM | TMd21 | SOL | IC","TM | TMd21 | SOL | IC",35.0779640295833
371,250.662827477257,9,28,14,14,14,"TM | TMd21 & SOL & IC","TM | TMd21 & SOL | IC",35.0811105927375
3197,250.671962272098,8,14,28,28,28,"TM & TMd21 | SOL & IC","TM & TMd21 & SOL | IC",35.0902453875788
373,250.684328635594,9,28,14,14,14,"TM | TMd21 & SOL & IC","TM | TMd21 & IC | SOL",35.1026117510747
2560,250.686070332874,8,28,28,14,28,"TM & SOL & IC | TMd21","TM | TMd21 & SOL & IC",35.1043534483547
2357,250.699584697164,9,14,28,14,28,"TM & SOL | TMd21 | IC","TM & TMd21 & SOL | IC",35.1178678126445
2674,250.700413776751,9,28,28,14,28,"TM | TMd21 | SOL & IC","TM & TMd21 | SOL & IC",35.1186968922312
3211,250.702079083412,8,14,28,28,28,"TM & TMd21 | SOL | IC","TM & TMd21 & SOL & IC",35.1203621988927
415,250.703776537685,9,28,14,14,14,"TM | TMd21 & IC | SOL","TM | TMd21 & SOL & IC",35.1220596531651
2534,250.715548099156,9,28,28,14,28,"TM & TMd21 | SOL & IC","TM | TMd21 | SOL & IC",35.1338312146362
2242,250.722187057173,10,28,14,14,28,"TM | TMd21 | SOL | IC","TM & SOL | TMd21 & IC",35.1404701726533
2198,250.730121147624,10,28,14,14,28,"TM & IC | TMd21 | SOL","TM & SOL | TMd21 | IC",35.148404263105
2865,250.761001890485,11,14,14,28,28,"TM | TMd21 & SOL | IC","TM | TMd21 | SOL | IC",35.1792850059652
963,250.797367353727,9,14,14,28,14,"TM & TMd21 | SOL | IC","TM & TMd21 & IC | SOL",35.215650469208
935,250.800428257748,9,14,14,28,14,"TM & TMd21 & IC | SOL","TM & TMd21 | SOL | IC",35.2187113732283
810,250.840361878741,10,28,28,14,14,"TM & IC | TMd21 & SOL","TM | TMd21 | SOL | IC",35.2586449942217
3215,250.844981841152,10,14,28,28,28,"TM & TMd21 | SOL | IC","TM & TMd21 | SOL | IC",35.2632649566325
2922,250.865850710745,11,14,14,28,28,"TM | TMd21 | SOL | IC","TM & IC | TMd21 | SOL",35.2841338262255
3182,250.893844440273,8,14,28,28,28,"TM & TMd21 & IC | SOL","TM & TMd21 & SOL | IC",35.3121275557537
1083,250.900276743167,9,14,14,28,14,"TM | TMd21 & IC | SOL","TM & TMd21 & IC | SOL",35.3185598586477
2956,250.901847057714,7,28,14,28,28,"TM & TMd21 & IC | SOL","TM & TMd21 & SOL & IC",35.3201301731945
943,250.913108440304,9,14,14,28,14,"TM & TMd21 & IC | SOL","TM | TMd21 & IC | SOL",35.3313915557847
3228,250.925417034554,8,14,28,28,28,"TM & SOL & IC | TMd21","TM & TMd21 & IC | SOL",35.3437001500351
2091,250.926694848532,9,28,14,14,28,"TM & TMd21 | SOL | IC","TM & SOL & IC | TMd21",35.3449779640129
2862,250.947947844735,10,14,14,28,28,"TM | TMd21 & SOL | IC","TM & IC | TMd21 | SOL",35.3662309602157
942,250.962812578739,9,14,14,28,14,"TM & TMd21 & IC | SOL","TM & IC | TMd21 | SOL",35.3810956942195
1068,250.968574728165,9,14,14,28,14,"TM & IC | TMd21 | SOL","TM & TMd21 & IC | SOL",35.3868578436459
2888,250.974795939019,10,14,14,28,28,"TM | TMd21 & IC | SOL","TM & SOL | TMd21 | IC",35.3930790544993
2093,251.00741545483,10,28,14,14,28,"TM & TMd21 | SOL | IC","TM & SOL | TMd21 | IC",35.4256985703108
3115,251.017897572031,9,28,14,28,28,"TM | TMd21 & IC | SOL","TM | TMd21 & SOL & IC",35.4361806875116
1248,251.03907800407,8,28,14,28,14,"TM & IC | TMd21 & SOL","TM & TMd21 & IC | SOL",35.4573611195508
2476,251.048651679403,6,28,28,14,28,"TM & TMd21 & SOL & IC","TM & TMd21 & SOL & IC",35.4669347948839
2188,251.051902754413,10,28,14,14,28,"TM | TMd21 & SOL | IC","TM | TMd21 & IC | SOL",35.4701858698935
2069,251.056067755975,9,28,14,14,28,"TM & TMd21 & IC | SOL","TM | TMd21 | SOL & IC",35.4743508714557
1299,251.066553110944,9,28,14,28,14,"TM & IC | TMd21 | SOL","TM & IC | TMd21 & SOL",35.4848362264247
2210,251.078789480158,10,28,14,14,28,"TM | TMd21 & IC | SOL","TM & TMd21 | SOL | IC",35.4970725956384
777,251.120328287216,9,28,28,14,14,"TM & SOL | TMd21 & IC","TM & IC | TMd21 | SOL",35.5386114026968
2616,251.139673075307,8,28,28,14,28,"TM | TMd21 & SOL & IC","TM & SOL & IC | TMd21",35.5579561907876
2818,251.140959302517,10,14,14,28,28,"TM & SOL | TMd21 | IC","TM | TMd21 & IC | SOL",35.5592424179975
2481,251.141560381216,7,28,28,14,28,"TM & TMd21 & SOL & IC","TM & SOL & IC | TMd21",35.5598434966969
2211,251.141973791034,9,28,14,14,28,"TM | TMd21 & IC | SOL","TM & SOL & IC | TMd21",35.5602569065145
424,251.169332134849,9,28,14,14,14,"TM | TMd21 | SOL & IC","TM & TMd21 | SOL & IC",35.5876152503296
2926,251.175882875388,6,28,14,28,28,"TM & TMd21 & SOL & IC","TM & TMd21 & SOL & IC",35.5941659908686
3271,251.185375749606,7,14,28,28,28,"TM & IC | TMd21 & SOL","TM & TMd21 & SOL & IC",35.6036588650867
2624,251.219367854233,9,28,28,14,28,"TM | TMd21 & SOL & IC","TM | TMd21 | SOL & IC",35.6376509697131
2855,251.223323544402,10,14,14,28,28,"TM | TMd21 & SOL | IC","TM & TMd21 | SOL | IC",35.6416066598831
2245,251.252470058816,10,28,14,14,28,"TM | TMd21 | SOL | IC","TM | TMd21 & SOL & IC",35.670753174297
2802,251.252813510391,9,14,14,28,28,"TM & SOL | TMd21 & IC","TM & IC | TMd21 | SOL",35.6710966258719
2063,251.255225344746,9,28,14,14,28,"TM & TMd21 & IC | SOL","TM & SOL | TMd21 | IC",35.6735084602262
2243,251.255286078948,11,28,14,14,28,"TM | TMd21 | SOL | IC","TM & SOL | TMd21 | IC",35.6735691944288
2220,251.281026618244,11,28,14,14,28,"TM | TMd21 & IC | SOL","TM | TMd21 | SOL | IC",35.699309733725
2189,251.29486645727,10,28,14,14,28,"TM | TMd21 & SOL | IC","TM | TMd21 | SOL & IC",35.7131495727507
2239,251.309339103147,10,28,14,14,28,"TM | TMd21 | SOL | IC","TM & TMd21 | SOL & IC",35.7276222186272
2810,251.309850045513,10,14,14,28,28,"TM & SOL | TMd21 | IC","TM & TMd21 | SOL | IC",35.7281331609935
2730,251.312377488469,10,14,14,28,28,"TM & TMd21 & SOL | IC","TM | TMd21 | SOL | IC",35.7306606039494
1212,251.313652504337,9,28,14,28,14,"TM & SOL & IC | TMd21","TM & IC | TMd21 | SOL",35.7319356198172
2819,251.3141867158,10,14,14,28,28,"TM & SOL | TMd21 | IC","TM | TMd21 | SOL & IC",35.7324698312811
2485,251.318874771198,7,28,28,14,28,"TM & TMd21 & SOL & IC","TM | TMd21 & SOL & IC",35.7371578866782
2790,251.335114480578,10,14,14,28,28,"TM & SOL & IC | TMd21","TM | TMd21 | SOL | IC",35.7533975960585
1203,251.349262841482,8,28,14,28,14,"TM & SOL & IC | TMd21","TM & TMd21 & IC | SOL",35.7675459569625
2879,251.370763533301,10,14,14,28,28,"TM & IC | TMd21 | SOL","TM | TMd21 | SOL & IC",35.7890466487815
1074,251.405671274787,9,14,14,28,14,"TM & IC | TMd21 | SOL","TM & IC | TMd21 & SOL",35.8239543902676
2627,251.414740833708,9,28,28,14,28,"TM | TMd21 & SOL | IC","TM & TMd21 & SOL | IC",35.8330239491887
2465,251.422539135531,11,14,28,14,28,"TM | TMd21 | SOL | IC","TM & TMd21 | SOL | IC",35.8408222510114
3232,251.427678546499,8,14,28,28,28,"TM & SOL & IC | TMd21","TM & SOL | TMd21 & IC",35.8459616619794
2935,251.446702783446,7,28,14,28,28,"TM & TMd21 & SOL & IC","TM | TMd21 & SOL & IC",35.8649858989264
964,251.466046775632,9,14,14,28,14,"TM & TMd21 | SOL | IC","TM & TMd21 | SOL & IC",35.8843298911122
3172,251.480467150141,8,14,28,28,28,"TM & TMd21 & SOL | IC","TM & SOL | TMd21 & IC",35.8987502656213
3327,251.503434324267,10,14,28,28,28,"TM & IC | TMd21 | SOL","TM & IC | TMd21 | SOL",35.921717439748
3158,251.511550587247,8,14,28,28,28,"TM & TMd21 & SOL & IC","TM & SOL | TMd21 | IC",35.929833702728
3247,251.520925844664,8,14,28,28,28,"TM & SOL | TMd21 & IC","TM & SOL | TMd21 & IC",35.939208960145
2352,251.536538533465,9,14,28,14,28,"TM & SOL | TMd21 & IC","TM & IC | TMd21 | SOL",35.9548216489455
2833,251.545231489367,9,14,14,28,28,"TM & IC | TMd21 & SOL","TM | TMd21 & IC | SOL",35.9635146048474
3077,251.555180554354,9,28,14,28,28,"TM | TMd21 & SOL | IC","TM & TMd21 & SOL | IC",35.9734636698347
2526,251.555918104513,8,28,28,14,28,"TM & TMd21 | SOL & IC","TM & SOL & IC | TMd21",35.9742012199938
384,251.598043049394,9,28,14,14,14,"TM | TMd21 & SOL | IC","TM & IC | TMd21 & SOL",36.0163261648746
2140,251.599539829811,9,28,14,14,28,"TM & SOL | TMd21 | IC","TM | TMd21 & SOL & IC",36.0178229452917
2049,251.60076849371,8,28,14,14,28,"TM & TMd21 & SOL | IC","TM & IC | TMd21 & SOL",36.0190516091909
2112,251.604650488517,9,28,14,14,28,"TM & SOL & IC | TMd21","TM & IC | TMd21 | SOL",36.0229336039978
2854,251.604900418641,9,14,14,28,28,"TM | TMd21 & SOL | IC","TM & TMd21 | SOL & IC",36.023183534122
2530,251.613597687922,8,28,28,14,28,"TM & TMd21 | SOL & IC","TM | TMd21 & SOL & IC",36.031880803403
2876,251.630674439509,10,14,14,28,28,"TM & IC | TMd21 | SOL","TM | TMd21 & SOL | IC",36.0489575549896
2892,251.642476157524,10,14,14,28,28,"TM | TMd21 & IC | SOL","TM & IC | TMd21 | SOL",36.0607592730049
2322,251.658656567519,10,14,28,14,28,"TM & TMd21 | SOL | IC","TM & IC | TMd21 | SOL",36.0769396829997
2361,251.664730186552,9,14,28,14,28,"TM & SOL | TMd21 | IC","TM & SOL & IC | TMd21",36.0830133020326
408,251.668085964197,9,28,14,14,14,"TM | TMd21 & IC | SOL","TM & TMd21 & IC | SOL",36.086369079678
2820,251.676634238999,11,14,14,28,28,"TM & SOL | TMd21 | IC","TM | TMd21 | SOL | IC",36.0949173544797
2795,251.677506114692,9,14,14,28,28,"TM & SOL | TMd21 & IC","TM & TMd21 | SOL | IC",36.0957892301727
2475,251.682750920024,12,14,28,14,28,"TM | TMd21 | SOL | IC","TM | TMd21 | SOL | IC",36.1010340355044
2840,251.687052003846,9,14,14,28,28,"TM | TMd21 & SOL & IC","TM & TMd21 | SOL | IC",36.1053351193263
717,251.688636745264,9,28,28,14,14,"TM & TMd21 & IC | SOL","TM & IC | TMd21 | SOL",36.1069198607446
2053,251.701710370913,9,28,14,14,28,"TM & TMd21 & SOL | IC","TM | TMd21 & IC | SOL",36.1199934863932
2884,251.702322033282,9,14,14,28,28,"TM | TMd21 & IC | SOL","TM & TMd21 | SOL & IC",36.1206051487628
2358,251.707488541633,9,14,28,14,28,"TM & SOL | TMd21 | IC","TM & TMd21 & IC | SOL",36.1257716571141
2809,251.711966052629,9,14,14,28,28,"TM & SOL | TMd21 | IC","TM & TMd21 | SOL & IC",36.13024916811
2671,251.718815457541,8,28,28,14,28,"TM | TMd21 | SOL & IC","TM & TMd21 & SOL & IC",36.1370985730221
2729,251.723406706755,9,14,14,28,28,"TM & TMd21 & SOL | IC","TM | TMd21 | SOL & IC",36.1416898222352
2054,251.738062738371,9,28,14,14,28,"TM & TMd21 & SOL | IC","TM | TMd21 | SOL & IC",36.1563458538514
2636,251.758181061563,10,28,28,14,28,"TM | TMd21 & SOL | IC","TM | TMd21 & SOL | IC",36.1764641770436
2051,251.767474338432,9,28,14,14,28,"TM & TMd21 & SOL | IC","TM | TMd21 & SOL | IC",36.1857574539123
3171,251.771914025465,8,14,28,28,28,"TM & TMd21 & SOL | IC","TM & SOL & IC | TMd21",36.1901971409459
1087,251.782681933237,9,14,14,28,14,"TM | TMd21 & IC | SOL","TM & SOL | TMd21 & IC",36.2009650487172
2551,251.783741101128,7,28,28,14,28,"TM & SOL & IC | TMd21","TM & TMd21 & SOL & IC",36.2020242166082
2564,251.785574285595,9,28,28,14,28,"TM & SOL & IC | TMd21","TM | TMd21 | SOL & IC",36.203857401076
2825,251.789041472634,9,14,14,28,28,"TM & IC | TMd21 & SOL","TM & TMd21 | SOL | IC",36.2073245881144
2780,251.795845356287,9,14,14,28,28,"TM & SOL & IC | TMd21","TM & TMd21 | SOL | IC",36.2141284717675
364,251.796663788773,8,28,14,14,14,"TM | TMd21 & SOL & IC","TM & TMd21 | SOL & IC",36.2149469042535
2436,251.802885874201,9,14,28,14,28,"TM | TMd21 & IC | SOL","TM & SOL & IC | TMd21",36.2211689896811
2715,251.808141946556,9,14,14,28,28,"TM & TMd21 & SOL & IC","TM | TMd21 | SOL | IC",36.2264250620366
2735,251.808295103934,9,14,14,28,28,"TM & TMd21 & IC | SOL","TM & TMd21 | SOL | IC",36.2265782194144
2869,251.810348850531,9,14,14,28,28,"TM & IC | TMd21 | SOL","TM & TMd21 | SOL & IC",36.2286319660119
2345,251.810614768054,9,14,28,14,28,"TM & SOL | TMd21 & IC","TM & TMd21 | SOL | IC",36.2288978835344
947,251.811532237835,8,14,14,28,14,"TM & TMd21 | SOL & IC","TM & TMd21 & SOL | IC",36.2298153533157
2095,251.814324149576,9,28,14,14,28,"TM & TMd21 | SOL | IC","TM | TMd21 & SOL & IC",36.2326072650565
3237,251.822088408163,9,14,28,28,28,"TM & SOL & IC | TMd21","TM & IC | TMd21 | SOL",36.2403715236437
2744,251.822269673577,9,14,14,28,28,"TM & TMd21 & IC | SOL","TM | TMd21 | SOL & IC",36.2405527890577
1090,251.829990749924,9,14,14,28,14,"TM | TMd21 & IC | SOL","TM | TMd21 & SOL & IC",36.248273865405
2804,251.831069544965,9,14,14,28,28,"TM & SOL | TMd21 & IC","TM | TMd21 | SOL & IC",36.249352660446
2834,251.839079820707,9,14,14,28,28,"TM & IC | TMd21 & SOL","TM | TMd21 | SOL & IC",36.2573629361871
3318,251.85203246172,9,14,28,28,28,"TM & IC | TMd21 | SOL","TM & TMd21 & IC | SOL",36.2703155772004
1026,251.875411224174,8,14,14,28,14,"TM & IC | TMd21 & SOL","TM & SOL & IC | TMd21",36.2936943396545
2472,251.879540285409,11,14,28,14,28,"TM | TMd21 | SOL | IC","TM & IC | TMd21 | SOL",36.2978234008895
3086,251.880191859392,10,28,14,28,28,"TM | TMd21 & SOL | IC","TM | TMd21 & SOL | IC",36.2984749748726
2354,251.889894224015,9,14,28,14,28,"TM & SOL | TMd21 & IC","TM | TMd21 | SOL & IC",36.308177339496
2109,251.894748680489,8,28,14,14,28,"TM & SOL & IC | TMd21","TM & IC | TMd21 & SOL",36.3130317959697
2364,251.897178218624,9,14,28,14,28,"TM & SOL | TMd21 | IC","TM & IC | TMd21 & SOL",36.315461334105
2889,251.902944451187,9,14,14,28,28,"TM | TMd21 & IC | SOL","TM & IC | TMd21 & SOL",36.3212275666677
2732,251.906407384632,8,14,14,28,28,"TM & TMd21 & IC | SOL","TM & TMd21 & SOL | IC",36.3246905001122
2209,251.909350814117,9,28,14,14,28,"TM | TMd21 & IC | SOL","TM & TMd21 | SOL & IC",36.3276339295981
2079,251.940950771068,8,28,14,14,28,"TM & TMd21 | SOL & IC","TM & IC | TMd21 & SOL",36.3592338865488
2588,251.941549661171,10,28,28,14,28,"TM & SOL | TMd21 | IC","TM & SOL | TMd21 | IC",36.3598327766514
962,251.956710432437,9,14,14,28,14,"TM & TMd21 | SOL | IC","TM & TMd21 & SOL | IC",36.3749935479179
718,251.970377392831,9,28,28,14,14,"TM & TMd21 & IC | SOL","TM | TMd21 & IC | SOL",36.3886605083121
2461,251.982417144893,9,14,28,14,28,"TM | TMd21 | SOL | IC","TM & TMd21 & SOL & IC",36.400700260374
2323,251.983549102365,10,14,28,14,28,"TM & TMd21 | SOL | IC","TM | TMd21 & IC | SOL",36.401832217846
2359,251.996631580935,9,14,28,14,28,"TM & SOL | TMd21 | IC","TM & TMd21 | SOL & IC",36.4149146964153
2144,252.004065512082,10,28,14,14,28,"TM & SOL | TMd21 | IC","TM | TMd21 | SOL & IC",36.4223486275624
2434,252.005119413825,9,14,28,14,28,"TM | TMd21 & IC | SOL","TM & TMd21 | SOL & IC",36.4234025293052
2492,252.017862387991,8,28,28,14,28,"TM & TMd21 & SOL | IC","TM & TMd21 & SOL | IC",36.4361455034719
2133,252.02552822736,9,28,14,14,28,"TM & SOL | TMd21 | IC","TM & TMd21 & IC | SOL",36.4438113428409
421,252.038628218901,8,28,14,14,14,"TM | TMd21 | SOL & IC","TM & TMd21 & SOL & IC",36.456911334382
362,252.039084435967,8,28,14,14,14,"TM | TMd21 & SOL & IC","TM & TMd21 & SOL | IC",36.4573675514475
2895,252.043078017708,11,14,14,28,28,"TM | TMd21 & IC | SOL","TM | TMd21 | SOL | IC",36.4613611331889
3183,252.048591682061,8,14,28,28,28,"TM & TMd21 & IC | SOL","TM & TMd21 & IC | SOL",36.4668747975416
1144,252.065344801324,8,28,14,28,14,"TM & TMd21 & SOL | IC","TM & TMd21 | SOL & IC",36.4836279168047
2365,252.071651226857,9,14,28,14,28,"TM & SOL | TMd21 | IC","TM | TMd21 & SOL & IC",36.4899343423381
2439,252.071798764306,9,14,28,14,28,"TM | TMd21 & IC | SOL","TM & IC | TMd21 & SOL",36.4900818797864
363,252.072646729171,8,28,14,14,14,"TM | TMd21 & SOL & IC","TM & TMd21 & IC | SOL",36.4909298446513
366,252.07521309922,8,28,14,14,14,"TM | TMd21 & SOL & IC","TM & SOL & IC | TMd21",36.4934962147008
2878,252.076759586292,10,14,14,28,28,"TM & IC | TMd21 | SOL","TM | TMd21 & IC | SOL",36.495042701773
376,252.082889623983,8,28,14,14,14,"TM | TMd21 & SOL | IC","TM & TMd21 & SOL & IC",36.5011727394633
2432,252.083917737319,9,14,28,14,28,"TM | TMd21 & IC | SOL","TM & TMd21 & SOL | IC",36.5022008527994
2037,252.085875843851,8,28,14,14,28,"TM & TMd21 & SOL & IC","TM & IC | TMd21 | SOL",36.5041589593312
418,252.108764826679,10,28,14,14,14,"TM | TMd21 & IC | SOL","TM | TMd21 & IC | SOL",36.5270479421598
2036,252.112252796537,8,28,14,14,28,"TM & TMd21 & SOL & IC","TM | TMd21 & SOL | IC",36.5305359120173
1137,252.136788599042,8,28,14,28,14,"TM & TMd21 & SOL & IC","TM & IC | TMd21 | SOL",36.5550717145231
406,252.138550768689,8,28,14,14,14,"TM | TMd21 & IC | SOL","TM & TMd21 & SOL & IC",36.55683388417
367,252.140767250614,8,28,14,14,14,"TM | TMd21 & SOL & IC","TM & SOL | TMd21 & IC",36.5590503660942
369,252.144478969345,8,28,14,14,14,"TM | TMd21 & SOL & IC","TM & IC | TMd21 & SOL",36.562762084826
1089,252.146328151689,9,14,14,28,14,"TM | TMd21 & IC | SOL","TM & IC | TMd21 & SOL",36.5646112671692
2942,252.14717583074,8,28,14,28,28,"TM & TMd21 & SOL | IC","TM & TMd21 & SOL | IC",36.5654589462207
539,252.154159808073,9,14,28,14,14,"TM & SOL & IC | TMd21","TM | TMd21 | SOL & IC",36.5724429235541
2124,252.154635353244,8,28,14,14,28,"TM & SOL | TMd21 & IC","TM & IC | TMd21 & SOL",36.572918468725
2169,252.156700791513,8,28,14,14,28,"TM | TMd21 & SOL & IC","TM & IC | TMd21 & SOL",36.574983906994
1072,252.163692166044,9,14,14,28,14,"TM & IC | TMd21 | SOL","TM & SOL | TMd21 & IC",36.5819752815251
2295,252.16663016874,10,14,28,14,28,"TM & TMd21 & IC | SOL","TM | TMd21 | SOL | IC",36.5849132842211
651,252.171791970189,9,14,28,14,14,"TM | TMd21 | SOL & IC","TM & SOL & IC | TMd21",36.5900750856699
2351,252.17270964638,9,14,28,14,28,"TM & SOL | TMd21 & IC","TM | TMd21 & SOL | IC",36.5909927618611
2064,252.175126016781,8,28,14,14,28,"TM & TMd21 & IC | SOL","TM & IC | TMd21 & SOL",36.5934091322614
3153,252.179309171238,7,14,28,28,28,"TM & TMd21 & SOL & IC","TM & TMd21 & IC | SOL",36.597592286719
2428,252.183444411204,10,14,28,14,28,"TM & IC | TMd21 | SOL","TM | TMd21 & IC | SOL",36.6017275266845
938,252.205693392171,9,14,14,28,14,"TM & TMd21 & IC | SOL","TM & SOL | TMd21 | IC",36.6239765076513
2620,252.213090886718,8,28,28,14,28,"TM | TMd21 & SOL & IC","TM | TMd21 & SOL & IC",36.6313740021982
2611,252.225405887983,7,28,28,14,28,"TM | TMd21 & SOL & IC","TM & TMd21 & SOL & IC",36.6436890034631
1067,252.226418802924,9,14,14,28,14,"TM & IC | TMd21 | SOL","TM & TMd21 & SOL | IC",36.6447019184046
2290,252.23505036321,8,14,28,14,28,"TM & TMd21 & IC | SOL","TM | TMd21 & SOL & IC",36.6533334786909
1082,252.241118632879,9,14,14,28,14,"TM | TMd21 & IC | SOL","TM & TMd21 & SOL | IC",36.65940174836
941,252.242314349571,9,14,14,28,14,"TM & TMd21 & IC | SOL","TM | TMd21 & SOL | IC",36.6605974650514
2680,252.252229186671,9,28,28,14,28,"TM | TMd21 | SOL & IC","TM | TMd21 & SOL & IC",36.6705123021519
967,252.252523512638,9,14,14,28,14,"TM & TMd21 | SOL | IC","TM & SOL | TMd21 & IC",36.6708066281184
561,252.264068820522,9,14,28,14,14,"TM & SOL | TMd21 | IC","TM & SOL & IC | TMd21",36.6823519360028
966,252.28531695414,9,14,14,28,14,"TM & TMd21 | SOL | IC","TM & SOL & IC | TMd21",36.7036000696203
533,252.290185922511,9,14,28,14,14,"TM & SOL & IC | TMd21","TM & SOL | TMd21 | IC",36.7084690379921
1071,252.29039013524,9,14,14,28,14,"TM & IC | TMd21 | SOL","TM & SOL & IC | TMd21",36.7086732507211
1111,252.300986979985,9,14,14,28,14,"TM | TMd21 | SOL | IC","TM & TMd21 & SOL & IC",36.7192700954658
969,252.301767465697,9,14,14,28,14,"TM & TMd21 | SOL | IC","TM & IC | TMd21 & SOL",36.7200505811779
970,252.310332164427,9,14,14,28,14,"TM & TMd21 | SOL | IC","TM | TMd21 & SOL & IC",36.7286152799076
3242,252.31033938794,8,14,28,28,28,"TM & SOL | TMd21 & IC","TM & TMd21 & SOL | IC",36.7286225034203
537,252.315522375042,9,14,28,14,14,"TM & SOL & IC | TMd21","TM & IC | TMd21 | SOL",36.7338054905224
1000,252.317682646098,8,14,14,28,14,"TM & SOL | TMd21 & IC","TM | TMd21 & SOL & IC",36.7359657615785
2444,252.321280613537,10,14,28,14,28,"TM | TMd21 & IC | SOL","TM | TMd21 | SOL & IC",36.7395637290178
2113,252.32654013824,9,28,14,14,28,"TM & SOL & IC | TMd21","TM | TMd21 & IC | SOL",36.7448232537207
3070,252.330726751704,8,28,14,28,28,"TM | TMd21 & SOL & IC","TM | TMd21 & SOL & IC",36.7490098671842
621,252.33708002436,9,14,28,14,14,"TM & IC | TMd21 | SOL","TM & SOL & IC | TMd21",36.7553631398406
1086,252.34020512376,9,14,14,28,14,"TM | TMd21 & IC | SOL","TM & SOL & IC | TMd21",36.758488239241
3061,252.355832332003,7,28,14,28,28,"TM | TMd21 & SOL & IC","TM & TMd21 & SOL & IC",36.7741154474832
2135,252.356772157641,10,28,14,14,28,"TM & SOL | TMd21 | IC","TM & TMd21 | SOL | IC",36.7750552731212
3273,252.357244979622,8,14,28,28,28,"TM & IC | TMd21 & SOL","TM & TMd21 & IC | SOL",36.7755280951025
2360,252.365774881652,10,14,28,14,28,"TM & SOL | TMd21 | IC","TM & TMd21 | SOL | IC",36.7840579971325
2223,252.376943172646,9,28,14,14,28,"TM | TMd21 | SOL & IC","TM & TMd21 & IC | SOL",36.7952262881262
434,252.378244233372,10,28,14,14,14,"TM | TMd21 | SOL & IC","TM | TMd21 | SOL & IC",36.796527348853
1075,252.383372291773,9,14,14,28,14,"TM & IC | TMd21 | SOL","TM | TMd21 & SOL & IC",36.8016554072534
1084,252.385794200631,9,14,14,28,14,"TM | TMd21 & IC | SOL","TM & TMd21 | SOL & IC",36.804077316112
3256,252.391244217438,8,14,28,28,28,"TM & SOL | TMd21 | IC","TM & TMd21 & SOL & IC",36.8095273329181
2470,252.396563674408,10,14,28,14,28,"TM | TMd21 | SOL | IC","TM | TMd21 & SOL & IC",36.814846789889
944,252.41461798453,9,14,14,28,14,"TM & TMd21 & IC | SOL","TM | TMd21 | SOL & IC",36.8329011000106
2105,252.420101478689,9,28,14,14,28,"TM & SOL & IC | TMd21","TM & TMd21 | SOL | IC",36.83838459417
1069,252.420128575436,9,14,14,28,14,"TM & IC | TMd21 | SOL","TM & TMd21 | SOL & IC",36.8384116909165
843,252.4206736495,9,28,28,14,14,"TM & IC | TMd21 | SOL","TM & TMd21 & IC | SOL",36.8389567649807
2872,252.442821442201,9,14,14,28,28,"TM & IC | TMd21 | SOL","TM & SOL | TMd21 & IC",36.8611045576816
3227,252.44426930446,8,14,28,28,28,"TM & SOL & IC | TMd21","TM & TMd21 & SOL | IC",36.8625524199407
3186,252.488672929383,8,14,28,28,28,"TM & TMd21 & IC | SOL","TM & SOL & IC | TMd21",36.9069560448639
3246,252.500750884676,8,14,28,28,28,"TM & SOL | TMd21 & IC","TM & SOL & IC | TMd21",36.9190340001562
2441,252.507721551464,10,14,28,14,28,"TM | TMd21 & IC | SOL","TM | TMd21 & SOL | IC",36.9260046669444
2249,252.51206030209,11,28,14,14,28,"TM | TMd21 | SOL | IC","TM | TMd21 | SOL & IC",36.9303434175702
1189,252.523443120913,9,28,14,28,14,"TM & TMd21 | SOL | IC","TM & TMd21 | SOL & IC",36.9417262363939
2319,252.53314307513,9,14,28,14,28,"TM & TMd21 | SOL | IC","TM & IC | TMd21 & SOL",36.9514261906108
388,252.540186419342,10,28,14,14,14,"TM | TMd21 & SOL | IC","TM | TMd21 & IC | SOL",36.9584695348229
419,252.552190363266,10,28,14,14,14,"TM | TMd21 & IC | SOL","TM | TMd21 | SOL & IC",36.9704734787464
386,252.558680908863,10,28,14,14,14,"TM | TMd21 & SOL | IC","TM | TMd21 & SOL | IC",36.9769640243435
389,252.562848305861,10,28,14,14,14,"TM | TMd21 & SOL | IC","TM | TMd21 | SOL & IC",36.9811314213418
375,252.567014469753,10,28,14,14,14,"TM | TMd21 & SOL & IC","TM | TMd21 | SOL | IC",36.9852975852333
2462,252.588331164988,10,14,28,14,28,"TM | TMd21 | SOL | IC","TM & TMd21 & SOL | IC",37.0066142804687
445,252.592507781627,10,28,14,14,14,"TM | TMd21 | SOL | IC","TM | TMd21 & SOL & IC",37.0107908971075
1302,252.593751455237,10,28,14,28,14,"TM & IC | TMd21 | SOL","TM & IC | TMd21 | SOL",37.0120345707173
431,252.598554479824,10,28,14,14,14,"TM | TMd21 | SOL & IC","TM | TMd21 & SOL | IC",37.016837595305
2213,252.602392083751,10,28,14,14,28,"TM | TMd21 & IC | SOL","TM & SOL | TMd21 | IC",37.0206751992314
433,252.602393062512,10,28,14,14,14,"TM | TMd21 | SOL & IC","TM | TMd21 & IC | SOL",37.0206761779929
416,252.617129352328,10,28,14,14,14,"TM | TMd21 & IC | SOL","TM | TMd21 & SOL | IC",37.0354124678085
3212,252.622894562637,9,14,28,28,28,"TM & TMd21 | SOL | IC","TM & TMd21 & SOL | IC",37.041177678118
2684,252.633739696244,10,28,28,14,28,"TM | TMd21 | SOL & IC","TM | TMd21 | SOL & IC",37.0520228117242
1257,252.643761997466,9,28,14,28,14,"TM & IC | TMd21 & SOL","TM & IC | TMd21 | SOL",37.0620451129471
2366,252.662197006047,10,14,28,14,28,"TM & SOL | TMd21 | IC","TM | TMd21 & SOL | IC",37.0804801215272
284,252.706200322263,9,28,14,14,14,"TM & TMd21 | SOL & IC","TM | TMd21 | SOL & IC",37.1244834377439
1145,252.752982910665,9,28,14,28,14,"TM & TMd21 & SOL | IC","TM & TMd21 | SOL | IC",37.1712660261458
1092,252.775202820621,10,14,14,28,14,"TM | TMd21 & IC | SOL","TM & IC | TMd21 | SOL",37.1934859361012
1113,252.789099453351,10,14,14,28,14,"TM | TMd21 | SOL | IC","TM & TMd21 & IC | SOL",37.207382568832
1085,252.791518305554,10,14,14,28,14,"TM | TMd21 & IC | SOL","TM & TMd21 | SOL | IC",37.2098014210342
1070,252.792766608615,10,14,14,28,14,"TM & IC | TMd21 | SOL","TM & TMd21 | SOL | IC",37.2110497240956
972,252.792820581021,10,14,14,28,14,"TM & TMd21 | SOL | IC","TM & IC | TMd21 | SOL",37.2111036965019
973,252.792971843147,10,14,14,28,14,"TM & TMd21 | SOL | IC","TM | TMd21 & IC | SOL",37.2112549586272
945,252.795906545797,10,14,14,28,14,"TM & TMd21 & IC | SOL","TM | TMd21 | SOL | IC",37.2141896612779
965,252.797275753333,10,14,14,28,14,"TM & TMd21 | SOL | IC","TM & TMd21 | SOL | IC",37.2155588688137
2162,252.800221546116,8,28,14,14,28,"TM | TMd21 & SOL & IC","TM & TMd21 & SOL | IC",37.2185046615963
1078,252.81134754351,10,14,14,28,14,"TM & IC | TMd21 | SOL","TM | TMd21 & IC | SOL",37.2296306589904
2556,252.816232130518,8,28,28,14,28,"TM & SOL & IC | TMd21","TM & SOL & IC | TMd21",37.2345152459984
1291,252.854519291757,8,28,14,28,14,"TM & IC | TMd21 | SOL","TM & TMd21 & SOL & IC",37.2728024072377
2099,252.858175649005,10,28,14,14,28,"TM & TMd21 | SOL | IC","TM | TMd21 | SOL & IC",37.2764587644857
1093,252.861867219064,10,14,14,28,14,"TM | TMd21 & IC | SOL","TM | TMd21 & IC | SOL",37.2801503345447
1537,252.899116511958,9,14,28,28,14,"TM | TMd21 & IC | SOL","TM & SOL | TMd21 & IC",37.3173996274388
1492,252.924939704965,8,14,28,28,14,"TM | TMd21 & SOL & IC","TM & SOL | TMd21 & IC",37.3432228204455
1077,252.933540666324,10,14,14,28,14,"TM & IC | TMd21 | SOL","TM & IC | TMd21 | SOL",37.3518237818051
1032,252.980651191907,9,14,14,28,14,"TM & IC | TMd21 & SOL","TM & IC | TMd21 | SOL",37.3989343073879
2388,252.984520765177,8,14,28,14,28,"TM | TMd21 & SOL & IC","TM & TMd21 & IC | SOL",37.4028038806578
2219,253.000444229113,10,28,14,14,28,"TM | TMd21 & IC | SOL","TM | TMd21 | SOL & IC",37.4187273445933
903,253.006914545758,7,14,14,28,14,"TM & TMd21 & SOL & IC","TM & TMd21 & IC | SOL",37.4251976612386
2805,253.017885637396,10,14,14,28,28,"TM & SOL | TMd21 & IC","TM | TMd21 | SOL | IC",37.4361687528764
1173,253.02403557626,8,28,14,28,14,"TM & TMd21 | SOL & IC","TM & TMd21 & IC | SOL",37.4423186917406
1293,253.035576647944,9,28,14,28,14,"TM & IC | TMd21 | SOL","TM & TMd21 & IC | SOL",37.4538597634242
2891,253.050477514529,10,14,14,28,28,"TM | TMd21 & IC | SOL","TM | TMd21 & SOL | IC",37.4687606300095
2676,253.093666750978,9,28,28,14,28,"TM | TMd21 | SOL & IC","TM & SOL & IC | TMd21",37.5119498664582
950,253.101759919781,9,14,14,28,14,"TM & TMd21 | SOL & IC","TM & TMd21 | SOL | IC",37.5200430352618
2227,253.128892599595,9,28,14,14,28,"TM | TMd21 | SOL & IC","TM & SOL | TMd21 & IC",37.547175715076
3316,253.131604800879,8,14,28,28,28,"TM & IC | TMd21 | SOL","TM & TMd21 & SOL & IC",37.5498879163595
2880,253.155020870563,11,14,14,28,28,"TM & IC | TMd21 | SOL","TM | TMd21 | SOL | IC",37.5733039860433
356,253.157312831897,9,28,14,14,14,"TM & IC | TMd21 & SOL","TM | TMd21 & SOL | IC",37.5755959473776
1498,253.159136484436,9,14,28,28,14,"TM | TMd21 & SOL & IC","TM | TMd21 & IC | SOL",37.5774195999168
439,253.159456089813,10,28,14,14,14,"TM | TMd21 | SOL | IC","TM & TMd21 | SOL & IC",37.577739205294
425,253.168246807831,10,28,14,14,14,"TM | TMd21 | SOL & IC","TM & TMd21 | SOL | IC",37.5865299233117
2142,253.173738514138,10,28,14,14,28,"TM & SOL | TMd21 | IC","TM & IC | TMd21 | SOL",37.5920216296182
3276,253.174666419894,8,14,28,28,28,"TM & IC | TMd21 & SOL","TM & SOL & IC | TMd21",37.5929495353747
1296,253.178940170263,9,28,14,28,14,"TM & IC | TMd21 | SOL","TM & SOL & IC | TMd21",37.5972232857437
2420,253.191708382944,10,14,28,14,28,"TM & IC | TMd21 | SOL","TM & TMd21 | SOL | IC",37.609991498425
2257,253.205131786752,7,14,28,14,28,"TM & TMd21 & SOL & IC","TM & SOL | TMd21 & IC",37.6234149022327
858,253.211796729763,9,28,28,14,14,"TM | TMd21 & IC | SOL","TM & TMd21 & IC | SOL",37.6300798452432
1042,253.213627645976,8,14,14,28,14,"TM | TMd21 & SOL & IC","TM & SOL | TMd21 & IC",37.6319107614563
2835,253.217356019538,10,14,14,28,28,"TM & IC | TMd21 & SOL","TM | TMd21 | SOL | IC",37.635639135019
526,253.221461665902,7,14,28,14,14,"TM & SOL & IC | TMd21","TM & TMd21 & SOL & IC",37.6397447813831
1119,253.22727904759,10,14,14,28,14,"TM | TMd21 | SOL | IC","TM & IC | TMd21 & SOL",37.6455621630707
868,253.233027751273,10,28,28,14,14,"TM | TMd21 & IC | SOL","TM | TMd21 & IC | SOL",37.6513108667535
1076,253.239834567738,10,14,14,28,14,"TM & IC | TMd21 | SOL","TM | TMd21 & SOL | IC",37.6581176832184
1128,253.248037816778,7,28,14,28,14,"TM & TMd21 & SOL & IC","TM & TMd21 & IC | SOL",37.6663209322583
2367,253.307668972797,10,14,28,14,28,"TM & SOL | TMd21 | IC","TM & IC | TMd21 | SOL",37.7259520882777
2139,253.32280278384,9,28,14,14,28,"TM & SOL | TMd21 | IC","TM & IC | TMd21 & SOL",37.741085899321
3152,253.326698408924,7,14,28,28,28,"TM & TMd21 & SOL & IC","TM & TMd21 & SOL | IC",37.7449815244043
276,253.332366443427,8,28,14,14,14,"TM & TMd21 | SOL & IC","TM & SOL & IC | TMd21",37.750649558908
3233,253.332460738792,9,14,28,28,28,"TM & SOL & IC | TMd21","TM & SOL | TMd21 | IC",37.7507438542724
1143,253.374142651014,8,28,14,28,14,"TM & TMd21 & SOL | IC","TM & TMd21 & IC | SOL",37.7924257664948
2398,253.37970192413,9,14,28,14,28,"TM | TMd21 & SOL & IC","TM | TMd21 & IC | SOL",37.7979850396108
2271,253.383025503784,8,14,28,14,28,"TM & TMd21 & SOL | IC","TM & SOL & IC | TMd21",37.8013086192651
2404,253.390143536857,9,14,28,14,28,"TM | TMd21 & SOL | IC","TM & TMd21 | SOL & IC",37.8084266523376
412,253.391332020732,9,28,14,14,14,"TM | TMd21 & IC | SOL","TM & SOL | TMd21 & IC",37.809615136213
3262,253.410961240149,9,14,28,28,28,"TM & SOL | TMd21 | IC","TM & SOL | TMd21 & IC",37.8292443556298
562,253.43700205575,9,14,28,14,14,"TM & SOL | TMd21 | IC","TM & SOL | TMd21 & IC",37.8552851712307
2143,253.452882429271,10,28,14,14,28,"TM & SOL | TMd21 | IC","TM | TMd21 & IC | SOL",37.8711655447512
1114,253.457810111336,10,14,14,28,14,"TM | TMd21 | SOL | IC","TM & TMd21 | SOL & IC",37.8760932268163
974,253.461578733453,10,14,14,28,14,"TM & TMd21 | SOL | IC","TM | TMd21 | SOL & IC",37.8798618489332
410,253.463424511739,10,28,14,14,14,"TM | TMd21 & IC | SOL","TM & TMd21 | SOL | IC",37.8817076272196
347,253.466301515145,8,28,14,14,14,"TM & IC | TMd21 & SOL","TM & TMd21 & SOL | IC",37.8845846306257
3173,253.468815988887,9,14,28,28,28,"TM & TMd21 & SOL | IC","TM & SOL | TMd21 | IC",37.8870991043675
3248,253.471308606481,9,14,28,28,28,"TM & SOL | TMd21 & IC","TM & SOL | TMd21 | IC",37.8895917219617
708,253.473344738425,8,28,28,14,14,"TM & TMd21 & IC | SOL","TM & TMd21 & IC | SOL",37.8916278539057
2129,253.479796876364,9,28,14,14,28,"TM & SOL | TMd21 & IC","TM | TMd21 | SOL & IC",37.898079991845
2325,253.490211533305,11,14,28,14,28,"TM & TMd21 | SOL | IC","TM | TMd21 | SOL | IC",37.9084946487857
387,253.502604303764,10,28,14,14,14,"TM | TMd21 & SOL | IC","TM & IC | TMd21 | SOL",37.9208874192448
2052,253.506126303307,9,28,14,14,28,"TM & TMd21 & SOL | IC","TM & IC | TMd21 | SOL",37.9244094187875
919,253.506944194129,8,14,14,28,14,"TM & TMd21 & SOL | IC","TM & TMd21 | SOL & IC",37.9252273096095
2141,253.526608858244,10,28,14,14,28,"TM & SOL | TMd21 | IC","TM | TMd21 & SOL | IC",37.9448919737248
2232,253.534619652286,10,28,14,14,28,"TM | TMd21 | SOL & IC","TM & IC | TMd21 | SOL",37.9529027677667
2115,253.536082058611,10,28,14,14,28,"TM & SOL & IC | TMd21","TM | TMd21 | SOL | IC",37.9543651740912
444,253.543458831226,10,28,14,14,14,"TM | TMd21 | SOL | IC","TM & IC | TMd21 & SOL",37.9617419467064
2466,253.552928009577,10,14,28,14,28,"TM | TMd21 | SOL | IC","TM & SOL & IC | TMd21",37.9712111250575
438,253.557265351114,10,28,14,14,14,"TM | TMd21 | SOL | IC","TM & TMd21 & IC | SOL",37.9755484665942
852,253.591784975372,10,28,28,14,14,"TM & IC | TMd21 | SOL","TM & IC | TMd21 | SOL",38.0100680908531
2094,253.596654759108,9,28,14,14,28,"TM & TMd21 | SOL | IC","TM & IC | TMd21 & SOL",38.0149378745882
2471,253.596666865834,11,14,28,14,28,"TM | TMd21 | SOL | IC","TM | TMd21 & SOL | IC",38.0149499813147
417,253.6158804184,10,28,14,14,14,"TM | TMd21 & IC | SOL","TM & IC | TMd21 | SOL",38.0341635338804
1028,253.628539086227,9,14,14,28,14,"TM & IC | TMd21 & SOL","TM & SOL | TMd21 | IC",38.0468222017077
2369,253.633886613697,10,14,28,14,28,"TM & SOL | TMd21 | IC","TM | TMd21 | SOL & IC",38.0521697291778
2882,253.638753107264,9,14,14,28,28,"TM | TMd21 & IC | SOL","TM & TMd21 & SOL | IC",38.0570362227445
1091,253.646302462141,10,14,14,28,14,"TM | TMd21 & IC | SOL","TM | TMd21 & SOL | IC",38.0645855776217
1161,253.654061738016,8,28,14,28,14,"TM & TMd21 & IC | SOL","TM & SOL & IC | TMd21",38.0723448534969
1088,253.665905793284,10,14,14,28,14,"TM | TMd21 & IC | SOL","TM & SOL | TMd21 | IC",38.0841889087641
377,253.671425105783,9,28,14,14,14,"TM | TMd21 & SOL | IC","TM & TMd21 & SOL | IC",38.0897082212634
1117,253.671914456111,10,14,14,28,14,"TM | TMd21 | SOL | IC","TM & SOL | TMd21 & IC",38.0901975715918
2055,253.672103240521,10,28,14,14,28,"TM & TMd21 & SOL | IC","TM | TMd21 | SOL | IC",38.0903863560021
3166,253.673707807491,7,14,28,28,28,"TM & TMd21 & SOL | IC","TM & TMd21 & SOL & IC",38.0919909229717
2885,253.677057614928,10,14,14,28,28,"TM | TMd21 & IC | SOL","TM & TMd21 | SOL | IC",38.0953407304089
1056,253.693194885059,9,14,14,28,14,"TM | TMd21 & SOL | IC","TM & SOL & IC | TMd21",38.1114780005399
1443,253.705319049914,8,14,28,28,14,"TM & SOL | TMd21 & IC","TM & TMd21 & IC | SOL",38.1236021653949
1120,253.71924520156,10,14,14,28,14,"TM | TMd21 | SOL | IC","TM | TMd21 & SOL & IC",38.1375283170405
409,253.736078268087,9,28,14,14,14,"TM | TMd21 & IC | SOL","TM & TMd21 | SOL & IC",38.1543613835676
3261,253.750333857741,9,14,28,28,28,"TM & SOL | TMd21 | IC","TM & SOL & IC | TMd21",38.1686169732215
2469,253.757934944629,10,14,28,14,28,"TM | TMd21 | SOL | IC","TM & IC | TMd21 & SOL",38.1762180601094
1094,253.766461003784,10,14,14,28,14,"TM | TMd21 & IC | SOL","TM | TMd21 | SOL & IC",38.184744119265
2096,253.766810956956,10,28,14,14,28,"TM & TMd21 | SOL | IC","TM | TMd21 & SOL | IC",38.1850940724367
1034,253.769072200045,9,14,14,28,14,"TM & IC | TMd21 & SOL","TM | TMd21 | SOL & IC",38.1873553155251
2870,253.787316145714,10,14,14,28,28,"TM & IC | TMd21 | SOL","TM & TMd21 | SOL | IC",38.2055992611943
953,253.789142404122,9,14,14,28,14,"TM & TMd21 | SOL & IC","TM & SOL | TMd21 | IC",38.2074255196025
984,253.791493985611,8,14,14,28,14,"TM & SOL & IC | TMd21","TM & IC | TMd21 & SOL",38.2097771010912
379,253.794234514743,9,28,14,14,14,"TM | TMd21 & SOL | IC","TM & TMd21 | SOL & IC",38.2125176302235
365,253.795590327463,9,28,14,14,14,"TM | TMd21 & SOL & IC","TM & TMd21 | SOL | IC",38.2138734429438
426,253.799460477225,9,28,14,14,14,"TM | TMd21 | SOL & IC","TM & SOL & IC | TMd21",38.2177435927054
2745,253.800291176709,10,14,14,28,28,"TM & TMd21 & IC | SOL","TM | TMd21 | SOL | IC",38.21857429219
1003,253.802009413271,9,14,14,28,14,"TM & SOL | TMd21 & IC","TM | TMd21 & IC | SOL",38.2202925287514
1097,253.802264930175,9,14,14,28,14,"TM | TMd21 | SOL & IC","TM & TMd21 & SOL | IC",38.2205480456557
2127,253.804919457032,9,28,14,14,28,"TM & SOL | TMd21 & IC","TM & IC | TMd21 | SOL",38.2232025725123
2867,253.810782839474,9,14,14,28,28,"TM & IC | TMd21 | SOL","TM & TMd21 & SOL | IC",38.2290659549541
956,253.811524028203,9,14,14,28,14,"TM & TMd21 | SOL & IC","TM | TMd21 & SOL | IC",38.2298071436837
649,253.819971575047,9,14,28,14,14,"TM | TMd21 | SOL & IC","TM & TMd21 | SOL & IC",38.2382546905278
2741,253.826394880949,9,14,14,28,28,"TM & TMd21 & IC | SOL","TM | TMd21 & SOL | IC",38.2446779964292
2111,253.826641473088,9,28,14,14,28,"TM & SOL & IC | TMd21","TM | TMd21 & SOL | IC",38.2449245885682
1167,253.847124132801,9,28,14,28,14,"TM & TMd21 & IC | SOL","TM & IC | TMd21 | SOL",38.265407248282
1190,253.85762849096,10,28,14,28,14,"TM & TMd21 | SOL | IC","TM & TMd21 | SOL | IC",38.2759116064406
2229,253.869429262568,9,28,14,14,28,"TM | TMd21 | SOL & IC","TM & IC | TMd21 & SOL",38.2877123780489
378,253.879699761733,9,28,14,14,14,"TM | TMd21 & SOL | IC","TM & TMd21 & IC | SOL",38.297982877214
2738,253.893224356014,9,14,14,28,28,"TM & TMd21 & IC | SOL","TM & SOL | TMd21 | IC",38.3115074714943
1204,253.897264467397,8,28,14,28,14,"TM & SOL & IC | TMd21","TM & TMd21 | SOL & IC",38.3155475828775
968,253.927224560801,10,14,14,28,14,"TM & TMd21 | SOL | IC","TM & SOL | TMd21 | IC",38.345507676282
627,253.930159230413,10,14,28,14,14,"TM & IC | TMd21 | SOL","TM & IC | TMd21 | SOL",38.3484423458935
2081,253.933045186429,9,28,14,14,28,"TM & TMd21 | SOL & IC","TM | TMd21 & SOL | IC",38.35132830191
2082,253.938239614701,9,28,14,14,28,"TM & TMd21 | SOL & IC","TM & IC | TMd21 | SOL",38.3565227301815
1112,253.947072180274,10,14,14,28,14,"TM | TMd21 | SOL | IC","TM & TMd21 & SOL | IC",38.3653552957543
1130,253.951972760295,8,28,14,28,14,"TM & TMd21 & SOL & IC","TM & TMd21 | SOL | IC",38.3702558757756
971,253.956282818187,10,14,14,28,14,"TM & TMd21 | SOL | IC","TM | TMd21 & SOL | IC",38.3745659336678
407,253.963728890084,9,28,14,14,14,"TM | TMd21 & IC | SOL","TM & TMd21 & SOL | IC",38.3820120055645
427,253.973592499871,9,28,14,14,14,"TM | TMd21 | SOL & IC","TM & SOL | TMd21 & IC",38.3918756153515
2464,253.980572051151,10,14,28,14,28,"TM | TMd21 | SOL | IC","TM & TMd21 | SOL & IC",38.3988551666312
1543,253.982601383906,10,14,28,28,14,"TM | TMd21 & IC | SOL","TM | TMd21 & IC | SOL",38.4008844993862
420,253.99116773284,11,28,14,14,14,"TM | TMd21 & IC | SOL","TM | TMd21 | SOL | IC",38.4094508483209
448,253.997218647333,11,28,14,14,14,"TM | TMd21 | SOL | IC","TM | TMd21 & IC | SOL",38.4155017628132
429,254.002433614202,9,28,14,14,14,"TM | TMd21 | SOL & IC","TM & IC | TMd21 & SOL",38.4207167296827
2145,254.002696812334,11,28,14,14,28,"TM & SOL | TMd21 | IC","TM | TMd21 | SOL | IC",38.4209799278143
422,254.0032778517,9,28,14,14,14,"TM | TMd21 | SOL & IC","TM & TMd21 & SOL | IC",38.421560967181
2320,254.01442145585,9,14,28,14,28,"TM & TMd21 | SOL | IC","TM | TMd21 & SOL & IC",38.4327045713308
2040,254.017812973447,9,28,14,14,28,"TM & TMd21 & SOL & IC","TM | TMd21 | SOL | IC",38.4360960889272
1073,254.021607832269,10,14,14,28,14,"TM & IC | TMd21 | SOL","TM & SOL | TMd21 | IC",38.4398909477498
423,254.023549464215,9,28,14,14,14,"TM | TMd21 | SOL & IC","TM & TMd21 & IC | SOL",38.4418325796959
368,254.025137890569,9,28,14,14,14,"TM | TMd21 & SOL & IC","TM & SOL | TMd21 | IC",38.4434210060501
436,254.028870033491,9,28,14,14,14,"TM | TMd21 | SOL | IC","TM & TMd21 & SOL & IC",38.4471531489716
2171,254.037946922835,9,28,14,14,28,"TM | TMd21 & SOL & IC","TM | TMd21 & SOL | IC",38.4562300383158
372,254.050051881946,9,28,14,14,14,"TM | TMd21 & SOL & IC","TM & IC | TMd21 | SOL",38.4683349974269
381,254.056863830261,9,28,14,14,14,"TM | TMd21 & SOL | IC","TM & SOL & IC | TMd21",38.4751469457414
2294,254.061558133494,9,14,28,14,28,"TM & TMd21 & IC | SOL","TM | TMd21 | SOL & IC",38.479841248975
2172,254.062278533694,9,28,14,14,28,"TM | TMd21 & SOL & IC","TM & IC | TMd21 | SOL",38.4805616491745
2873,254.066510039665,10,14,14,28,28,"TM & IC | TMd21 | SOL","TM & SOL | TMd21 | IC",38.4847931551452
411,254.07141805025,9,28,14,14,14,"TM | TMd21 & IC | SOL","TM & SOL & IC | TMd21",38.4897011657309
382,254.077901843868,9,28,14,14,14,"TM | TMd21 & SOL | IC","TM & SOL | TMd21 & IC",38.4961849593485
563,254.079218074703,10,14,28,14,14,"TM & SOL | TMd21 | IC","TM & SOL | TMd21 | IC",38.4975011901841
1116,254.105744124621,10,14,14,28,14,"TM | TMd21 | SOL | IC","TM & SOL & IC | TMd21",38.5240272401015
2066,254.107089921911,9,28,14,14,28,"TM & TMd21 & IC | SOL","TM | TMd21 & SOL | IC",38.5253730373919
567,254.107311714149,10,14,28,14,14,"TM & SOL | TMd21 | IC","TM & IC | TMd21 | SOL",38.5255948296301
2126,254.111889717401,9,28,14,14,28,"TM & SOL | TMd21 & IC","TM | TMd21 & SOL | IC",38.5301728328815
2419,254.114582440115,9,14,28,14,28,"TM & IC | TMd21 | SOL","TM & TMd21 | SOL & IC",38.5328655555956
659,254.126298596058,10,14,28,14,14,"TM | TMd21 | SOL & IC","TM | TMd21 | SOL & IC",38.5445817115391
414,254.137086511304,9,28,14,14,14,"TM | TMd21 & IC | SOL","TM & IC | TMd21 & SOL",38.5553696267847
629,254.142242831688,10,14,28,14,14,"TM & IC | TMd21 | SOL","TM | TMd21 | SOL & IC",38.5605259471686
569,254.146271927158,10,14,28,14,14,"TM & SOL | TMd21 | IC","TM | TMd21 | SOL & IC",38.5645550426387
2214,254.151310020851,9,28,14,14,28,"TM | TMd21 & IC | SOL","TM & IC | TMd21 & SOL",38.5695931363319
1175,254.15195998726,9,28,14,28,14,"TM & TMd21 | SOL & IC","TM & TMd21 | SOL | IC",38.5702431027407
540,254.153078944082,10,14,28,14,14,"TM & SOL & IC | TMd21","TM | TMd21 | SOL | IC",38.5713620595627
1001,254.154648842589,9,14,14,28,14,"TM & SOL | TMd21 & IC","TM | TMd21 & SOL | IC",38.5729319580697
2430,254.159067825586,11,14,28,14,28,"TM & IC | TMd21 | SOL","TM | TMd21 | SOL | IC",38.5773509410664
666,254.161957263262,10,14,28,14,14,"TM | TMd21 | SOL | IC","TM & SOL & IC | TMd21",38.5802403787426
653,254.169694340617,10,14,28,14,14,"TM | TMd21 | SOL & IC","TM & SOL | TMd21 | IC",38.5879774560973
657,254.17139879142,10,14,28,14,14,"TM | TMd21 | SOL & IC","TM & IC | TMd21 | SOL",38.5896819069006
3181,254.171470966991,7,14,28,28,28,"TM & TMd21 & IC | SOL","TM & TMd21 & SOL & IC",38.5897540824716
1079,254.193824169087,10,14,14,28,14,"TM & IC | TMd21 | SOL","TM | TMd21 | SOL & IC",38.6121072845679
2425,254.198640301661,9,14,28,14,28,"TM & IC | TMd21 | SOL","TM | TMd21 & SOL & IC",38.6169234171412
623,254.205652502561,10,14,28,14,14,"TM & IC | TMd21 | SOL","TM & SOL | TMd21 | IC",38.6239356180421
1015,254.208084105288,9,14,14,28,14,"TM & SOL | TMd21 | IC","TM | TMd21 & SOL & IC",38.6263672207687
2291,254.234362240475,9,14,28,14,28,"TM & TMd21 & IC | SOL","TM | TMd21 & SOL | IC",38.6526453559553
1488,254.237755958665,8,14,28,28,14,"TM | TMd21 & SOL & IC","TM & TMd21 & IC | SOL",38.6560390741454
1004,254.243014672133,9,14,14,28,14,"TM & SOL | TMd21 & IC","TM | TMd21 | SOL & IC",38.661297787614
3151,254.264022529204,6,14,28,28,28,"TM & TMd21 & SOL & IC","TM & TMd21 & SOL & IC",38.6823056446847
714,254.270659815654,8,28,28,14,14,"TM & TMd21 & IC | SOL","TM & IC | TMd21 & SOL",38.6889429311345
2474,254.27376704814,11,14,28,14,28,"TM | TMd21 | SOL | IC","TM | TMd21 | SOL & IC",38.692050163621
3257,254.275665528066,9,14,28,28,28,"TM & SOL | TMd21 | IC","TM & TMd21 & SOL | IC",38.6939486435464
2233,254.295478421409,10,28,14,14,28,"TM | TMd21 | SOL & IC","TM | TMd21 & IC | SOL",38.7137615368893
2225,254.32055556761,10,28,14,14,28,"TM | TMd21 | SOL & IC","TM & TMd21 | SOL | IC",38.7388386830905
449,254.368335443875,11,28,14,14,14,"TM | TMd21 | SOL | IC","TM | TMd21 | SOL & IC",38.7866185593552
435,254.377155307971,11,28,14,14,14,"TM | TMd21 | SOL & IC","TM | TMd21 | SOL | IC",38.795438423452
2222,254.415848690649,9,28,14,14,28,"TM | TMd21 | SOL & IC","TM & TMd21 & SOL | IC",38.8341318061296
3156,254.418428369076,7,14,28,28,28,"TM & TMd21 & SOL & IC","TM & SOL & IC | TMd21",38.8367114845568
2414,254.421666768387,10,14,28,14,28,"TM | TMd21 & SOL | IC","TM | TMd21 | SOL & IC",38.8399498838673
948,254.441922332276,8,14,14,28,14,"TM & TMd21 | SOL & IC","TM & TMd21 & IC | SOL",38.8602054477568
3321,254.451559966188,9,14,28,28,28,"TM & IC | TMd21 | SOL","TM & SOL & IC | TMd21",38.8698430816683
390,254.462826132437,11,28,14,14,14,"TM | TMd21 & SOL | IC","TM | TMd21 | SOL | IC",38.881109247918
862,254.500294733886,9,28,28,14,14,"TM | TMd21 & IC | SOL","TM & SOL | TMd21 & IC",38.9185778493666
446,254.503858770905,11,28,14,14,14,"TM | TMd21 | SOL | IC","TM | TMd21 & SOL | IC",38.9221418863852
2321,254.531011641997,10,14,28,14,28,"TM & TMd21 | SOL | IC","TM | TMd21 & SOL | IC",38.9492947574773
618,254.541143143885,9,14,28,14,14,"TM & IC | TMd21 | SOL","TM & TMd21 & IC | SOL",38.9594262593658
268,254.577119158593,9,28,14,14,14,"TM & TMd21 & IC | SOL","TM | TMd21 & IC | SOL",38.995402274074
712,254.604132565608,8,28,28,14,14,"TM & TMd21 & IC | SOL","TM & SOL | TMd21 & IC",39.0224156810884
2168,254.620660302918,9,28,14,14,28,"TM | TMd21 & SOL & IC","TM & SOL | TMd21 | IC",39.0389434183984
2083,254.65433692049,9,28,14,14,28,"TM & TMd21 | SOL & IC","TM | TMd21 & IC | SOL",39.072620035971
1251,254.658556969618,8,28,14,28,14,"TM & IC | TMd21 & SOL","TM & SOL & IC | TMd21",39.0768400850982
1214,254.659875272969,9,28,14,28,14,"TM & SOL & IC | TMd21","TM | TMd21 | SOL & IC",39.0781583884498
1158,254.686333929905,8,28,14,28,14,"TM & TMd21 & IC | SOL","TM & TMd21 & IC | SOL",39.104617045386
2228,254.690106400678,10,28,14,14,28,"TM | TMd21 | SOL & IC","TM & SOL | TMd21 | IC",39.1083895161586
1210,254.696121004146,8,28,14,28,14,"TM & SOL & IC | TMd21","TM | TMd21 & SOL & IC",39.1144041196266
299,254.696387581803,10,28,14,14,14,"TM & TMd21 | SOL | IC","TM | TMd21 | SOL & IC",39.1146706972837
1180,254.703325599876,8,28,14,28,14,"TM & TMd21 | SOL & IC","TM | TMd21 & SOL & IC",39.1216087153562
285,254.705121951969,10,28,14,14,14,"TM & TMd21 | SOL & IC","TM | TMd21 | SOL | IC",39.1234050674491
2403,254.711453058941,9,14,28,14,28,"TM | TMd21 & SOL | IC","TM & TMd21 & IC | SOL",39.129736174422
529,254.711473027978,8,14,28,14,14,"TM & SOL & IC | TMd21","TM & TMd21 | SOL & IC",39.1297561434584
1817,254.72199458355,8,14,14,14,28,"TM & TMd21 & SOL | IC","TM & TMd21 & SOL | IC",39.1402776990308
262,254.741835614921,8,28,14,14,14,"TM & TMd21 & IC | SOL","TM & SOL | TMd21 & IC",39.1601187304015
1095,254.744640187799,11,14,14,28,14,"TM | TMd21 & IC | SOL","TM | TMd21 | SOL | IC",39.1629233032794
1123,254.75067205643,11,14,14,28,14,"TM | TMd21 | SOL | IC","TM | TMd21 & IC | SOL",39.1689551719106
1122,254.754795555404,11,14,14,28,14,"TM | TMd21 | SOL | IC","TM & IC | TMd21 | SOL",39.1730786708845
2392,254.762106454469,8,14,28,14,28,"TM | TMd21 & SOL & IC","TM & SOL | TMd21 & IC",39.1803895699499
2165,254.766288657317,9,28,14,14,28,"TM | TMd21 & SOL & IC","TM & TMd21 | SOL | IC",39.1845717727981
1080,254.767375920687,11,14,14,28,14,"TM & IC | TMd21 | SOL","TM | TMd21 | SOL | IC",39.1856590361676
2207,254.774407232716,9,28,14,14,28,"TM | TMd21 & IC | SOL","TM & TMd21 & SOL | IC",39.1926903481967
2272,254.774695737508,8,14,28,14,28,"TM & TMd21 & SOL | IC","TM & SOL | TMd21 & IC",39.1929788529886
440,254.779291167635,11,28,14,14,14,"TM | TMd21 | SOL | IC","TM & TMd21 | SOL | IC",39.1975742831157
1038,254.788675275357,8,14,14,28,14,"TM | TMd21 & SOL & IC","TM & TMd21 & IC | SOL",39.2069583908372
1115,254.789016008485,11,14,14,28,14,"TM | TMd21 | SOL | IC","TM & TMd21 | SOL | IC",39.2072991239661
975,254.79279519103,11,14,14,28,14,"TM & TMd21 | SOL | IC","TM | TMd21 | SOL | IC",39.2110783065104
1062,254.803431116584,10,14,14,28,14,"TM | TMd21 & SOL | IC","TM & IC | TMd21 | SOL",39.221714232065
1048,254.804487580729,9,14,14,28,14,"TM | TMd21 & SOL & IC","TM | TMd21 & IC | SOL",39.2227706962099
318,254.805747213427,8,28,14,14,14,"TM & SOL | TMd21 & IC","TM & TMd21 & IC | SOL",39.2240303289077
905,254.815506728633,8,14,14,28,14,"TM & TMd21 & SOL & IC","TM & TMd21 | SOL | IC",39.2337898441139
1035,254.815904110438,10,14,14,28,14,"TM & IC | TMd21 & SOL","TM | TMd21 | SOL | IC",39.2341872259185
2397,254.867011335995,9,14,28,14,28,"TM | TMd21 & SOL & IC","TM & IC | TMd21 | SOL",39.2852944514754
2454,254.881542748097,9,14,28,14,28,"TM | TMd21 | SOL & IC","TM & IC | TMd21 & SOL",39.2998258635777
1453,254.909072617603,9,14,28,28,14,"TM & SOL | TMd21 & IC","TM | TMd21 & IC | SOL",39.3273557330837
1187,254.918673120547,9,28,14,28,14,"TM & TMd21 | SOL | IC","TM & TMd21 & SOL | IC",39.3369562360281
978,254.922771326623,8,14,14,28,14,"TM & SOL & IC | TMd21","TM & TMd21 & IC | SOL",39.3410544421031
913,254.922956758352,8,14,14,28,14,"TM & TMd21 & SOL & IC","TM | TMd21 & IC | SOL",39.3412398738328
918,254.928859700289,8,14,14,28,14,"TM & TMd21 & SOL | IC","TM & TMd21 & IC | SOL",39.3471428157692
1102,254.95440246833,9,14,14,28,14,"TM | TMd21 | SOL & IC","TM & SOL | TMd21 & IC",39.3726855838108
2448,254.965774246021,9,14,28,14,28,"TM | TMd21 | SOL & IC","TM & TMd21 & IC | SOL",39.3840573615016
1023,254.972408079994,8,14,14,28,14,"TM & IC | TMd21 & SOL","TM & TMd21 & IC | SOL",39.3906911954746
2390,254.974660639001,9,14,28,14,28,"TM | TMd21 & SOL & IC","TM & TMd21 | SOL | IC",39.3929437544818
2302,254.982286853484,8,14,28,14,28,"TM & TMd21 | SOL & IC","TM & SOL | TMd21 & IC",39.4005699689643
912,254.984848689953,8,14,14,28,14,"TM & TMd21 & SOL & IC","TM & IC | TMd21 | SOL",39.4031318054332
1188,254.991869275018,9,28,14,28,14,"TM & TMd21 | SOL | IC","TM & TMd21 & IC | SOL",39.4101523904989
2406,255.003281142174,9,14,28,14,28,"TM | TMd21 & SOL | IC","TM & SOL & IC | TMd21",39.4215642576551
993,255.006801148447,8,14,14,28,14,"TM & SOL | TMd21 & IC","TM & TMd21 & IC | SOL",39.4250842639275
297,255.018383526506,10,28,14,14,14,"TM & TMd21 | SOL | IC","TM & IC | TMd21 | SOL",39.4366666419861
447,255.028755253663,11,28,14,14,14,"TM | TMd21 | SOL | IC","TM & IC | TMd21 | SOL",39.4470383691432
646,255.032292256635,8,14,28,14,14,"TM | TMd21 | SOL & IC","TM & TMd21 & SOL & IC",39.4505753721154
2263,255.050344409605,8,14,28,14,28,"TM & TMd21 & SOL & IC","TM | TMd21 & IC | SOL",39.4686275250852
2327,255.05834428012,8,14,28,14,28,"TM & SOL & IC | TMd21","TM & TMd21 & SOL | IC",39.4766273956006
360,255.062494838523,10,28,14,14,14,"TM & IC | TMd21 & SOL","TM | TMd21 | SOL | IC",39.480777954004
1324,255.06430799106,9,28,14,28,14,"TM | TMd21 | SOL & IC","TM & TMd21 | SOL & IC",39.4825911065408
527,255.072352390475,8,14,28,14,14,"TM & SOL & IC | TMd21","TM & TMd21 & SOL | IC",39.490635505956
395,255.073870146709,10,28,14,14,14,"TM & IC | TMd21 | SOL","TM & TMd21 | SOL | IC",39.4921532621894
548,255.081185357454,9,14,28,14,14,"TM & SOL | TMd21 & IC","TM & SOL | TMd21 | IC",39.499468472935
1100,255.093579435615,10,14,14,28,14,"TM | TMd21 | SOL & IC","TM & TMd21 | SOL | IC",39.5118625510953
960,255.097322352709,10,14,14,28,14,"TM & TMd21 | SOL & IC","TM | TMd21 | SOL | IC",39.5156054681894
2413,255.098440322195,10,14,28,14,28,"TM | TMd21 & SOL | IC","TM | TMd21 & IC | SOL",39.516723437676
1043,255.09851630247,9,14,14,28,14,"TM | TMd21 & SOL & IC","TM & SOL | TMd21 | IC",39.5167994179506
401,255.103083610006,10,28,14,14,14,"TM & IC | TMd21 | SOL","TM | TMd21 & SOL | IC",39.5213667254866
1186,255.103765967183,8,28,14,28,14,"TM & TMd21 | SOL | IC","TM & TMd21 & SOL & IC",39.5220490826634
528,255.112669220436,8,14,28,14,14,"TM & SOL & IC | TMd21","TM & TMd21 & IC | SOL",39.5309523359165
535,255.11486528522,8,14,28,14,14,"TM & SOL & IC | TMd21","TM | TMd21 & SOL & IC",39.5331484007006
1164,255.122851163083,8,28,14,28,14,"TM & TMd21 & IC | SOL","TM & IC | TMd21 & SOL",39.5411342785634
556,255.130225115423,8,14,28,14,14,"TM & SOL | TMd21 | IC","TM & TMd21 & SOL & IC",39.548508230904
3226,255.131462165936,7,14,28,28,28,"TM & SOL & IC | TMd21","TM & TMd21 & SOL & IC",39.549745281417
2258,255.156273615256,8,14,28,14,28,"TM & TMd21 & SOL & IC","TM & SOL | TMd21 | IC",39.5745567307368
1057,255.191533458592,9,14,14,28,14,"TM | TMd21 & SOL | IC","TM & SOL | TMd21 & IC",39.6098165740728
616,255.204050119483,8,14,28,14,14,"TM & IC | TMd21 | SOL","TM & TMd21 & SOL & IC",39.6223332349638
2287,255.205073201619,8,14,28,14,28,"TM & TMd21 & IC | SOL","TM & SOL | TMd21 & IC",39.6233563170996
2377,255.205093657578,8,14,28,14,28,"TM & IC | TMd21 & SOL","TM & SOL | TMd21 & IC",39.6233767730583
2332,255.205130691257,8,14,28,14,28,"TM & SOL & IC | TMd21","TM & SOL | TMd21 & IC",39.6234138067375
1064,255.205280337406,10,14,14,28,14,"TM | TMd21 & SOL | IC","TM | TMd21 | SOL & IC",39.6235634528862
1121,255.212906829455,11,14,14,28,14,"TM | TMd21 | SOL | IC","TM | TMd21 & SOL | IC",39.6311899449356
534,255.217797544761,8,14,28,14,14,"TM & SOL & IC | TMd21","TM & IC | TMd21 & SOL",39.6360806602414
532,255.22144139024,8,14,28,14,14,"TM & SOL & IC | TMd21","TM & SOL | TMd21 & IC",39.6397245057204
1540,255.227012594502,9,14,28,28,14,"TM | TMd21 & IC | SOL","TM | TMd21 & SOL & IC",39.645295709983
2277,255.227352617331,9,14,28,14,28,"TM & TMd21 & SOL | IC","TM & IC | TMd21 | SOL",39.6456357328121
1363,255.227778938396,8,14,28,28,14,"TM & TMd21 & SOL & IC","TM | TMd21 & IC | SOL",39.6460620538761
2279,255.237853861351,9,14,28,14,28,"TM & TMd21 & SOL | IC","TM | TMd21 | SOL & IC",39.6561369768317
350,255.269995222486,9,28,14,14,14,"TM & IC | TMd21 & SOL","TM & TMd21 | SOL | IC",39.6882783379665
413,255.275339423081,10,28,14,14,14,"TM | TMd21 & IC | SOL","TM & SOL | TMd21 | IC",39.6936225385616
235,255.277236645689,7,28,14,14,14,"TM & TMd21 & SOL & IC","TM | TMd21 & SOL & IC",39.6955197611698
442,255.281307759817,10,28,14,14,14,"TM | TMd21 | SOL | IC","TM & SOL | TMd21 & IC",39.699590875298
920,255.284433904068,9,14,14,28,14,"TM & TMd21 & SOL | IC","TM & TMd21 | SOL | IC",39.7027170195489
1106,255.298532208852,10,14,14,28,14,"TM | TMd21 | SOL & IC","TM | TMd21 & SOL | IC",39.7168153243328
278,255.300155247972,9,28,14,14,14,"TM & TMd21 | SOL & IC","TM & SOL | TMd21 | IC",39.7184383634525
568,255.302399279501,10,14,28,14,14,"TM & SOL | TMd21 | IC","TM | TMd21 & IC | SOL",39.7206823949821
2130,255.311810275743,10,28,14,14,28,"TM & SOL | TMd21 & IC","TM | TMd21 | SOL | IC",39.7300933912232
282,255.319273664237,9,28,14,14,14,"TM & TMd21 | SOL & IC","TM & IC | TMd21 | SOL",39.7375567797177
291,255.32266093871,9,28,14,14,14,"TM & TMd21 | SOL | IC","TM & SOL & IC | TMd21",39.7409440541905
3167,255.324938937221,8,14,28,28,28,"TM & TMd21 & SOL | IC","TM & TMd21 & SOL | IC",39.7432220527019
2400,255.330055355656,10,14,28,14,28,"TM | TMd21 & SOL & IC","TM | TMd21 | SOL | IC",39.7483384711363
3263,255.331383734009,10,14,28,28,28,"TM & SOL | TMd21 | IC","TM & SOL | TMd21 | IC",39.7496668494893
667,255.336696004877,10,14,28,14,14,"TM | TMd21 | SOL | IC","TM & SOL | TMd21 & IC",39.7549791203574
1321,255.36186669644,8,28,14,28,14,"TM | TMd21 | SOL & IC","TM & TMd21 & SOL & IC",39.7801498119203
2458,255.362444661344,10,14,28,14,28,"TM | TMd21 | SOL & IC","TM | TMd21 & IC | SOL",39.7807277768246
2273,255.380490420595,9,14,28,14,28,"TM & TMd21 & SOL | IC","TM & SOL | TMd21 | IC",39.7987735360752
2316,255.380501511872,9,14,28,14,28,"TM & TMd21 | SOL | IC","TM & SOL & IC | TMd21",39.7987846273528
2405,255.389352965096,10,14,28,14,28,"TM | TMd21 & SOL | IC","TM & TMd21 | SOL | IC",39.8076360805767
1104,255.389723894577,9,14,14,28,14,"TM | TMd21 | SOL & IC","TM & IC | TMd21 & SOL",39.8080070100572
1124,255.409324878595,11,14,14,28,14,"TM | TMd21 | SOL | IC","TM | TMd21 | SOL & IC",39.8276079940754
849,255.410879305154,9,28,28,14,14,"TM & IC | TMd21 | SOL","TM & IC | TMd21 & SOL",39.8291624206344
392,255.41259373992,9,28,14,14,14,"TM & IC | TMd21 | SOL","TM & TMd21 & SOL | IC",39.8308768554009
1058,255.413135152071,10,14,14,28,14,"TM | TMd21 & SOL | IC","TM & SOL | TMd21 | IC",39.8314182675513
1054,255.417950566925,9,14,14,28,14,"TM | TMd21 & SOL | IC","TM & TMd21 | SOL & IC",39.8362336824058
353,255.438307267047,9,28,14,14,14,"TM & IC | TMd21 & SOL","TM & SOL | TMd21 | IC",39.8565903825276
380,255.455860575367,10,28,14,14,14,"TM | TMd21 & SOL | IC","TM & TMd21 | SOL | IC",39.874143690848
1414,255.479067941763,9,14,28,28,14,"TM & TMd21 | SOL | IC","TM & TMd21 | SOL & IC",39.8973510572436
1009,255.498682333226,9,14,14,28,14,"TM & SOL | TMd21 | IC","TM & TMd21 | SOL & IC",39.9169654487067
929,255.499941340674,9,14,14,28,14,"TM & TMd21 & SOL | IC","TM | TMd21 | SOL & IC",39.9182244561545
697,255.501930404241,8,28,28,14,14,"TM & TMd21 & SOL | IC","TM & SOL | TMd21 & IC",39.920213519722
2235,255.533275310814,11,28,14,14,28,"TM | TMd21 | SOL & IC","TM | TMd21 | SOL | IC",39.9515584262948
1369,255.573422823085,8,14,28,28,14,"TM & TMd21 & SOL | IC","TM & TMd21 | SOL & IC",39.9917059385652
1160,255.574593080468,9,28,14,28,14,"TM & TMd21 & IC | SOL","TM & TMd21 | SOL | IC",39.9928761959483
1139,255.575226093446,8,28,14,28,14,"TM & TMd21 & SOL & IC","TM | TMd21 | SOL & IC",39.9935092089266
1326,255.57713118708,9,28,14,28,14,"TM | TMd21 | SOL & IC","TM & SOL & IC | TMd21",39.9954143025602
986,255.613722204998,9,14,14,28,14,"TM & SOL & IC | TMd21","TM | TMd21 & SOL | IC",40.0320053204784
437,255.617312424046,10,28,14,14,14,"TM | TMd21 | SOL | IC","TM & TMd21 & SOL | IC",40.0355955395267
1156,255.618235144252,7,28,14,28,14,"TM & TMd21 & IC | SOL","TM & TMd21 & SOL & IC",40.0365182597328
2828,255.623283793437,9,14,14,28,28,"TM & IC | TMd21 & SOL","TM & SOL | TMd21 | IC",40.0415669089174
383,255.649383854156,10,28,14,14,14,"TM | TMd21 & SOL | IC","TM & SOL | TMd21 | IC",40.0676669696364
1103,255.652210551367,10,14,14,28,14,"TM | TMd21 | SOL & IC","TM & SOL | TMd21 | IC",40.070493666848
1118,255.661676833928,11,14,14,28,14,"TM | TMd21 | SOL | IC","TM & SOL | TMd21 | IC",40.0799599494084
987,255.682605677581,9,14,14,28,14,"TM & SOL & IC | TMd21","TM & IC | TMd21 | SOL",40.1008887930614
1005,255.686216004598,10,14,14,28,14,"TM & SOL | TMd21 & IC","TM | TMd21 | SOL | IC",40.104499120079
1018,255.692174089818,10,14,14,28,14,"TM & SOL | TMd21 | IC","TM | TMd21 & IC | SOL",40.1104572052988
1533,255.700425429318,9,14,28,28,14,"TM | TMd21 & IC | SOL","TM & TMd21 & IC | SOL",40.1187085447985
2429,255.716072648143,10,14,28,14,28,"TM & IC | TMd21 | SOL","TM | TMd21 | SOL & IC",40.1343557636233
1157,255.725945089433,8,28,14,28,14,"TM & TMd21 & IC | SOL","TM & TMd21 & SOL | IC",40.1442282049138
1014,255.739172329884,9,14,14,28,14,"TM & SOL | TMd21 | IC","TM & IC | TMd21 & SOL",40.1574554453648
624,255.74389322448,9,14,28,14,14,"TM & IC | TMd21 | SOL","TM & IC | TMd21 & SOL",40.1621763399608
1206,255.749830558789,8,28,14,28,14,"TM & SOL & IC | TMd21","TM & SOL & IC | TMd21",40.1681136742699
672,255.752158203208,11,14,28,14,14,"TM | TMd21 | SOL | IC","TM & IC | TMd21 | SOL",40.1704413186887
428,255.760222443101,10,28,14,14,14,"TM | TMd21 | SOL & IC","TM & SOL | TMd21 | IC",40.1785055585816
2231,255.760747697829,10,28,14,14,28,"TM | TMd21 | SOL & IC","TM | TMd21 & SOL | IC",40.1790308133093
630,255.764686180564,11,14,28,14,14,"TM & IC | TMd21 | SOL","TM | TMd21 | SOL | IC",40.1829692960449
432,255.781819905266,10,28,14,14,14,"TM | TMd21 | SOL & IC","TM & IC | TMd21 | SOL",40.2001030207468
441,255.789692521693,10,28,14,14,14,"TM | TMd21 | SOL | IC","TM & SOL & IC | TMd21",40.2079756371739
2801,255.80088992413,9,14,14,28,28,"TM & SOL | TMd21 & IC","TM | TMd21 & SOL | IC",40.2191730396104
664,255.810204457787,10,14,28,14,14,"TM | TMd21 | SOL | IC","TM & TMd21 | SOL & IC",40.2284875732678
1201,255.818314006347,7,28,14,28,14,"TM & SOL & IC | TMd21","TM & TMd21 & SOL & IC",40.2365971218274
650,255.818898218419,10,14,28,14,14,"TM | TMd21 | SOL & IC","TM & TMd21 | SOL | IC",40.2371813338996
699,255.821905440732,8,28,28,14,14,"TM & TMd21 & SOL | IC","TM & IC | TMd21 & SOL",40.2401885562126
509,255.833261098044,9,14,28,14,14,"TM & TMd21 | SOL & IC","TM | TMd21 | SOL & IC",40.2515442135245
2085,255.850062296168,10,28,14,14,28,"TM & TMd21 | SOL & IC","TM | TMd21 | SOL | IC",40.2683454116487
2456,255.88059296633,10,14,28,14,28,"TM | TMd21 | SOL & IC","TM | TMd21 & SOL | IC",40.2988760818106
1531,255.892305749294,8,14,28,28,14,"TM | TMd21 & IC | SOL","TM & TMd21 & SOL & IC",40.3105888647749
1016,255.913319493008,10,14,14,28,14,"TM & SOL | TMd21 | IC","TM | TMd21 & SOL | IC",40.3316026084882
698,255.91610886262,9,28,28,14,14,"TM & TMd21 & SOL | IC","TM & SOL | TMd21 | IC",40.334391978101
711,255.933428395715,8,28,28,14,14,"TM & TMd21 & IC | SOL","TM & SOL & IC | TMd21",40.351711511196
3231,255.937126357355,8,14,28,28,28,"TM & SOL & IC | TMd21","TM & SOL & IC | TMd21",40.3554094728359
2175,255.943477727729,10,28,14,14,28,"TM | TMd21 & SOL & IC","TM | TMd21 | SOL | IC",40.3617608432095
570,255.943848212527,11,14,28,14,14,"TM & SOL | TMd21 | IC","TM | TMd21 | SOL | IC",40.3621313280079
1149,255.957293261637,8,28,14,28,14,"TM & TMd21 & SOL | IC","TM & IC | TMd21 & SOL",40.3755763771173
668,255.978340432294,11,14,28,14,14,"TM | TMd21 | SOL | IC","TM & SOL | TMd21 | IC",40.3966235477747
450,255.986909035683,12,28,14,14,14,"TM | TMd21 | SOL | IC","TM | TMd21 | SOL | IC",40.4051921511632
304,255.999129798182,8,28,14,14,14,"TM & SOL & IC | TMd21","TM & TMd21 | SOL & IC",40.4174129136626
2426,256.00094140098,10,14,28,14,28,"TM & IC | TMd21 | SOL","TM | TMd21 & SOL | IC",40.4192245164602
249,256.005203592562,8,28,14,14,14,"TM & TMd21 & SOL | IC","TM & IC | TMd21 & SOL",40.4234867080428
2324,256.009350264415,10,14,28,14,28,"TM & TMd21 | SOL | IC","TM | TMd21 | SOL & IC",40.4276333798957
2078,256.027333211625,9,28,14,14,28,"TM & TMd21 | SOL & IC","TM & SOL | TMd21 | IC",40.4456163271055
2216,256.033895933136,10,28,14,14,28,"TM | TMd21 & IC | SOL","TM | TMd21 & SOL | IC",40.4521790486164
1019,256.056175436915,10,14,14,28,14,"TM & SOL | TMd21 | IC","TM | TMd21 | SOL & IC",40.4744585523961
328,256.06949266728,9,28,14,14,14,"TM & SOL | TMd21 & IC","TM | TMd21 & IC | SOL",40.4877757827604
1499,256.098252597812,9,14,28,28,14,"TM | TMd21 & SOL & IC","TM | TMd21 | SOL & IC",40.5165357132929
674,256.116462016889,11,14,28,14,14,"TM | TMd21 | SOL | IC","TM | TMd21 | SOL & IC",40.5347451323694
775,256.117237564363,8,28,28,14,14,"TM & SOL | TMd21 & IC","TM | TMd21 & SOL & IC",40.5355206798441
841,256.124361115425,8,28,28,14,14,"TM & IC | TMd21 | SOL","TM & TMd21 & SOL & IC",40.5426442309054
660,256.125217606059,11,14,28,14,14,"TM | TMd21 | SOL & IC","TM | TMd21 | SOL | IC",40.5435007215394
1370,256.132156795866,9,14,28,28,14,"TM & TMd21 & SOL | IC","TM & TMd21 | SOL | IC",40.5504399113462
1489,256.177751131375,8,14,28,28,14,"TM | TMd21 & SOL & IC","TM & TMd21 | SOL & IC",40.5960342468558
701,256.204078032398,9,28,28,14,14,"TM & TMd21 & SOL | IC","TM | TMd21 & SOL | IC",40.6223611478785
715,256.216608496417,8,28,28,14,14,"TM & TMd21 & IC | SOL","TM | TMd21 & SOL & IC",40.6348916118974
620,256.227036862368,10,14,28,14,14,"TM & IC | TMd21 | SOL","TM & TMd21 | SOL | IC",40.6453199778486
1266,256.244877010563,8,28,14,28,14,"TM | TMd21 & SOL & IC","TM & SOL & IC | TMd21",40.663160126044
655,256.272635512701,9,14,28,14,14,"TM | TMd21 | SOL & IC","TM | TMd21 & SOL & IC",40.6909186281815
1334,256.2860287848,10,28,14,28,14,"TM | TMd21 | SOL & IC","TM | TMd21 | SOL & IC",40.7043119002809
403,256.293938395306,10,28,14,14,14,"TM & IC | TMd21 | SOL","TM | TMd21 & IC | SOL",40.7122215107869
300,256.318661459871,11,28,14,14,14,"TM & TMd21 | SOL | IC","TM | TMd21 | SOL | IC",40.7369445753517
1151,256.334072012248,9,28,14,28,14,"TM & TMd21 & SOL | IC","TM | TMd21 & SOL | IC",40.7523551277286
2407,256.340231251097,9,14,28,14,28,"TM | TMd21 & SOL | IC","TM & SOL | TMd21 & IC",40.7585143665772
663,256.35550542448,10,14,28,14,14,"TM | TMd21 | SOL | IC","TM & TMd21 & IC | SOL",40.7737885399602
801,256.367643306591,8,28,28,14,14,"TM & IC | TMd21 & SOL","TM & SOL & IC | TMd21",40.7859264220714
957,256.375881902393,9,14,14,28,14,"TM & TMd21 | SOL & IC","TM & IC | TMd21 | SOL",40.794165017874
2415,256.390151171625,11,14,28,14,28,"TM | TMd21 & SOL | IC","TM | TMd21 | SOL | IC",40.8084342871057
1398,256.403313031545,8,14,28,28,14,"TM & TMd21 | SOL & IC","TM & TMd21 & IC | SOL",40.8215961470256
1098,256.431216009437,9,14,14,28,14,"TM | TMd21 | SOL & IC","TM & TMd21 & IC | SOL",40.8494991249178
958,256.433350712667,9,14,14,28,14,"TM & TMd21 | SOL & IC","TM | TMd21 & IC | SOL",40.8516338281479
270,256.461700766058,10,28,14,14,14,"TM & TMd21 & IC | SOL","TM | TMd21 | SOL | IC",40.8799838815391
628,256.466898895154,10,14,28,14,14,"TM & IC | TMd21 | SOL","TM | TMd21 & IC | SOL",40.8851820106348
397,256.48576353741,9,28,14,14,14,"TM & IC | TMd21 | SOL","TM & SOL | TMd21 & IC",40.9040466528911
782,256.498174933147,9,28,28,14,14,"TM & SOL | TMd21 | IC","TM & TMd21 & SOL | IC",40.9164580486278
696,256.522262628827,8,28,28,14,14,"TM & TMd21 & SOL | IC","TM & SOL & IC | TMd21",40.9405457443076
2412,256.526416837514,10,14,28,14,28,"TM | TMd21 & SOL | IC","TM & IC | TMd21 | SOL",40.944699952995
1108,256.534296115142,10,14,14,28,14,"TM | TMd21 | SOL & IC","TM | TMd21 & IC | SOL",40.952579230623
298,256.561088256511,10,28,14,14,14,"TM & TMd21 | SOL | IC","TM | TMd21 & IC | SOL",40.9793713719912
2447,256.566480397368,9,14,28,14,28,"TM | TMd21 | SOL & IC","TM & TMd21 & SOL | IC",40.9847635128491
1820,256.571023944146,9,14,14,14,28,"TM & TMd21 & SOL | IC","TM & TMd21 | SOL | IC",40.9893070596262
2457,256.57216890505,10,14,28,14,28,"TM | TMd21 | SOL & IC","TM & IC | TMd21 | SOL",40.9904520205307
1184,256.576411291141,9,28,14,28,14,"TM & TMd21 | SOL & IC","TM | TMd21 | SOL & IC",40.994694406622
1330,256.587886532246,9,28,14,28,14,"TM | TMd21 | SOL & IC","TM | TMd21 & SOL & IC",41.0061696477269
542,256.588621962569,8,14,28,14,14,"TM & SOL | TMd21 & IC","TM & TMd21 & SOL | IC",41.0069050780497
405,256.591731444612,11,28,14,14,14,"TM & IC | TMd21 | SOL","TM | TMd21 | SOL | IC",41.0100145600924
1047,256.597647529959,9,14,14,28,14,"TM | TMd21 & SOL & IC","TM & IC | TMd21 | SOL",41.0159306454393
1025,256.601144267722,9,14,14,28,14,"TM & IC | TMd21 & SOL","TM & TMd21 | SOL | IC",41.0194273832024
1353,256.604085633381,7,14,28,28,14,"TM & TMd21 & SOL & IC","TM & TMd21 & IC | SOL",41.0223687488618
2278,256.620094715517,9,14,28,14,28,"TM & TMd21 & SOL | IC","TM | TMd21 & IC | SOL",41.0383778309974
1862,256.621816056412,9,14,14,14,28,"TM & TMd21 | SOL | IC","TM & TMd21 & SOL | IC",41.0400991718929
263,256.627458140964,9,28,14,14,14,"TM & TMd21 & IC | SOL","TM & SOL | TMd21 | IC",41.045741256445
557,256.630422106569,9,14,28,14,14,"TM & SOL | TMd21 | IC","TM & TMd21 & SOL | IC",41.0487052220499
320,256.633733956345,9,28,14,14,14,"TM & SOL | TMd21 & IC","TM & TMd21 | SOL | IC",41.0520170718259
619,256.647616335113,9,14,28,14,14,"TM & IC | TMd21 | SOL","TM & TMd21 | SOL & IC",41.0658994505933
1826,256.660550651066,9,14,14,14,28,"TM & TMd21 & SOL | IC","TM | TMd21 & SOL | IC",41.0788337665462
1952,256.667779075305,9,14,14,14,28,"TM | TMd21 & SOL | IC","TM & TMd21 & SOL | IC",41.0860621907853
988,256.674051393007,9,14,14,28,14,"TM & SOL & IC | TMd21","TM | TMd21 & IC | SOL",41.0923345084877
805,256.67983942135,8,28,28,14,14,"TM & IC | TMd21 & SOL","TM | TMd21 & SOL & IC",41.0981225368304
1,256.687767157158,6,14,14,14,14,"TM & TMd21 & SOL & IC","TM & TMd21 & SOL & IC",41.1060502726385
1050,256.689178963707,10,14,14,28,14,"TM | TMd21 & SOL & IC","TM | TMd21 | SOL | IC",41.107462079188
333,256.697283966919,9,28,14,14,14,"TM & SOL | TMd21 | IC","TM & TMd21 & IC | SOL",41.1155670823994
1823,256.702009918809,9,14,14,14,28,"TM & TMd21 & SOL | IC","TM & SOL | TMd21 | IC",41.1202930342901
1159,256.707415162451,8,28,14,28,14,"TM & TMd21 & IC | SOL","TM & TMd21 | SOL & IC",41.1256982779319
559,256.708219452276,9,14,28,14,14,"TM & SOL | TMd21 | IC","TM & TMd21 | SOL & IC",41.1265025677564
1555,256.708627089734,9,14,28,28,14,"TM | TMd21 | SOL & IC","TM | TMd21 & SOL & IC",41.1269102052149
530,256.710412578966,9,14,28,14,14,"TM & SOL & IC | TMd21","TM & TMd21 | SOL | IC",41.1286956944464
2393,256.713157623139,9,14,28,14,28,"TM | TMd21 & SOL & IC","TM & SOL | TMd21 | IC",41.1314407386194
1907,256.71491842781,9,14,14,14,28,"TM & SOL | TMd21 | IC","TM & TMd21 & SOL | IC",41.1332015432902
1393,256.717515317008,9,14,28,28,14,"TM & TMd21 & IC | SOL","TM | TMd21 & IC | SOL",41.1357984324882
292,256.719442450862,9,28,14,14,14,"TM & TMd21 | SOL | IC","TM & SOL | TMd21 & IC",41.1377255663428
834,256.729374346819,9,28,28,14,14,"TM | TMd21 & SOL | IC","TM & IC | TMd21 & SOL",41.1476574622993
1040,256.732231781445,9,14,14,28,14,"TM | TMd21 & SOL & IC","TM & TMd21 | SOL | IC",41.1505148969254
327,256.738785181111,9,28,14,14,14,"TM & SOL | TMd21 & IC","TM & IC | TMd21 | SOL",41.1570682965914
1125,256.740394895606,12,14,14,28,14,"TM | TMd21 | SOL | IC","TM | TMd21 | SOL | IC",41.1586780110869
995,256.748345135728,9,14,14,28,14,"TM & SOL | TMd21 & IC","TM & TMd21 | SOL | IC",41.1666282512084
781,256.75010179226,8,28,28,14,14,"TM & SOL | TMd21 | IC","TM & TMd21 & SOL & IC",41.1683849077411
2452,256.762068669114,9,14,28,14,28,"TM | TMd21 | SOL & IC","TM & SOL | TMd21 & IC",41.1803517845942
2333,256.769653685524,9,14,28,14,28,"TM & SOL & IC | TMd21","TM & SOL | TMd21 | IC",41.1879368010043
2317,256.774505485652,9,14,28,14,28,"TM & TMd21 | SOL | IC","TM & SOL | TMd21 & IC",41.1927886011322
1063,256.785267246674,10,14,14,28,14,"TM | TMd21 & SOL | IC","TM | TMd21 & IC | SOL",41.2035503621543
1053,256.785447294482,9,14,14,28,14,"TM | TMd21 & SOL | IC","TM & TMd21 & IC | SOL",41.2037304099625
1065,256.78915337102,11,14,14,28,14,"TM | TMd21 & SOL | IC","TM | TMd21 | SOL | IC",41.2074364865011
980,256.808631141327,9,14,14,28,14,"TM & SOL & IC | TMd21","TM & TMd21 | SOL | IC",41.226914256808
915,256.808665950853,9,14,14,28,14,"TM & TMd21 & SOL & IC","TM | TMd21 | SOL | IC",41.2269490663339
1255,256.808988987095,8,28,14,28,14,"TM & IC | TMd21 & SOL","TM | TMd21 & SOL & IC",41.2272721025752
700,256.812844349329,8,28,28,14,14,"TM & TMd21 & SOL | IC","TM | TMd21 & SOL & IC",41.2311274648097
1415,256.821447760817,10,14,28,28,14,"TM & TMd21 | SOL | IC","TM & TMd21 | SOL | IC",41.2397308762976
558,256.822932747525,9,14,28,14,14,"TM & SOL | TMd21 | IC","TM & TMd21 & IC | SOL",41.241215863006
2336,256.846123929816,9,14,28,14,28,"TM & SOL & IC | TMd21","TM | TMd21 & SOL | IC",41.2644070452962
1284,256.847878583366,9,28,14,28,14,"TM | TMd21 & SOL | IC","TM & IC | TMd21 & SOL",41.2661616988464
1172,256.85167956622,8,28,14,28,14,"TM & TMd21 | SOL & IC","TM & TMd21 & SOL | IC",41.2699626817009
771,256.870352523636,8,28,28,14,14,"TM & SOL | TMd21 & IC","TM & SOL & IC | TMd21",41.2886356391162
505,256.872654633425,8,14,28,14,14,"TM & TMd21 | SOL & IC","TM | TMd21 & SOL & IC",41.2909377489058
355,256.891800563743,8,28,14,14,14,"TM & IC | TMd21 & SOL","TM | TMd21 & SOL & IC",41.3100836792233
1008,256.898429126773,9,14,14,28,14,"TM & SOL | TMd21 | IC","TM & TMd21 & IC | SOL",41.3167122422538
928,256.898448076848,9,14,14,28,14,"TM & TMd21 & SOL | IC","TM | TMd21 & IC | SOL",41.316731192329
1368,256.905537997428,8,14,28,28,14,"TM & TMd21 & SOL | IC","TM & TMd21 & IC | SOL",41.3238211129085
2383,256.906187160501,9,14,28,14,28,"TM & IC | TMd21 & SOL","TM | TMd21 & IC | SOL",41.3244702759819
1390,256.915659784739,8,14,28,28,14,"TM & TMd21 & IC | SOL","TM | TMd21 & SOL & IC",41.3339429002201
1033,256.920516602758,9,14,14,28,14,"TM & IC | TMd21 & SOL","TM | TMd21 & IC | SOL",41.338799718239
927,256.928747541544,9,14,14,28,14,"TM & TMd21 & SOL | IC","TM & IC | TMd21 | SOL",41.3470306570247
1131,256.929003492521,7,28,14,28,14,"TM & TMd21 & SOL & IC","TM & SOL & IC | TMd21",41.3472866080012
617,256.932222235126,9,14,28,14,14,"TM & IC | TMd21 | SOL","TM & TMd21 & SOL | IC",41.3505053506067
654,256.932912786425,9,14,28,14,14,"TM | TMd21 | SOL & IC","TM & IC | TMd21 & SOL",41.3511959019057
681,256.936092152723,7,28,28,14,14,"TM & TMd21 & SOL & IC","TM & SOL & IC | TMd21",41.3543752682038
555,256.947505651596,10,14,28,14,14,"TM & SOL | TMd21 & IC","TM | TMd21 | SOL | IC",41.3657887670763
1150,256.949229667731,8,28,14,28,14,"TM & TMd21 & SOL | IC","TM | TMd21 & SOL & IC",41.3675127832115
1176,256.951492681382,8,28,14,28,14,"TM & TMd21 | SOL & IC","TM & SOL & IC | TMd21",41.3697757968623
2450,256.958528051071,10,14,28,14,28,"TM | TMd21 | SOL & IC","TM & TMd21 | SOL | IC",41.3768111665514
2330,256.960670768236,9,14,28,14,28,"TM & SOL & IC | TMd21","TM & TMd21 | SOL | IC",41.378953883717
2303,256.965853226444,9,14,28,14,28,"TM & TMd21 | SOL & IC","TM & SOL | TMd21 | IC",41.384136341925
652,256.969362746257,9,14,28,14,14,"TM | TMd21 | SOL & IC","TM & SOL | TMd21 & IC",41.3876458617377
2308,256.974724678645,9,14,28,14,28,"TM & TMd21 | SOL & IC","TM | TMd21 & IC | SOL",41.3930077941257
1002,256.979723525648,9,14,14,28,14,"TM & SOL | TMd21 & IC","TM & IC | TMd21 | SOL",41.3980066411289
293,256.979871231815,10,28,14,14,14,"TM & TMd21 | SOL | IC","TM & SOL | TMd21 | IC",41.3981543472951
638,256.981567130042,10,14,28,14,14,"TM | TMd21 & IC | SOL","TM & SOL | TMd21 | IC",41.3998502455227
856,256.982353057512,8,28,28,14,14,"TM | TMd21 & IC | SOL","TM & TMd21 & SOL & IC",41.4006361729928
2408,256.989161274272,10,14,28,14,28,"TM | TMd21 & SOL | IC","TM & SOL | TMd21 | IC",41.4074443897528
647,256.9936148063,9,14,28,14,14,"TM | TMd21 | SOL & IC","TM & TMd21 & SOL | IC",41.4118979217805
2265,257.001454581826,9,14,28,14,28,"TM & TMd21 & SOL & IC","TM | TMd21 | SOL | IC",41.4197376973069
648,257.014907646389,9,14,28,14,14,"TM | TMd21 | SOL & IC","TM & TMd21 & IC | SOL",41.4331907618693
310,257.016026990203,8,28,14,14,14,"TM & SOL & IC | TMd21","TM | TMd21 & SOL & IC",41.4343101056839
661,257.022655540343,9,14,28,14,14,"TM | TMd21 | SOL | IC","TM & TMd21 & SOL & IC",41.4409386558235
687,257.026936741446,8,28,28,14,14,"TM & TMd21 & SOL & IC","TM & IC | TMd21 | SOL",41.4452198569263
1110,257.045424946923,11,14,14,28,14,"TM | TMd21 | SOL & IC","TM | TMd21 | SOL | IC",41.4637080624035
536,257.047919989496,9,14,28,14,14,"TM & SOL & IC | TMd21","TM | TMd21 & SOL | IC",41.4662031049766
2338,257.050343930056,9,14,28,14,28,"TM & SOL & IC | TMd21","TM | TMd21 & IC | SOL",41.4686270455362
2417,257.056981245276,9,14,28,14,28,"TM & IC | TMd21 | SOL","TM & TMd21 & SOL | IC",41.4752643607571
325,257.072130490611,8,28,14,14,14,"TM & SOL | TMd21 & IC","TM | TMd21 & SOL & IC",41.4904136060917
538,257.077231693984,9,14,28,14,14,"TM & SOL & IC | TMd21","TM | TMd21 & IC | SOL",41.4955148094645
1400,257.087636760234,9,14,28,28,14,"TM & TMd21 | SOL & IC","TM & TMd21 | SOL | IC",41.5059198757141
565,257.088760738653,9,14,28,14,14,"TM & SOL | TMd21 | IC","TM | TMd21 & SOL & IC",41.5070438541334
673,257.097536903437,11,14,28,14,14,"TM | TMd21 | SOL | IC","TM | TMd21 & IC | SOL",41.5158200189181
2378,257.113103767325,9,14,28,14,28,"TM & IC | TMd21 & SOL","TM & SOL | TMd21 | IC",41.5313868828059
625,257.113691568961,9,14,28,14,14,"TM & IC | TMd21 | SOL","TM | TMd21 & SOL & IC",41.5319746844419
564,257.119593483196,9,14,28,14,14,"TM & SOL | TMd21 | IC","TM & IC | TMd21 & SOL",41.5378765986764
1495,257.128289835195,8,14,28,28,14,"TM | TMd21 & SOL & IC","TM | TMd21 & SOL & IC",41.5465729506753
239,257.140516594014,8,28,14,14,14,"TM & TMd21 & SOL & IC","TM | TMd21 | SOL & IC",41.5587997094948
2288,257.156215018145,9,14,28,14,28,"TM & TMd21 & IC | SOL","TM & SOL | TMd21 | IC",41.574498133626
2120,257.158210629821,9,28,14,14,28,"TM & SOL | TMd21 & IC","TM & TMd21 | SOL | IC",41.5764937453014
778,257.166126356952,9,28,28,14,14,"TM & SOL | TMd21 & IC","TM | TMd21 & IC | SOL",41.5844094724326
1491,257.167890910749,8,14,28,28,14,"TM | TMd21 & SOL & IC","TM & SOL & IC | TMd21",41.5861740262298
2060,257.179253719987,9,28,14,14,28,"TM & TMd21 & IC | SOL","TM & TMd21 | SOL | IC",41.5975368354675
683,257.188359517066,8,28,28,14,14,"TM & TMd21 & SOL & IC","TM & SOL | TMd21 | IC",41.606642632547
1055,257.190453120111,10,14,14,28,14,"TM | TMd21 & SOL | IC","TM & TMd21 | SOL | IC",41.6087362355917
622,257.199104896351,9,14,28,14,14,"TM & IC | TMd21 | SOL","TM & SOL | TMd21 & IC",41.6173880118315
2422,257.205071951226,9,14,28,14,28,"TM & IC | TMd21 | SOL","TM & SOL | TMd21 & IC",41.6233550667066
2384,257.214894111016,9,14,28,14,28,"TM & IC | TMd21 & SOL","TM | TMd21 | SOL & IC",41.6331772264965
398,257.215363259016,10,28,14,14,14,"TM & IC | TMd21 | SOL","TM & SOL | TMd21 | IC",41.6336463744962
2280,257.227326486318,10,14,28,14,28,"TM & TMd21 & SOL | IC","TM | TMd21 | SOL | IC",41.6456096017982
787,257.227355767137,9,28,28,14,14,"TM & SOL | TMd21 | IC","TM & SOL | TMd21 & IC",41.6456388826173
236,257.231904809338,8,28,14,14,14,"TM & TMd21 & SOL & IC","TM | TMd21 & SOL | IC",41.6501879248185
753,257.246600965183,8,28,28,14,14,"TM & SOL & IC | TMd21","TM & TMd21 & IC | SOL",41.6648840806632
238,257.252648756766,8,28,14,14,14,"TM & TMd21 & SOL & IC","TM | TMd21 & IC | SOL",41.6709318722467
265,257.264329483439,8,28,14,14,14,"TM & TMd21 & IC | SOL","TM | TMd21 & SOL & IC",41.6826125989192
443,257.271138846251,11,28,14,14,14,"TM | TMd21 | SOL | IC","TM & SOL | TMd21 | IC",41.6894219617319
2460,257.272932713609,11,14,28,14,28,"TM | TMd21 | SOL & IC","TM | TMd21 | SOL | IC",41.6912158290895
1107,257.273344342162,10,14,14,28,14,"TM | TMd21 | SOL & IC","TM & IC | TMd21 | SOL",41.6916274576425
280,257.273875361467,8,28,14,14,14,"TM & TMd21 | SOL & IC","TM | TMd21 & SOL & IC",41.6921584769476
250,257.274182865226,8,28,14,14,14,"TM & TMd21 & SOL | IC","TM | TMd21 & SOL & IC",41.6924659807062
1010,257.274846430012,10,14,14,28,14,"TM & SOL | TMd21 | IC","TM & TMd21 | SOL | IC",41.693129545493
930,257.27731157368,10,14,14,28,14,"TM & TMd21 & SOL | IC","TM | TMd21 | SOL | IC",41.6955946891606
685,257.296035747429,7,28,28,14,14,"TM & TMd21 & SOL & IC","TM | TMd21 & SOL & IC",41.7143188629096
688,257.325988633831,8,28,28,14,14,"TM & TMd21 & SOL & IC","TM | TMd21 & IC | SOL",41.7442717493116
827,257.32807542936,9,28,28,14,14,"TM | TMd21 & SOL | IC","TM & TMd21 & SOL | IC",41.7463585448404
2318,257.378487465083,10,14,28,14,28,"TM & TMd21 | SOL | IC","TM & SOL | TMd21 | IC",41.7967705805636
1264,257.414515065714,8,28,14,28,14,"TM | TMd21 & SOL & IC","TM & TMd21 | SOL & IC",41.8327981811943
1135,257.420829788349,7,28,14,28,14,"TM & TMd21 & SOL & IC","TM | TMd21 & SOL & IC",41.8391129038299
752,257.422625893126,8,28,28,14,14,"TM & SOL & IC | TMd21","TM & TMd21 & SOL | IC",41.8409090086064
665,257.434235947685,11,14,28,14,14,"TM | TMd21 | SOL | IC","TM & TMd21 | SOL | IC",41.852519063166
1546,257.453562170106,8,14,28,28,14,"TM | TMd21 | SOL & IC","TM & TMd21 & SOL & IC",41.8718452855862
1277,257.465084009855,9,28,14,28,14,"TM | TMd21 & SOL | IC","TM & TMd21 & SOL | IC",41.8833671253358
1355,257.465814877982,8,14,28,28,14,"TM & TMd21 & SOL & IC","TM & TMd21 | SOL | IC",41.8840979934621
1274,257.483801693832,9,28,14,28,14,"TM | TMd21 & SOL & IC","TM | TMd21 | SOL & IC",41.9020848093127
686,257.489881147847,8,28,28,14,14,"TM & TMd21 & SOL & IC","TM | TMd21 & SOL | IC",41.9081642633274
990,257.504355725547,10,14,14,28,14,"TM & SOL & IC | TMd21","TM | TMd21 | SOL | IC",41.9226388410277
751,257.568112259723,7,28,28,14,14,"TM & SOL & IC | TMd21","TM & TMd21 & SOL & IC",41.9863953752036
669,257.568711058913,10,14,28,14,14,"TM | TMd21 | SOL | IC","TM & IC | TMd21 & SOL",41.9869941743931
626,257.58104057299,10,14,28,14,14,"TM & IC | TMd21 | SOL","TM | TMd21 & SOL | IC",41.9993236884703
1136,257.625170975574,8,28,14,28,14,"TM & TMd21 & SOL & IC","TM | TMd21 & SOL | IC",42.0434540910546
826,257.626381523394,8,28,28,14,14,"TM | TMd21 & SOL | IC","TM & TMd21 & SOL & IC",42.044664638875
1017,257.63245592184,10,14,14,28,14,"TM & SOL | TMd21 | IC","TM & IC | TMd21 | SOL",42.050739037321
1401,257.669119199913,8,14,28,28,14,"TM & TMd21 | SOL & IC","TM & SOL & IC | TMd21",42.0874023153933
251,257.672194890322,9,28,14,14,14,"TM & TMd21 & SOL | IC","TM | TMd21 & SOL | IC",42.0904780058029
1549,257.672333053505,9,14,28,28,14,"TM | TMd21 | SOL & IC","TM & TMd21 | SOL & IC",42.0906161689852
1020,257.682022643045,11,14,14,28,14,"TM & SOL | TMd21 | IC","TM | TMd21 | SOL | IC",42.100305758526
2088,257.701749050205,9,28,14,14,28,"TM & TMd21 | SOL | IC","TM & TMd21 & IC | SOL",42.1200321656855
836,257.712136519906,10,28,28,14,14,"TM | TMd21 & SOL | IC","TM | TMd21 & SOL | IC",42.1304196353862
706,257.73702380328,7,28,28,14,14,"TM & TMd21 & IC | SOL","TM & TMd21 & SOL & IC",42.1553069187605
675,257.73781751489,12,14,28,14,14,"TM | TMd21 | SOL | IC","TM | TMd21 | SOL | IC",42.1561006303708
1383,257.74136645597,8,14,28,28,14,"TM & TMd21 & IC | SOL","TM & TMd21 & IC | SOL",42.1596495714511
759,257.75935064087,8,28,28,14,14,"TM & SOL & IC | TMd21","TM & IC | TMd21 & SOL",42.1776337563503
1276,257.769997708514,8,28,14,28,14,"TM | TMd21 & SOL | IC","TM & TMd21 & SOL & IC",42.1882808239949
339,257.779517659244,9,28,14,14,14,"TM & SOL | TMd21 | IC","TM & IC | TMd21 & SOL",42.197800774725
314,257.808403294061,9,28,14,14,14,"TM & SOL & IC | TMd21","TM | TMd21 | SOL & IC",42.2266864095417
524,257.823575913172,10,14,28,14,14,"TM & TMd21 | SOL | IC","TM | TMd21 | SOL & IC",42.2418590286526
1286,257.831146086251,10,28,14,28,14,"TM | TMd21 & SOL | IC","TM | TMd21 & SOL | IC",42.2494292017321
510,257.832196745207,10,14,28,14,14,"TM & TMd21 | SOL & IC","TM | TMd21 | SOL | IC",42.2504798606877
1912,257.833756491002,9,14,14,14,28,"TM & SOL | TMd21 | IC","TM & SOL | TMd21 & IC",42.2520396064828
692,257.867917641473,8,28,28,14,14,"TM & TMd21 & SOL | IC","TM & TMd21 & SOL | IC",42.2862007569532
394,257.875965971064,9,28,14,14,14,"TM & IC | TMd21 | SOL","TM & TMd21 | SOL & IC",42.2942490865442
788,257.890995168507,10,28,28,14,14,"TM & SOL | TMd21 | IC","TM & SOL | TMd21 | IC",42.3092782839876
846,257.905306630671,9,28,28,14,14,"TM & IC | TMd21 | SOL","TM & SOL & IC | TMd21",42.3235897461519
252,257.912289888469,9,28,14,14,14,"TM & TMd21 & SOL | IC","TM & IC | TMd21 | SOL",42.3305730039494
757,257.917101871144,8,28,28,14,14,"TM & SOL & IC | TMd21","TM & SOL | TMd21 & IC",42.3353849866243
573,257.927416173935,8,14,28,14,14,"TM & IC | TMd21 & SOL","TM & TMd21 & IC | SOL",42.345699289416
635,257.943310772481,10,14,28,14,14,"TM | TMd21 & IC | SOL","TM & TMd21 | SOL | IC",42.3615938879618
330,257.95479290195,10,28,14,14,14,"TM & SOL | TMd21 & IC","TM | TMd21 | SOL | IC",42.3730760174304
343,257.960694701552,10,28,14,14,14,"TM & SOL | TMd21 | IC","TM | TMd21 & IC | SOL",42.3789778170331
334,257.974822657646,9,28,14,14,14,"TM & SOL | TMd21 | IC","TM & TMd21 | SOL & IC",42.393105773127
1142,257.994105100025,8,28,14,28,14,"TM & TMd21 & SOL | IC","TM & TMd21 & SOL | IC",42.4123882155058
305,257.998075047185,9,28,14,14,14,"TM & SOL & IC | TMd21","TM & TMd21 | SOL | IC",42.4163581626655
294,258.004943154331,9,28,14,14,14,"TM & TMd21 | SOL | IC","TM & IC | TMd21 & SOL",42.4232262698112
1559,258.005835621725,10,14,28,28,14,"TM | TMd21 | SOL & IC","TM | TMd21 | SOL & IC",42.4241187372059
492,258.008635295901,9,14,28,14,14,"TM & TMd21 & IC | SOL","TM & IC | TMd21 | SOL",42.4269184113817
1450,258.010218723272,8,14,28,28,14,"TM & SOL | TMd21 & IC","TM | TMd21 & SOL & IC",42.4285018387524
865,258.084719280833,9,28,28,14,14,"TM | TMd21 & IC | SOL","TM | TMd21 & SOL & IC",42.5030023963141
2307,258.137342623525,9,14,28,14,28,"TM & TMd21 | SOL & IC","TM & IC | TMd21 | SOL",42.5556257390056
807,258.13760728849,9,28,28,14,14,"TM & IC | TMd21 & SOL","TM & IC | TMd21 | SOL",42.5558904039702
1865,258.142262835558,10,14,14,14,28,"TM & TMd21 | SOL | IC","TM & TMd21 | SOL | IC",42.560545951039
813,258.148292149288,8,28,28,14,14,"TM | TMd21 & SOL & IC","TM & TMd21 & IC | SOL",42.5665752647689
656,258.226636746837,10,14,28,14,14,"TM | TMd21 | SOL & IC","TM | TMd21 & SOL | IC",42.644919862318
1486,258.23075449903,7,14,28,28,14,"TM | TMd21 & SOL & IC","TM & TMd21 & SOL & IC",42.6490376145102
658,258.250273070171,10,14,28,14,14,"TM | TMd21 | SOL & IC","TM | TMd21 & IC | SOL",42.6685561856518
1364,258.251967526968,8,14,28,28,14,"TM & TMd21 & SOL & IC","TM | TMd21 | SOL & IC",42.6702506424485
806,258.255628949059,9,28,28,14,14,"TM & IC | TMd21 & SOL","TM | TMd21 & SOL | IC",42.6739120645396
670,258.262968116947,10,14,28,14,14,"TM | TMd21 | SOL | IC","TM | TMd21 & SOL & IC",42.6812512324278
1413,258.263694098643,9,14,28,28,14,"TM & TMd21 | SOL | IC","TM & TMd21 & IC | SOL",42.6819772141232
545,258.290257785561,9,14,28,14,14,"TM & SOL | TMd21 & IC","TM & TMd21 | SOL | IC",42.7085409010417
1816,258.293735665269,7,14,14,14,28,"TM & TMd21 & SOL | IC","TM & TMd21 & SOL & IC",42.7120187807499
335,258.296017732886,10,28,14,14,14,"TM & SOL | TMd21 | IC","TM & TMd21 | SOL | IC",42.7143008483661
560,258.304799496562,10,14,28,14,14,"TM & SOL | TMd21 | IC","TM & TMd21 | SOL | IC",42.7230826120428
523,258.322057797332,10,14,28,14,14,"TM & TMd21 | SOL | IC","TM | TMd21 & IC | SOL",42.7403409128123
812,258.330169999971,8,28,28,14,14,"TM | TMd21 & SOL & IC","TM & TMd21 & SOL | IC",42.7484531154514
767,258.347591795126,8,28,28,14,14,"TM & SOL | TMd21 & IC","TM & TMd21 & SOL | IC",42.7658749106062
2453,258.351628050437,10,14,28,14,28,"TM | TMd21 | SOL & IC","TM & SOL | TMd21 | IC",42.7699111659176
1256,258.373379014277,9,28,14,28,14,"TM & IC | TMd21 & SOL","TM | TMd21 & SOL | IC",42.7916621297573
489,258.416796656011,8,14,28,14,14,"TM & TMd21 & IC | SOL","TM & IC | TMd21 & SOL",42.8350797714916
1913,258.421889044075,10,14,14,14,28,"TM & SOL | TMd21 | IC","TM & SOL | TMd21 | IC",42.8401721595557
4,258.444436183021,7,14,14,14,14,"TM & TMd21 & SOL & IC","TM & TMd21 | SOL & IC",42.8627192985019
342,258.465863606204,10,28,14,14,14,"TM & SOL | TMd21 | IC","TM & IC | TMd21 | SOL",42.8841467216843
582,258.466846075794,9,14,28,14,14,"TM & IC | TMd21 & SOL","TM & IC | TMd21 | SOL",42.8851291912743
1262,258.473144885626,8,28,14,28,14,"TM | TMd21 & SOL & IC","TM & TMd21 & SOL | IC",42.891428001107
632,258.482009314028,9,14,28,14,14,"TM | TMd21 & IC | SOL","TM & TMd21 & SOL | IC",42.9002924295087
46,258.483554377166,7,14,14,14,14,"TM & TMd21 | SOL & IC","TM & TMd21 & SOL & IC",42.9018374926466
786,258.499894585128,9,28,28,14,14,"TM & SOL | TMd21 | IC","TM & SOL & IC | TMd21",42.9181777006083
1412,258.506776485719,9,14,28,28,14,"TM & TMd21 | SOL | IC","TM & TMd21 & SOL | IC",42.9250596011993
691,258.508784534882,7,28,28,14,14,"TM & TMd21 & SOL | IC","TM & TMd21 & SOL & IC",42.9270676503627
662,258.521896001292,10,14,28,14,14,"TM | TMd21 | SOL | IC","TM & TMd21 & SOL | IC",42.9401791167726
1435,258.534860589338,8,14,28,28,14,"TM & SOL & IC | TMd21","TM | TMd21 & SOL & IC",42.9531437048187
551,258.545192665057,9,14,28,14,14,"TM & SOL | TMd21 & IC","TM | TMd21 & SOL | IC",42.9634757805377
2306,258.550881141185,9,14,28,14,28,"TM & TMd21 | SOL & IC","TM | TMd21 & SOL | IC",42.9691642566659
1910,258.554897255446,10,14,14,14,28,"TM & SOL | TMd21 | IC","TM & TMd21 | SOL | IC",42.9731803709263
798,258.565474582671,8,28,28,14,14,"TM & IC | TMd21 & SOL","TM & TMd21 & IC | SOL",42.9837576981515
1830,258.567112623554,10,14,14,14,28,"TM & TMd21 & SOL | IC","TM | TMd21 | SOL | IC",42.9853957390346
1955,258.568874042615,10,14,14,14,28,"TM | TMd21 & SOL | IC","TM & TMd21 | SOL | IC",42.9871571580961
16,258.572201109141,7,14,14,14,14,"TM & TMd21 & SOL | IC","TM & TMd21 & SOL & IC",42.9904842246215
10,258.575326222337,7,14,14,14,14,"TM & TMd21 & SOL & IC","TM | TMd21 & SOL & IC",42.9936093378174
1387,258.576529814166,8,14,28,28,14,"TM & TMd21 & IC | SOL","TM & SOL | TMd21 & IC",42.9948129296465
136,258.578314563818,7,14,14,14,14,"TM | TMd21 & SOL & IC","TM & TMd21 & SOL & IC",42.9965976792982
1958,258.580330215599,10,14,14,14,28,"TM | TMd21 & SOL | IC","TM & SOL | TMd21 | IC",42.9986133310799
2,258.591203074905,7,14,14,14,14,"TM & TMd21 & SOL & IC","TM & TMd21 & SOL | IC",43.0094861903852
566,258.593950852182,10,14,28,14,14,"TM & SOL | TMd21 | IC","TM | TMd21 & SOL | IC",43.0122339676627
1916,258.603630212459,10,14,14,14,28,"TM & SOL | TMd21 | IC","TM | TMd21 & SOL | IC",43.0219133279396
358,258.608374036739,9,28,14,14,14,"TM & IC | TMd21 & SOL","TM | TMd21 & IC | SOL",43.0266571522197
1871,258.610865308739,10,14,14,14,28,"TM & TMd21 | SOL | IC","TM | TMd21 & SOL | IC",43.02914842422
2012,258.614340647186,10,14,14,14,28,"TM | TMd21 | SOL | IC","TM & TMd21 & SOL | IC",43.0326237626669
2340,258.615891976556,10,14,28,14,28,"TM & SOL & IC | TMd21","TM | TMd21 | SOL | IC",43.0341750920364
3,258.621104348718,7,14,14,14,14,"TM & TMd21 & SOL & IC","TM & TMd21 & IC | SOL",43.0393874641985
1868,258.621442099821,10,14,14,14,28,"TM & TMd21 | SOL | IC","TM & SOL | TMd21 | IC",43.0397252153012
6,258.632566517018,7,14,14,14,14,"TM & TMd21 & SOL & IC","TM & SOL & IC | TMd21",43.0508496324982
811,258.633451565283,7,28,28,14,14,"TM | TMd21 & SOL & IC","TM & TMd21 & SOL & IC",43.0517346807641
1141,258.641357511184,7,28,14,28,14,"TM & TMd21 & SOL | IC","TM & TMd21 & SOL & IC",43.0596406266649
1961,258.644020692566,10,14,14,14,28,"TM | TMd21 & SOL | IC","TM | TMd21 & SOL | IC",43.0623038080468
76,258.65111594689,7,14,14,14,14,"TM & SOL & IC | TMd21","TM & TMd21 & SOL & IC",43.0693990623708
31,258.654845434809,7,14,14,14,14,"TM & TMd21 & IC | SOL","TM & TMd21 & SOL & IC",43.0731285502899
835,258.667852288378,9,28,28,14,14,"TM | TMd21 & SOL | IC","TM | TMd21 & SOL & IC",43.0861354038585
91,258.671211560691,7,14,14,14,14,"TM & SOL | TMd21 & IC","TM & TMd21 & SOL & IC",43.0894946761716
7,258.683451448537,7,14,14,14,14,"TM & TMd21 & SOL & IC","TM & SOL | TMd21 & IC",43.1017345640177
9,258.687361322965,7,14,14,14,14,"TM & TMd21 & SOL & IC","TM & IC | TMd21 & SOL",43.1056444384455
121,258.687692048371,7,14,14,14,14,"TM & IC | TMd21 & SOL","TM & TMd21 & SOL & IC",43.1059751638517
1959,258.742765139936,9,14,14,14,28,"TM | TMd21 & SOL | IC","TM & IC | TMd21 & SOL",43.1610482554165
2385,258.743710549846,10,14,28,14,28,"TM & IC | TMd21 & SOL","TM | TMd21 | SOL | IC",43.1619936653267
645,258.744049159006,11,14,28,14,14,"TM | TMd21 & IC | SOL","TM | TMd21 | SOL | IC",43.1623322744865
1261,258.765734011562,7,28,14,28,14,"TM | TMd21 & SOL & IC","TM & TMd21 & SOL & IC",43.1840171270428
2423,258.769031935545,10,14,28,14,28,"TM & IC | TMd21 | SOL","TM & SOL | TMd21 | IC",43.1873150510259
1285,258.798688679571,9,28,14,28,14,"TM | TMd21 & SOL | IC","TM | TMd21 & SOL & IC",43.2169717950519
326,258.820570858397,9,28,14,14,14,"TM & SOL | TMd21 & IC","TM | TMd21 & SOL | IC",43.2388539738776
1385,258.824767528242,9,14,28,28,14,"TM & TMd21 & IC | SOL","TM & TMd21 | SOL | IC",43.2430506437221
506,258.83645891493,9,14,28,14,14,"TM & TMd21 | SOL & IC","TM | TMd21 & SOL | IC",43.2547420304104
400,258.838857156773,9,28,14,14,14,"TM & IC | TMd21 | SOL","TM | TMd21 & SOL & IC",43.2571402722537
773,258.845756673133,9,28,28,14,14,"TM & SOL | TMd21 & IC","TM & SOL | TMd21 | IC",43.2640397886138
1411,258.847938439048,8,14,28,28,14,"TM & TMd21 | SOL | IC","TM & TMd21 & SOL & IC",43.2662215545287
508,258.856859225778,9,14,28,14,14,"TM & TMd21 | SOL & IC","TM | TMd21 & IC | SOL",43.2751423412589
520,258.863091838875,9,14,28,14,14,"TM & TMd21 | SOL | IC","TM | TMd21 & SOL & IC",43.2813749543553
359,258.886413910726,9,28,14,14,14,"TM & IC | TMd21 & SOL","TM | TMd21 | SOL & IC",43.304697026207
2887,258.920560511202,9,14,14,28,28,"TM | TMd21 & IC | SOL","TM & SOL | TMd21 & IC",43.3388436266821
756,258.936046362096,8,28,28,14,14,"TM & SOL & IC | TMd21","TM & SOL & IC | TMd21",43.3543294775768
2310,258.962289401758,10,14,28,14,28,"TM & TMd21 | SOL & IC","TM | TMd21 | SOL | IC",43.3805725172385
340,258.964691145519,9,28,14,14,14,"TM & SOL | TMd21 | IC","TM | TMd21 & SOL & IC",43.3829742609997
762,258.999159160577,9,28,28,14,14,"TM & SOL & IC | TMd21","TM & IC | TMd21 | SOL",43.4174422760573
2068,259.001612137408,9,28,14,14,28,"TM & TMd21 & IC | SOL","TM | TMd21 & IC | SOL",43.4198952528886
456,259.002705961927,7,14,28,14,14,"TM & TMd21 & SOL & IC","TM & SOL & IC | TMd21",43.4209890774077
313,259.003618869742,9,28,14,14,14,"TM & SOL & IC | TMd21","TM | TMd21 & IC | SOL",43.4219019852227
820,259.009514793781,8,28,28,14,14,"TM | TMd21 & SOL & IC","TM | TMd21 & SOL & IC",43.4277979092615
817,259.012707865045,8,28,28,14,14,"TM | TMd21 & SOL & IC","TM & SOL | TMd21 & IC",43.4309909805257
311,259.013842076465,9,28,14,14,14,"TM & SOL & IC | TMd21","TM | TMd21 & SOL | IC",43.4321251919461
269,259.023413144674,9,28,14,14,14,"TM & TMd21 & IC | SOL","TM | TMd21 | SOL & IC",43.4416962601547
329,259.043747821934,9,28,14,14,14,"TM & SOL | TMd21 & IC","TM | TMd21 | SOL & IC",43.4620309374146
1372,259.060703558307,8,14,28,28,14,"TM & TMd21 & SOL | IC","TM & SOL | TMd21 & IC",43.4789866737879
1863,259.11702264748,9,14,14,14,28,"TM & TMd21 | SOL | IC","TM & TMd21 & IC | SOL",43.5353057629607
254,259.118724000746,9,28,14,14,14,"TM & TMd21 & SOL | IC","TM | TMd21 | SOL & IC",43.537007116227
589,259.122682369204,8,14,28,14,14,"TM | TMd21 & SOL & IC","TM & TMd21 | SOL & IC",43.540965484685
1270,259.126995641597,8,28,14,28,14,"TM | TMd21 & SOL & IC","TM | TMd21 & SOL & IC",43.5452787570777
240,259.13946686817,9,28,14,14,14,"TM & TMd21 & SOL & IC","TM | TMd21 | SOL | IC",43.5577499836502
797,259.140223295018,8,28,28,14,14,"TM & IC | TMd21 & SOL","TM & TMd21 & SOL | IC",43.5585064104985
819,259.161407944499,8,28,28,14,14,"TM | TMd21 & SOL & IC","TM & IC | TMd21 & SOL",43.5796910599798
758,259.163033185322,9,28,28,14,14,"TM & SOL & IC | TMd21","TM & SOL | TMd21 | IC",43.5813163008029
1551,259.167118637351,9,14,28,28,14,"TM | TMd21 | SOL & IC","TM & SOL & IC | TMd21",43.5854017528313
2090,259.179215882615,10,28,14,14,28,"TM & TMd21 | SOL | IC","TM & TMd21 | SOL | IC",43.5974989980958
823,259.193283829849,9,28,28,14,14,"TM | TMd21 & SOL & IC","TM | TMd21 & IC | SOL",43.6115669453292
1381,259.195324076581,7,14,28,28,14,"TM & TMd21 & IC | SOL","TM & TMd21 & SOL & IC",43.6136071920611
281,259.196833753167,9,28,14,14,14,"TM & TMd21 | SOL & IC","TM | TMd21 & SOL | IC",43.6151168686476
678,259.226571182283,7,28,28,14,14,"TM & TMd21 & SOL & IC","TM & TMd21 & IC | SOL",43.6448542977632
283,259.228475593719,9,28,14,14,14,"TM & TMd21 | SOL & IC","TM | TMd21 & IC | SOL",43.6467587091997
253,259.229166191717,9,28,14,14,14,"TM & TMd21 & SOL | IC","TM | TMd21 & IC | SOL",43.6474493071973
266,259.231820048379,9,28,14,14,14,"TM & TMd21 & IC | SOL","TM | TMd21 & SOL | IC",43.6501031638598
295,259.26432860729,9,28,14,14,14,"TM & TMd21 | SOL | IC","TM | TMd21 & SOL & IC",43.6826117227705
1247,259.282197101463,8,28,14,28,14,"TM & IC | TMd21 & SOL","TM & TMd21 & SOL | IC",43.7004802169433
768,259.294821167988,8,28,28,14,14,"TM & SOL | TMd21 & IC","TM & TMd21 & IC | SOL",43.713104283469
2218,259.296064567349,10,28,14,14,28,"TM | TMd21 & IC | SOL","TM | TMd21 & IC | SOL",43.7143476828292
1269,259.306051110558,8,28,14,28,14,"TM | TMd21 & SOL & IC","TM & IC | TMd21 & SOL",43.724334226039
1373,259.332162120027,9,14,28,28,14,"TM & TMd21 & SOL | IC","TM & SOL | TMd21 | IC",43.7504452355081
821,259.351742314301,9,28,28,14,14,"TM | TMd21 & SOL & IC","TM | TMd21 & SOL | IC",43.7700254297816
1429,259.396313429459,8,14,28,28,14,"TM & SOL & IC | TMd21","TM & TMd21 | SOL & IC",43.8145965449397
1405,259.407167419574,8,14,28,28,14,"TM & TMd21 | SOL & IC","TM | TMd21 & SOL & IC",43.8254505350546
341,259.437210201151,10,28,14,14,14,"TM & SOL | TMd21 | IC","TM | TMd21 & SOL | IC",43.8554933166321
525,259.450763775565,11,14,28,14,14,"TM & TMd21 | SOL | IC","TM | TMd21 | SOL | IC",43.869046891046
677,259.451061394314,7,28,28,14,14,"TM & TMd21 & SOL & IC","TM & TMd21 & SOL | IC",43.8693445097951
1382,259.465047495254,8,14,28,28,14,"TM & TMd21 & IC | SOL","TM & TMd21 & SOL | IC",43.8833306107345
1271,259.48151556778,9,28,14,28,14,"TM | TMd21 & SOL & IC","TM | TMd21 & SOL | IC",43.8997986832608
2375,259.490552470261,9,14,28,14,28,"TM & IC | TMd21 & SOL","TM & TMd21 | SOL | IC",43.9088355857416
671,259.554597562694,11,14,28,14,14,"TM | TMd21 | SOL | IC","TM | TMd21 & SOL | IC",43.9728806781749
642,259.564131899856,10,14,28,14,14,"TM | TMd21 & IC | SOL","TM & IC | TMd21 | SOL",43.9824150153361
2107,259.568567730319,8,28,14,14,28,"TM & SOL & IC | TMd21","TM & SOL | TMd21 & IC",43.9868508458
255,259.579151610223,10,28,14,14,14,"TM & TMd21 & SOL | IC","TM | TMd21 | SOL | IC",43.9974347257032
1360,259.582140642675,7,14,28,28,14,"TM & TMd21 & SOL & IC","TM | TMd21 & SOL & IC",44.0004237581557
1127,259.5826127538,7,28,14,28,14,"TM & TMd21 & SOL & IC","TM & TMd21 & SOL | IC",44.000895869281
472,259.638180556086,8,14,28,14,14,"TM & TMd21 & SOL | IC","TM & SOL | TMd21 & IC",44.0564636715664
1898,259.643895921005,9,14,14,14,28,"TM & SOL | TMd21 & IC","TM & SOL | TMd21 | IC",44.0621790364851
1409,259.653564227973,9,14,28,28,14,"TM & TMd21 | SOL & IC","TM | TMd21 | SOL & IC",44.071847343454
575,259.659358537256,9,14,28,14,14,"TM & IC | TMd21 & SOL","TM & TMd21 | SOL | IC",44.077641652737
296,259.671547697532,10,28,14,14,14,"TM & TMd21 | SOL | IC","TM | TMd21 & SOL | IC",44.089830813013
404,259.680121962873,10,28,14,14,14,"TM & IC | TMd21 | SOL","TM | TMd21 | SOL & IC",44.0984050783536
1918,259.701607970301,10,14,14,14,28,"TM & SOL | TMd21 | IC","TM | TMd21 & IC | SOL",44.1198910857821
2017,259.735279223656,10,14,14,14,28,"TM | TMd21 | SOL | IC","TM & SOL | TMd21 & IC",44.1535623391362
603,259.748121259801,9,14,28,14,14,"TM | TMd21 & SOL | IC","TM & TMd21 & IC | SOL",44.1664043752814
344,259.781828128356,10,28,14,14,14,"TM & SOL | TMd21 | IC","TM | TMd21 | SOL & IC",44.2001112438365
641,259.791306489803,10,14,28,14,14,"TM | TMd21 & IC | SOL","TM | TMd21 & SOL | IC",44.2095896052833
315,259.807347701015,10,28,14,14,14,"TM & SOL & IC | TMd21","TM | TMd21 | SOL | IC",44.2256308164957
495,259.830000776415,10,14,28,14,14,"TM & TMd21 & IC | SOL","TM | TMd21 | SOL | IC",44.2482838918951
583,259.837707248592,9,14,28,14,14,"TM & IC | TMd21 & SOL","TM | TMd21 & IC | SOL",44.2559903640724
345,259.950639155625,11,28,14,14,14,"TM & SOL | TMd21 | IC","TM | TMd21 | SOL | IC",44.3689222711059
522,259.969875120963,10,14,28,14,14,"TM & TMd21 | SOL | IC","TM & IC | TMd21 | SOL",44.3881582364441
2059,259.983203573134,8,28,14,14,28,"TM & TMd21 & IC | SOL","TM & TMd21 | SOL & IC",44.4014866886151
1824,260.004180953236,8,14,14,14,28,"TM & TMd21 & SOL | IC","TM & IC | TMd21 & SOL",44.4224640687161
639,260.011300019113,9,14,28,14,14,"TM | TMd21 & IC | SOL","TM & IC | TMd21 & SOL",44.4295831345935
1818,260.011492464859,8,14,14,14,28,"TM & TMd21 & SOL | IC","TM & TMd21 & IC | SOL",44.4297755803401
2893,260.026890596603,10,14,14,28,28,"TM | TMd21 & IC | SOL","TM | TMd21 & IC | SOL",44.4451737120833
1371,260.094689065721,8,14,28,28,14,"TM & TMd21 & SOL | IC","TM & SOL & IC | TMd21",44.5129721812012
1457,260.119490360432,9,14,28,28,14,"TM & SOL | TMd21 | IC","TM & TMd21 & SOL | IC",44.537773475913
2285,260.122112052839,9,14,28,14,28,"TM & TMd21 & IC | SOL","TM & TMd21 | SOL | IC",44.5403951683197
33,260.123583065869,8,14,14,14,14,"TM & TMd21 & IC | SOL","TM & TMd21 & IC | SOL",44.5418661813497
1822,260.127821215861,8,14,14,14,28,"TM & TMd21 & SOL | IC","TM & SOL | TMd21 & IC",44.5461043313414
2015,260.134185764193,11,14,14,14,28,"TM | TMd21 | SOL | IC","TM & TMd21 | SOL | IC",44.5524688796735
1875,260.137881365128,11,14,14,14,28,"TM & TMd21 | SOL | IC","TM | TMd21 | SOL | IC",44.5561644806089
1861,260.191319579081,8,14,14,14,28,"TM & TMd21 | SOL | IC","TM & TMd21 & SOL & IC",44.6096026945615
2874,260.200868827369,9,14,14,28,28,"TM & IC | TMd21 | SOL","TM & IC | TMd21 & SOL",44.6191519428498
2108,260.223665550827,9,28,14,14,28,"TM & SOL & IC | TMd21","TM & SOL | TMd21 | IC",44.6419486663079
1951,260.23393732021,8,14,14,14,28,"TM | TMd21 & SOL | IC","TM & TMd21 & SOL & IC",44.6522204356906
491,260.241803840192,9,14,28,14,14,"TM & TMd21 & IC | SOL","TM | TMd21 & SOL | IC",44.6600869556727
1439,260.249367763788,9,14,28,28,14,"TM & SOL & IC | TMd21","TM | TMd21 | SOL & IC",44.6676508792684
1446,260.256416877098,8,14,28,28,14,"TM & SOL | TMd21 & IC","TM & SOL & IC | TMd21",44.6746999925788
1825,260.278748675432,8,14,14,14,28,"TM & TMd21 & SOL | IC","TM | TMd21 & SOL & IC",44.6970317909131
1819,260.280962042092,8,14,14,14,28,"TM & TMd21 & SOL | IC","TM & TMd21 | SOL & IC",44.6992451575726
1906,260.287965532963,8,14,14,14,28,"TM & SOL | TMd21 | IC","TM & TMd21 & SOL & IC",44.7062486484432
1920,260.288957341697,11,14,14,14,28,"TM & SOL | TMd21 | IC","TM | TMd21 | SOL | IC",44.7072404571774
354,260.291273445835,8,28,14,14,14,"TM & IC | TMd21 & SOL","TM & IC | TMd21 & SOL",44.7095565613154
612,260.293649172312,10,14,28,14,14,"TM | TMd21 & SOL | IC","TM & IC | TMd21 | SOL",44.7119322877929
1821,260.293664468433,8,14,14,14,28,"TM & TMd21 & SOL | IC","TM & SOL & IC | TMd21",44.7119475839136
1356,260.297377639219,7,14,28,28,14,"TM & TMd21 & SOL & IC","TM & SOL & IC | TMd21",44.7156607547001
2058,260.302972541616,8,28,14,14,28,"TM & TMd21 & IC | SOL","TM & TMd21 & IC | SOL",44.7212556570967
585,260.305838914384,10,14,28,14,14,"TM & IC | TMd21 & SOL","TM | TMd21 | SOL | IC",44.7241220298649
49,260.313429841584,8,14,14,14,14,"TM & TMd21 | SOL & IC","TM & TMd21 | SOL & IC",44.7317129570645
2018,260.322828189975,11,14,14,14,28,"TM | TMd21 | SOL | IC","TM & SOL | TMd21 | IC",44.7411113054559
97,260.329879043951,8,14,14,14,14,"TM & SOL | TMd21 & IC","TM & SOL | TMd21 & IC",44.7481621594314
2131,260.358743799991,8,28,14,14,28,"TM & SOL | TMd21 | IC","TM & TMd21 & SOL & IC",44.7770269154716
2848,260.361079805048,9,14,14,28,28,"TM | TMd21 & SOL & IC","TM | TMd21 & IC | SOL",44.7793629205291
519,260.368954921629,9,14,28,14,14,"TM & TMd21 | SOL | IC","TM & IC | TMd21 & SOL",44.78723803711
2136,260.369593228837,9,28,14,14,28,"TM & SOL | TMd21 | IC","TM & SOL & IC | TMd21",44.7878763443179
521,260.417128409866,10,14,28,14,14,"TM & TMd21 | SOL | IC","TM | TMd21 & SOL | IC",44.8354115253462
18,260.417159592274,8,14,14,14,14,"TM & TMd21 & SOL | IC","TM & TMd21 & IC | SOL",44.8354427077543
94,260.427551179294,8,14,14,14,14,"TM & SOL | TMd21 & IC","TM & TMd21 | SOL & IC",44.8458342947742
34,260.429070946524,8,14,14,14,14,"TM & TMd21 & IC | SOL","TM & TMd21 | SOL & IC",44.8473540620051
79,260.431504470728,8,14,14,14,14,"TM & SOL & IC | TMd21","TM & TMd21 | SOL & IC",44.8497875862084
599,260.438120815843,9,14,28,14,14,"TM | TMd21 & SOL & IC","TM | TMd21 | SOL & IC",44.8564039313238
19,260.439589358017,8,14,14,14,14,"TM & TMd21 & SOL | IC","TM & TMd21 | SOL & IC",44.8578724734974
14,260.440480414952,8,14,14,14,14,"TM & TMd21 & SOL & IC","TM | TMd21 | SOL & IC",44.8587635304327
139,260.440931615945,8,14,14,14,14,"TM | TMd21 & SOL & IC","TM & TMd21 | SOL & IC",44.8592147314258
5,260.443400868704,8,14,14,14,14,"TM & TMd21 & SOL & IC","TM & TMd21 | SOL | IC",44.861683984185
124,260.444380483922,8,14,14,14,14,"TM & IC | TMd21 & SOL","TM & TMd21 | SOL & IC",44.8626635994026
141,260.44529238083,8,14,14,14,14,"TM | TMd21 & SOL & IC","TM & SOL & IC | TMd21",44.8635754963107
2842,260.457979336403,8,14,14,28,28,"TM | TMd21 & SOL & IC","TM & SOL | TMd21 & IC",44.8762624518838
1384,260.463414598329,8,14,28,28,14,"TM & TMd21 & IC | SOL","TM & TMd21 | SOL & IC",44.8816977138095
85,260.472679754684,8,14,14,14,14,"TM & SOL & IC | TMd21","TM | TMd21 & SOL & IC",44.8909628701647
61,260.474134977713,8,14,14,14,14,"TM & TMd21 | SOL | IC","TM & TMd21 & SOL & IC",44.8924180931937
55,260.474851315546,8,14,14,14,14,"TM & TMd21 | SOL & IC","TM | TMd21 & SOL & IC",44.8931344310263
196,260.476112436629,8,14,14,14,14,"TM | TMd21 | SOL & IC","TM & TMd21 & SOL & IC",44.8943955521096
81,260.476602855402,8,14,14,14,14,"TM & SOL & IC | TMd21","TM & SOL & IC | TMd21",44.8948859708829
52,260.479088295753,8,14,14,14,14,"TM & TMd21 | SOL & IC","TM & SOL | TMd21 & IC",44.8973714112335
47,260.479582002715,8,14,14,14,14,"TM & TMd21 | SOL & IC","TM & TMd21 & SOL | IC",44.8978651181952
2212,260.48203190966,9,28,14,14,28,"TM | TMd21 & IC | SOL","TM & SOL | TMd21 & IC",44.9003150251406
51,260.482583911587,8,14,14,14,14,"TM & TMd21 | SOL & IC","TM & SOL & IC | TMd21",44.9008670270672
54,260.483102372286,8,14,14,14,14,"TM & TMd21 | SOL & IC","TM & IC | TMd21 & SOL",44.9013854877663
48,260.483553079049,8,14,14,14,14,"TM & TMd21 | SOL & IC","TM & TMd21 & IC | SOL",44.9018361945293
546,260.487391112714,8,14,28,14,14,"TM & SOL | TMd21 & IC","TM & SOL & IC | TMd21",44.9056742281951
32,260.499983879676,8,14,14,14,14,"TM & TMd21 & IC | SOL","TM & TMd21 & SOL | IC",44.9182669951569
24,260.502208940355,8,14,14,14,14,"TM & TMd21 & SOL | IC","TM & IC | TMd21 & SOL",44.9204920558352
93,260.50577709927,8,14,14,14,14,"TM & SOL | TMd21 & IC","TM & TMd21 & IC | SOL",44.9240602147502
17,260.507023366703,8,14,14,14,14,"TM & TMd21 & SOL | IC","TM & TMd21 & SOL | IC",44.9253064821835
130,260.515288210082,8,14,14,14,14,"TM & IC | TMd21 & SOL","TM | TMd21 & SOL & IC",44.9335713255621
1462,260.516108516588,9,14,28,28,14,"TM & SOL | TMd21 | IC","TM & SOL | TMd21 & IC",44.9343916320688
25,260.516377578921,8,14,14,14,14,"TM & TMd21 & SOL | IC","TM | TMd21 & SOL & IC",44.9346606944013
151,260.518838666345,8,14,14,14,14,"TM | TMd21 & SOL | IC","TM & TMd21 & SOL & IC",44.9371217818257
96,260.529138939957,8,14,14,14,14,"TM & SOL | TMd21 & IC","TM & SOL & IC | TMd21",44.9474220554379
11,260.530615706074,8,14,14,14,14,"TM & TMd21 & SOL & IC","TM | TMd21 & SOL | IC",44.9488988215548
137,260.532717938051,8,14,14,14,14,"TM | TMd21 & SOL & IC","TM & TMd21 & SOL | IC",44.9510010535312
1456,260.535576152947,8,14,28,28,14,"TM & SOL | TMd21 | IC","TM & TMd21 & SOL & IC",44.9538592684273
144,260.535711977612,8,14,14,14,14,"TM | TMd21 & SOL & IC","TM & IC | TMd21 & SOL",44.9539950930924
1864,260.538489149972,9,14,14,14,28,"TM & TMd21 | SOL | IC","TM & TMd21 | SOL & IC",44.9567722654522
22,260.547266532039,8,14,14,14,14,"TM & TMd21 & SOL | IC","TM & SOL | TMd21 & IC",44.96554964752
122,260.547702409119,8,14,14,14,14,"TM & IC | TMd21 & SOL","TM & TMd21 & SOL | IC",44.9659855245991
1965,260.550576201113,11,14,14,14,28,"TM | TMd21 & SOL | IC","TM | TMd21 | SOL | IC",44.9688593165933
13,260.551075321647,8,14,14,14,14,"TM & TMd21 & SOL & IC","TM | TMd21 & IC | SOL",44.9693584371276
138,260.553397627839,8,14,14,14,14,"TM | TMd21 & SOL & IC","TM & TMd21 & IC | SOL",44.9716807433198
21,260.555482868758,8,14,14,14,14,"TM & TMd21 & SOL | IC","TM & SOL & IC | TMd21",44.9737659842384
142,260.555562641376,8,14,14,14,14,"TM | TMd21 & SOL & IC","TM & SOL | TMd21 & IC",44.9738457568565
1397,260.556771776135,8,14,28,28,14,"TM & TMd21 | SOL & IC","TM & TMd21 & SOL | IC",44.9750548916156
106,260.565378370185,8,14,14,14,14,"TM & SOL | TMd21 | IC","TM & TMd21 & SOL & IC",44.983661485666
100,260.569333776172,8,14,14,14,14,"TM & SOL | TMd21 & IC","TM | TMd21 & SOL & IC",44.9876168916523
40,260.569726963766,8,14,14,14,14,"TM & TMd21 & IC | SOL","TM | TMd21 & SOL & IC",44.9880100792469
8,260.571883036898,8,14,14,14,14,"TM & TMd21 & SOL & IC","TM & SOL | TMd21 | IC",44.9901661523788
181,260.572569633358,8,14,14,14,14,"TM | TMd21 & IC | SOL","TM & TMd21 & SOL & IC",44.9908527488388
145,260.574725678047,8,14,14,14,14,"TM | TMd21 & SOL & IC","TM | TMd21 & SOL & IC",44.9930087935276
77,260.582468927984,8,14,14,14,14,"TM & SOL & IC | TMd21","TM & TMd21 & SOL | IC",45.0007520434651
2208,260.583070814234,9,28,14,14,28,"TM | TMd21 & IC | SOL","TM & TMd21 & IC | SOL",45.001353929715
591,260.584324117516,8,14,28,14,14,"TM | TMd21 & SOL & IC","TM & SOL & IC | TMd21",45.0026072329968
123,260.584489624495,8,14,14,14,14,"TM & IC | TMd21 & SOL","TM & TMd21 & IC | SOL",45.0027727399757
92,260.58754639453,8,14,14,14,14,"TM & SOL | TMd21 & IC","TM & TMd21 & SOL | IC",45.0058295100105
2021,260.590576951411,11,14,14,14,28,"TM | TMd21 | SOL | IC","TM | TMd21 & SOL | IC",45.008860066892
12,260.596250485468,8,14,14,14,14,"TM & TMd21 & SOL & IC","TM & IC | TMd21 | SOL",45.0145336009485
2102,260.597350667137,8,28,14,14,28,"TM & SOL & IC | TMd21","TM & TMd21 & SOL | IC",45.0156337826179
82,260.605186383881,8,14,14,14,14,"TM & SOL & IC | TMd21","TM & SOL | TMd21 & IC",45.0234694993618
78,260.608564971793,8,14,14,14,14,"TM & SOL & IC | TMd21","TM & TMd21 & IC | SOL",45.0268480872732
126,260.608878077249,8,14,14,14,14,"TM & IC | TMd21 & SOL","TM & SOL & IC | TMd21",45.0271611927292
37,260.611400041556,8,14,14,14,14,"TM & TMd21 & IC | SOL","TM & SOL | TMd21 & IC",45.029683157037
129,260.614843548246,8,14,14,14,14,"TM & IC | TMd21 & SOL","TM & IC | TMd21 & SOL",45.0331266637267
36,260.620561841264,8,14,14,14,14,"TM & TMd21 & IC | SOL","TM & SOL & IC | TMd21",45.0388449567443
84,260.62593269314,8,14,14,14,14,"TM & SOL & IC | TMd21","TM & IC | TMd21 & SOL",45.0442158086205
166,260.635582957964,8,14,14,14,14,"TM & IC | TMd21 | SOL","TM & TMd21 & SOL & IC",45.053866073445
39,260.644341254106,8,14,14,14,14,"TM & TMd21 & IC | SOL","TM & IC | TMd21 & SOL",45.0626243695866
1962,260.650137783971,10,14,14,14,28,"TM | TMd21 & SOL | IC","TM & IC | TMd21 | SOL",45.068420899452
99,260.670792906133,8,14,14,14,14,"TM & SOL | TMd21 & IC","TM & IC | TMd21 & SOL",45.0890760216137
127,260.683379099427,8,14,14,14,14,"TM & IC | TMd21 & SOL","TM & SOL | TMd21 & IC",45.1016622149072
2019,260.689788704604,10,14,14,14,28,"TM | TMd21 | SOL | IC","TM & IC | TMd21 & SOL",45.1080718200845
576,260.698997030378,8,14,28,14,14,"TM & IC | TMd21 & SOL","TM & SOL & IC | TMd21",45.1172801458587
1358,260.743772924273,8,14,28,28,14,"TM & TMd21 & SOL & IC","TM & SOL | TMd21 | IC",45.162056039754
464,260.790098621783,8,14,28,14,14,"TM & TMd21 & SOL & IC","TM | TMd21 | SOL & IC",45.208381737264
2793,260.808132201201,8,14,14,28,28,"TM & SOL | TMd21 & IC","TM & TMd21 & IC | SOL",45.2264153166812
2803,260.880714215716,9,14,14,28,28,"TM & SOL | TMd21 & IC","TM | TMd21 & IC | SOL",45.2989973311969
2313,260.888707762005,9,14,28,14,28,"TM & TMd21 | SOL | IC","TM & TMd21 & IC | SOL",45.3069908774856
1931,260.921461396882,9,14,14,14,28,"TM & IC | TMd21 & SOL","TM | TMd21 & SOL | IC",45.3397445123626
458,260.93630096678,8,14,28,14,14,"TM & TMd21 & SOL & IC","TM & SOL | TMd21 | IC",45.3545840822607
462,260.961917431469,8,14,28,14,14,"TM & TMd21 & SOL & IC","TM & IC | TMd21 | SOL",45.3802005469497
634,260.993995950129,9,14,28,14,14,"TM | TMd21 & IC | SOL","TM & TMd21 | SOL & IC",45.4122790656092
471,260.994446525516,8,14,28,14,14,"TM & TMd21 & SOL | IC","TM & SOL & IC | TMd21",45.4127296409961
486,260.996803623678,8,14,28,14,14,"TM & TMd21 & IC | SOL","TM & SOL & IC | TMd21",45.4150867391583
613,260.997685650846,10,14,28,14,14,"TM | TMd21 & SOL | IC","TM | TMd21 & IC | SOL",45.4159687663267
501,261.002509909694,8,14,28,14,14,"TM & TMd21 | SOL & IC","TM & SOL & IC | TMd21",45.4207930251748
1872,261.06238095176,10,14,14,14,28,"TM & TMd21 | SOL | IC","TM & IC | TMd21 | SOL",45.4806640672407
604,261.09547173162,9,14,28,14,14,"TM | TMd21 & SOL | IC","TM & TMd21 | SOL & IC",45.5137548471006
1367,261.095566318718,8,14,28,28,14,"TM & TMd21 & SOL | IC","TM & TMd21 & SOL | IC",45.5138494341988
2013,261.106755786509,10,14,14,14,28,"TM | TMd21 | SOL | IC","TM & TMd21 & IC | SOL",45.5250389019894
1873,261.111561533974,10,14,14,14,28,"TM & TMd21 | SOL | IC","TM | TMd21 & IC | SOL",45.5298446494546
2046,261.116828076151,8,28,14,14,28,"TM & TMd21 & SOL | IC","TM & SOL & IC | TMd21",45.5351111916313
590,261.121641313362,9,14,28,14,14,"TM | TMd21 & SOL & IC","TM & TMd21 | SOL | IC",45.5399244288427
1426,261.164588561929,7,14,28,28,14,"TM & SOL & IC | TMd21","TM & TMd21 & SOL & IC",45.5828716774095
473,261.197688707145,9,14,28,14,14,"TM & TMd21 & SOL | IC","TM & SOL | TMd21 | IC",45.6159718226257
1463,261.198061380387,10,14,28,28,14,"TM & SOL | TMd21 | IC","TM & SOL | TMd21 | IC",45.6163444958676
1427,261.20276749637,8,14,28,28,14,"TM & SOL & IC | TMd21","TM & TMd21 & SOL | IC",45.6210506118506
676,261.209095097181,6,28,28,14,14,"TM & TMd21 & SOL & IC","TM & TMd21 & SOL & IC",45.6273782126612
1960,261.240594391069,9,14,14,14,28,"TM | TMd21 & SOL | IC","TM | TMd21 & SOL & IC",45.6588775065499
605,261.254625142981,10,14,28,14,14,"TM | TMd21 & SOL | IC","TM & TMd21 | SOL | IC",45.6729082584621
607,261.270961569953,9,14,28,14,14,"TM | TMd21 & SOL | IC","TM & SOL | TMd21 & IC",45.6892446854341
2784,261.321291699559,8,14,14,28,28,"TM & SOL & IC | TMd21","TM & IC | TMd21 & SOL",45.7395748150396
274,261.324006471133,8,28,14,14,14,"TM & TMd21 | SOL & IC","TM & TMd21 | SOL & IC",45.7422895866133
1126,261.324176100515,6,28,14,28,14,"TM & TMd21 & SOL & IC","TM & TMd21 & SOL & IC",45.7424592159957
2033,261.374628918525,8,28,14,14,28,"TM & TMd21 & SOL & IC","TM & SOL | TMd21 | IC",45.7929120340054
547,261.398223643302,8,14,28,14,14,"TM & SOL | TMd21 & IC","TM & SOL | TMd21 & IC",45.8165067587829
2117,261.432867390005,8,28,14,14,28,"TM & SOL | TMd21 & IC","TM & TMd21 & SOL | IC",45.8511505054855
2104,261.455680060376,8,28,14,14,28,"TM & SOL & IC | TMd21","TM & TMd21 | SOL & IC",45.8739631758565
2047,261.486716943266,8,28,14,14,28,"TM & TMd21 & SOL | IC","TM & SOL | TMd21 & IC",45.9050000587465
478,261.489705519784,9,14,28,14,14,"TM & TMd21 & SOL | IC","TM | TMd21 & IC | SOL",45.9079886352647
2023,261.500483520909,11,14,14,14,28,"TM | TMd21 | SOL | IC","TM | TMd21 & IC | SOL",45.9187666363894
1905,261.51274476044,10,14,14,14,28,"TM & SOL | TMd21 & IC","TM | TMd21 | SOL | IC",45.9310278759204
2823,261.521002892696,8,14,14,28,28,"TM & IC | TMd21 & SOL","TM & TMd21 & IC | SOL",45.939286008177
1988,261.546161835901,10,14,14,14,28,"TM | TMd21 & IC | SOL","TM & SOL | TMd21 | IC",45.9644449513818
2137,261.555553726608,9,28,14,14,28,"TM & SOL | TMd21 | IC","TM & SOL | TMd21 & IC",45.9738368420884
2089,261.556582772811,9,28,14,14,28,"TM & TMd21 | SOL | IC","TM & TMd21 | SOL & IC",45.9748658882912
2224,261.58610513212,9,28,14,14,28,"TM | TMd21 | SOL & IC","TM & TMd21 | SOL & IC",46.0043882476002
517,261.635268412332,9,14,28,14,14,"TM & TMd21 | SOL | IC","TM & SOL | TMd21 & IC",46.0535515278123
2292,261.636662571306,9,14,28,14,28,"TM & TMd21 & IC | SOL","TM & IC | TMd21 | SOL",46.0549456867862
2396,261.669304124076,9,14,28,14,28,"TM | TMd21 & SOL & IC","TM | TMd21 & SOL | IC",46.0875872395562
2832,261.719123345659,9,14,14,28,28,"TM & IC | TMd21 & SOL","TM & IC | TMd21 | SOL",46.1374064611392
2877,261.745813067548,10,14,14,28,28,"TM & IC | TMd21 | SOL","TM & IC | TMd21 | SOL",46.1640961830287
1432,261.773493119197,8,14,28,28,14,"TM & SOL & IC | TMd21","TM & SOL | TMd21 & IC",46.1917762346774
2080,261.779808176067,8,28,14,14,28,"TM & TMd21 | SOL & IC","TM | TMd21 & SOL & IC",46.1980912915472
2846,261.78535414027,9,14,14,28,28,"TM | TMd21 & SOL & IC","TM | TMd21 & SOL | IC",46.2036372557508
2086,261.800821659269,8,28,14,14,28,"TM & TMd21 | SOL | IC","TM & TMd21 & SOL & IC",46.2191047747496
1911,261.816834588671,9,14,14,14,28,"TM & SOL | TMd21 | IC","TM & SOL & IC | TMd21",46.2351177041513
2838,261.837328106356,8,14,14,28,28,"TM | TMd21 & SOL & IC","TM & TMd21 & IC | SOL",46.255611221837
1914,261.850437827051,9,14,14,14,28,"TM & SOL | TMd21 | IC","TM & IC | TMd21 & SOL",46.2687209425313
1896,261.859425120681,8,14,14,14,28,"TM & SOL | TMd21 & IC","TM & SOL & IC | TMd21",46.2777082361613
1957,261.866574981855,9,14,14,14,28,"TM | TMd21 & SOL | IC","TM & SOL | TMd21 & IC",46.2848580973356
352,261.88160940223,8,28,14,14,14,"TM & IC | TMd21 & SOL","TM & SOL | TMd21 & IC",46.2998925177109
1366,261.887629163306,7,14,28,28,14,"TM & TMd21 & SOL | IC","TM & TMd21 & SOL & IC",46.305912278787
2394,261.910872943088,8,14,28,14,28,"TM | TMd21 & SOL & IC","TM & IC | TMd21 & SOL",46.3291560585683
1827,261.91280925339,9,14,14,14,28,"TM & TMd21 & SOL | IC","TM & IC | TMd21 | SOL",46.3310923688709
2114,261.932654253181,9,28,14,14,28,"TM & SOL & IC | TMd21","TM | TMd21 | SOL & IC",46.3509373686618
63,261.941259492995,9,14,14,14,14,"TM & TMd21 | SOL | IC","TM & TMd21 & IC | SOL",46.3595426084754
35,261.944180952821,9,14,14,14,14,"TM & TMd21 & IC | SOL","TM & TMd21 | SOL | IC",46.3624640683013
2057,261.960458184704,8,28,14,14,28,"TM & TMd21 & IC | SOL","TM & TMd21 & SOL | IC",46.3787413001849
1908,261.964029383654,9,14,14,14,28,"TM & SOL | TMd21 | IC","TM & TMd21 & IC | SOL",46.3823124991342
2787,261.967650676979,9,14,14,28,28,"TM & SOL & IC | TMd21","TM & IC | TMd21 | SOL",46.3859337924596
1828,261.985653715877,9,14,14,14,28,"TM & TMd21 & SOL | IC","TM | TMd21 & IC | SOL",46.403936831358
2027,261.992268675223,7,28,14,14,28,"TM & TMd21 & SOL & IC","TM & TMd21 & SOL | IC",46.4105517907038
1869,262.000183209509,9,14,14,14,28,"TM & TMd21 | SOL | IC","TM & IC | TMd21 & SOL",46.4184663249901
1953,262.011042254886,9,14,14,14,28,"TM | TMd21 & SOL | IC","TM & TMd21 & IC | SOL",46.4293253703667
2844,262.033012998422,8,14,14,28,28,"TM | TMd21 & SOL & IC","TM & IC | TMd21 & SOL",46.4512961139026
183,262.039481621364,9,14,14,14,14,"TM | TMd21 & IC | SOL","TM & TMd21 & IC | SOL",46.4577647368449
43,262.051729002378,9,14,14,14,14,"TM & TMd21 & IC | SOL","TM | TMd21 & IC | SOL",46.4700121178583
552,262.075593509129,9,14,28,14,14,"TM & SOL | TMd21 & IC","TM & IC | TMd21 | SOL",46.49387662461
2315,262.078166053149,10,14,28,14,28,"TM & TMd21 | SOL | IC","TM & TMd21 | SOL | IC",46.4964491686299
2410,262.086511647204,9,14,28,14,28,"TM | TMd21 & SOL | IC","TM | TMd21 & SOL & IC",46.5047947626845
2025,262.086640086664,12,14,14,14,28,"TM | TMd21 | SOL | IC","TM | TMd21 | SOL | IC",46.5049232021447
1442,262.090756117124,8,14,28,28,14,"TM & SOL | TMd21 & IC","TM & TMd21 & SOL | IC",46.5090392326047
1461,262.092870214812,9,14,28,28,14,"TM & SOL | TMd21 | IC","TM & SOL & IC | TMd21",46.5111533302922
42,262.099170049436,9,14,14,14,14,"TM & TMd21 & IC | SOL","TM & IC | TMd21 | SOL",46.5174531649162
168,262.104669870073,9,14,14,14,14,"TM & IC | TMd21 | SOL","TM & TMd21 & IC | SOL",46.5229529855533
1867,262.109411993438,9,14,14,14,28,"TM & TMd21 | SOL | IC","TM & SOL | TMd21 & IC",46.5276951089183
1448,262.112465684208,9,14,28,28,14,"TM & SOL | TMd21 & IC","TM & SOL | TMd21 | IC",46.5307487996883
2062,262.117091396936,8,28,14,14,28,"TM & TMd21 & IC | SOL","TM & SOL | TMd21 & IC",46.5353745124167
1866,262.15378115905,9,14,14,14,28,"TM & TMd21 | SOL | IC","TM & SOL & IC | TMd21",46.5720642745305
2121,262.158457022624,8,28,14,14,28,"TM & SOL | TMd21 & IC","TM & SOL & IC | TMd21",46.5767401381045
2138,262.165565666687,10,28,14,14,28,"TM & SOL | TMd21 | IC","TM & SOL | TMd21 | IC",46.5838487821676
2041,262.177764267423,7,28,14,14,28,"TM & TMd21 & SOL | IC","TM & TMd21 & SOL & IC",46.5960473829039
2011,262.181729193021,9,14,14,14,28,"TM | TMd21 | SOL | IC","TM & TMd21 & SOL & IC",46.6000123085016
1870,262.189593450898,9,14,14,14,28,"TM & TMd21 | SOL | IC","TM | TMd21 & SOL & IC",46.6078765663783
2022,262.19026330177,11,14,14,14,28,"TM | TMd21 | SOL | IC","TM & IC | TMd21 | SOL",46.6085464172502
357,262.200011458902,9,28,14,14,14,"TM & IC | TMd21 & SOL","TM & IC | TMd21 | SOL",46.6182945743827
103,262.200193961945,9,14,14,14,14,"TM & SOL | TMd21 & IC","TM | TMd21 & IC | SOL",46.618477077426
2860,262.211886728935,9,14,14,28,28,"TM | TMd21 & SOL | IC","TM | TMd21 & SOL & IC",46.6301698444156
1956,262.217130348283,9,14,14,14,28,"TM | TMd21 & SOL | IC","TM & SOL & IC | TMd21",46.6354134637635
98,262.218145419198,9,14,14,14,14,"TM & SOL | TMd21 & IC","TM & SOL | TMd21 | IC",46.6364285346788
112,262.223894564182,9,14,14,14,14,"TM & SOL | TMd21 | IC","TM & SOL | TMd21 & IC",46.6421776796626
187,262.233237407747,9,14,14,14,14,"TM | TMd21 & IC | SOL","TM & SOL | TMd21 & IC",46.651520523228
1954,262.233868546064,9,14,14,14,28,"TM | TMd21 & SOL | IC","TM & TMd21 | SOL & IC",46.6521516615448
399,262.239077843247,9,28,14,14,14,"TM & IC | TMd21 | SOL","TM & IC | TMd21 & SOL",46.6573609587273
1915,262.254019519118,9,14,14,14,28,"TM & SOL | TMd21 | IC","TM | TMd21 & SOL & IC",46.6723026345987
1431,262.259233798391,8,14,28,28,14,"TM & SOL & IC | TMd21","TM & SOL & IC | TMd21",46.6775169138718
1930,262.260011413517,8,14,14,14,28,"TM & IC | TMd21 & SOL","TM | TMd21 & SOL & IC",46.6782945289978
1829,262.275175844345,9,14,14,14,28,"TM & TMd21 & SOL | IC","TM | TMd21 | SOL & IC",46.6934589598253
615,262.279695680742,11,14,28,14,14,"TM | TMd21 & SOL | IC","TM | TMd21 | SOL | IC",46.6979787962223
1909,262.280440133114,9,14,14,14,28,"TM & SOL | TMd21 | IC","TM & TMd21 | SOL & IC",46.6987232485951
89,262.285929822893,9,14,14,14,14,"TM & SOL & IC | TMd21","TM | TMd21 | SOL & IC",46.7042129383731
644,262.299420015299,10,14,28,14,14,"TM | TMd21 & IC | SOL","TM | TMd21 | SOL & IC",46.7177031307795
201,262.302830164162,9,14,14,14,14,"TM | TMd21 | SOL & IC","TM & SOL & IC | TMd21",46.7211132796429
64,262.304003734712,9,14,14,14,14,"TM & TMd21 | SOL | IC","TM & TMd21 | SOL & IC",46.7222868501927
199,262.305558660394,9,14,14,14,14,"TM | TMd21 | SOL & IC","TM & TMd21 | SOL & IC",46.7238417758743
2110,262.308293066605,8,28,14,14,28,"TM & SOL & IC | TMd21","TM | TMd21 & SOL & IC",46.726576182086
59,262.309160057045,9,14,14,14,14,"TM & TMd21 | SOL & IC","TM | TMd21 | SOL & IC",46.7274431725259
50,262.312393959609,9,14,14,14,14,"TM & TMd21 | SOL & IC","TM & TMd21 | SOL | IC",46.7306770750898
2132,262.320504088733,9,28,14,14,28,"TM & SOL | TMd21 | IC","TM & TMd21 & SOL | IC",46.7387872042135
578,262.326051450651,9,14,28,14,14,"TM & IC | TMd21 & SOL","TM & SOL | TMd21 | IC",46.7443345661318
20,262.359664234894,9,14,14,14,14,"TM & TMd21 & SOL | IC","TM & TMd21 | SOL | IC",46.7779473503744
102,262.36549007738,9,14,14,14,14,"TM & SOL | TMd21 & IC","TM & IC | TMd21 | SOL",46.7837731928611
636,262.377817960153,9,14,28,14,14,"TM | TMd21 & IC | SOL","TM & SOL & IC | TMd21",46.7961010756333
111,262.39127791849,9,14,14,14,14,"TM & SOL | TMd21 | IC","TM & SOL & IC | TMd21",46.8095610339705
108,262.399870610024,9,14,14,14,14,"TM & SOL | TMd21 | IC","TM & TMd21 & IC | SOL",46.8181537255043
614,262.406313308587,10,14,28,14,14,"TM | TMd21 & SOL | IC","TM | TMd21 | SOL & IC",46.8245964240675
62,262.409241053738,9,14,14,14,14,"TM & TMd21 | SOL | IC","TM & TMd21 & SOL | IC",46.8275241692185
27,262.411027478823,9,14,14,14,14,"TM & TMd21 & SOL | IC","TM & IC | TMd21 | SOL",46.8293105943035
133,262.413370321216,9,14,14,14,14,"TM & IC | TMd21 & SOL","TM | TMd21 & IC | SOL",46.8316534366962
28,262.414950298597,9,14,14,14,14,"TM & TMd21 & SOL | IC","TM | TMd21 & IC | SOL",46.8332334140775
153,262.415446891276,9,14,14,14,14,"TM | TMd21 & SOL | IC","TM & TMd21 & IC | SOL",46.8337300067569
169,262.416285233931,9,14,14,14,14,"TM & IC | TMd21 | SOL","TM & TMd21 | SOL & IC",46.8345683494112
83,262.416311529325,9,14,14,14,14,"TM & SOL & IC | TMd21","TM & SOL | TMd21 | IC",46.8345946448052
95,262.420589955488,9,14,14,14,14,"TM & SOL | TMd21 & IC","TM & TMd21 | SOL | IC",46.8388730709689
157,262.420895563271,9,14,14,14,14,"TM | TMd21 & SOL | IC","TM & SOL | TMd21 & IC",46.8391786787511
44,262.425107061401,9,14,14,14,14,"TM & TMd21 & IC | SOL","TM | TMd21 | SOL & IC",46.8433901768815
184,262.425476538096,9,14,14,14,14,"TM | TMd21 & IC | SOL","TM & TMd21 | SOL & IC",46.8437596535768
104,262.425962019205,9,14,14,14,14,"TM & SOL | TMd21 & IC","TM | TMd21 | SOL & IC",46.8442451346858
109,262.426573996828,9,14,14,14,14,"TM & SOL | TMd21 | IC","TM & TMd21 | SOL & IC",46.8448571123083
80,262.430469100391,9,14,14,14,14,"TM & SOL & IC | TMd21","TM & TMd21 | SOL | IC",46.8487522158716
186,262.43054262416,9,14,14,14,14,"TM | TMd21 & IC | SOL","TM & SOL & IC | TMd21",46.8488257396404
134,262.435216910989,9,14,14,14,14,"TM & IC | TMd21 & SOL","TM | TMd21 | SOL & IC",46.8535000264693
29,262.435637920621,9,14,14,14,14,"TM & TMd21 & SOL | IC","TM | TMd21 | SOL & IC",46.8539210361014
154,262.436134354697,9,14,14,14,14,"TM | TMd21 & SOL | IC","TM & TMd21 | SOL & IC",46.8544174701776
600,262.43707677385,10,14,28,14,14,"TM | TMd21 & SOL & IC","TM | TMd21 | SOL | IC",46.8553598893311
15,262.439445083499,9,14,14,14,14,"TM & TMd21 & SOL & IC","TM | TMd21 | SOL | IC",46.8577281989798
149,262.439879531734,9,14,14,14,14,"TM | TMd21 & SOL & IC","TM | TMd21 | SOL & IC",46.8581626472146
140,262.439896286447,9,14,14,14,14,"TM | TMd21 & SOL & IC","TM & TMd21 | SOL | IC",46.8581794019277
156,262.440070600644,9,14,14,14,14,"TM | TMd21 & SOL | IC","TM & SOL & IC | TMd21",46.8583537161242
87,262.440596985081,9,14,14,14,14,"TM & SOL & IC | TMd21","TM & IC | TMd21 | SOL",46.8588801005618
114,262.441843454545,9,14,14,14,14,"TM & SOL | TMd21 | IC","TM & IC | TMd21 & SOL",46.8601265700259
125,262.442944214719,9,14,14,14,14,"TM & IC | TMd21 & SOL","TM & TMd21 | SOL | IC",46.8612273301993
143,262.4439344996,9,14,14,14,14,"TM | TMd21 & SOL & IC","TM & SOL | TMd21 | IC",46.8622176150805
147,262.444543299446,9,14,14,14,14,"TM | TMd21 & SOL & IC","TM & IC | TMd21 | SOL",46.8628264149268
159,262.44462771418,9,14,14,14,14,"TM | TMd21 & SOL | IC","TM & IC | TMd21 & SOL",46.862910829661
26,262.447049022366,9,14,14,14,14,"TM & TMd21 & SOL | IC","TM | TMd21 & SOL | IC",46.8653321378462
152,262.454104541287,9,14,14,14,14,"TM | TMd21 & SOL | IC","TM & TMd21 & SOL | IC",46.8723876567677
324,262.45515773002,8,28,14,14,14,"TM & SOL | TMd21 & IC","TM & IC | TMd21 & SOL",46.8734408455005
131,262.456607576646,9,14,14,14,14,"TM & IC | TMd21 & SOL","TM | TMd21 & SOL | IC",46.8748906921268
69,262.458214118573,9,14,14,14,14,"TM & TMd21 | SOL | IC","TM & IC | TMd21 & SOL",46.8764972340534
171,262.461260472543,9,14,14,14,14,"TM & IC | TMd21 | SOL","TM & SOL & IC | TMd21",46.8795435880241
175,262.46314151286,9,14,14,14,14,"TM & IC | TMd21 | SOL","TM | TMd21 & SOL & IC",46.8814246283408
115,262.463455452869,9,14,14,14,14,"TM & SOL | TMd21 | IC","TM | TMd21 & SOL & IC",46.8817385683498
70,262.465431573077,9,14,14,14,14,"TM & TMd21 | SOL | IC","TM | TMd21 & SOL & IC",46.8837146885576
211,262.466692743866,9,14,14,14,14,"TM | TMd21 | SOL | IC","TM & TMd21 & SOL & IC",46.8849758593465
86,262.469047752418,9,14,14,14,14,"TM & SOL & IC | TMd21","TM | TMd21 & SOL | IC",46.8873308678986
128,262.47013239797,9,14,14,14,14,"TM & IC | TMd21 & SOL","TM & SOL | TMd21 | IC",46.888415513451
56,262.470938639291,9,14,14,14,14,"TM & TMd21 | SOL & IC","TM | TMd21 & SOL | IC",46.8892217547712
554,262.472115491513,9,14,28,14,14,"TM & SOL | TMd21 & IC","TM | TMd21 | SOL & IC",46.8903986069932
197,262.472135148223,9,14,14,14,14,"TM | TMd21 | SOL & IC","TM & TMd21 & SOL | IC",46.8904182637036
205,262.472522015825,9,14,14,14,14,"TM | TMd21 | SOL & IC","TM | TMd21 & SOL & IC",46.8908051313061
88,262.472664183417,9,14,14,14,14,"TM & SOL & IC | TMd21","TM | TMd21 & IC | SOL",46.8909472988976
204,262.473066217866,9,14,14,14,14,"TM | TMd21 | SOL & IC","TM & IC | TMd21 & SOL",46.8913493333465
66,262.473164473885,9,14,14,14,14,"TM & TMd21 | SOL | IC","TM & SOL & IC | TMd21",46.8914475893658
67,262.47413047607,9,14,14,14,14,"TM & TMd21 | SOL | IC","TM & SOL | TMd21 & IC",46.8924135915502
58,262.474848701701,9,14,14,14,14,"TM & TMd21 | SOL & IC","TM | TMd21 & IC | SOL",46.8931318171818
202,262.476035037654,9,14,14,14,14,"TM | TMd21 | SOL & IC","TM & SOL | TMd21 & IC",46.8943181531344
198,262.476111223582,9,14,14,14,14,"TM | TMd21 | SOL & IC","TM & TMd21 & IC | SOL",46.8943943390626
53,262.47858707657,9,14,14,14,14,"TM & TMd21 | SOL & IC","TM & SOL | TMd21 | IC",46.8968701920507
57,262.482583014863,9,14,14,14,14,"TM & TMd21 | SOL & IC","TM & IC | TMd21 | SOL",46.9008661303435
101,262.486573437815,9,14,14,14,14,"TM & SOL | TMd21 & IC","TM | TMd21 & SOL | IC",46.9048565532955
23,262.487516645656,9,14,14,14,14,"TM & TMd21 & SOL | IC","TM & SOL | TMd21 | IC",46.9057997611367
41,262.487650172987,9,14,14,14,14,"TM & TMd21 & IC | SOL","TM | TMd21 & SOL | IC",46.9059332884678
182,262.488789844158,9,14,14,14,14,"TM | TMd21 & IC | SOL","TM & TMd21 & SOL | IC",46.9070729596388
189,262.493636769123,9,14,14,14,14,"TM | TMd21 & IC | SOL","TM & IC | TMd21 & SOL",46.9119198846032
167,262.495562784546,9,14,14,14,14,"TM & IC | TMd21 | SOL","TM & TMd21 & SOL | IC",46.9138459000271
2778,262.498091098743,8,14,14,28,28,"TM & SOL & IC | TMd21","TM & TMd21 & IC | SOL",46.9163742142239
38,262.499797982427,9,14,14,14,14,"TM & TMd21 & IC | SOL","TM & SOL | TMd21 | IC",46.9180810979073
107,262.500116436461,9,14,14,14,14,"TM & SOL | TMd21 | IC","TM & TMd21 & SOL | IC",46.9183995519421
160,262.515248887351,9,14,14,14,14,"TM | TMd21 & SOL | IC","TM | TMd21 & SOL & IC",46.933532002832
2072,262.515589601563,8,28,14,14,28,"TM & TMd21 | SOL & IC","TM & TMd21 & SOL | IC",46.9338727170441
606,262.515936906253,9,14,28,14,14,"TM | TMd21 & SOL | IC","TM & SOL & IC | TMd21",46.9342200217337
132,262.523705056281,9,14,14,14,14,"TM & IC | TMd21 & SOL","TM & IC | TMd21 | SOL",46.9419881717618
146,262.530015049428,9,14,14,14,14,"TM | TMd21 & SOL & IC","TM | TMd21 & SOL | IC",46.9482981649086
2014,262.530559294644,10,14,14,14,28,"TM | TMd21 | SOL | IC","TM & TMd21 | SOL & IC",46.9488424101251
2883,262.530864103083,9,14,14,28,28,"TM | TMd21 & IC | SOL","TM & TMd21 & IC | SOL",46.9491472185636
172,262.533893899475,9,14,14,14,14,"TM & IC | TMd21 | SOL","TM & SOL | TMd21 & IC",46.9521770149557
1874,262.534187537425,10,14,14,14,28,"TM & TMd21 | SOL | IC","TM | TMd21 | SOL & IC",46.9524706529055
148,262.550474716418,9,14,14,14,14,"TM | TMd21 & SOL & IC","TM | TMd21 & IC | SOL",46.9687578318984
174,262.562718570552,9,14,14,14,14,"TM & IC | TMd21 | SOL","TM & IC | TMd21 & SOL",46.9810016860326
597,262.565890752808,9,14,28,14,14,"TM | TMd21 & SOL & IC","TM & IC | TMd21 | SOL",46.9841738682884
190,262.568980661319,9,14,14,14,14,"TM | TMd21 & IC | SOL","TM | TMd21 & SOL & IC",46.9872637767991
593,262.57919818234,9,14,28,14,14,"TM | TMd21 & SOL & IC","TM & SOL | TMd21 | IC",46.9974812978207
584,262.651504158576,9,14,28,14,14,"TM & IC | TMd21 & SOL","TM | TMd21 | SOL & IC",47.0697872740567
494,262.666876223293,9,14,28,14,14,"TM & TMd21 & IC | SOL","TM | TMd21 | SOL & IC",47.0851593387732
954,262.666905710692,8,14,14,28,14,"TM & TMd21 | SOL & IC","TM & IC | TMd21 & SOL",47.0851888261726
2427,262.706426484537,10,14,28,14,28,"TM & IC | TMd21 | SOL","TM & IC | TMd21 | SOL",47.124709600018
2043,262.73268378776,8,28,14,14,28,"TM & TMd21 & SOL | IC","TM & TMd21 & IC | SOL",47.1509669032405
1433,262.74244018083,9,14,28,28,14,"TM & SOL & IC | TMd21","TM & SOL | TMd21 | IC",47.1607232963103
2713,262.758664592147,8,14,14,28,28,"TM & TMd21 & SOL & IC","TM | TMd21 & IC | SOL",47.1769477076273
479,262.765157814369,9,14,28,14,14,"TM & TMd21 & SOL | IC","TM | TMd21 | SOL & IC",47.1834409298495
465,262.789064803748,9,14,28,14,14,"TM & TMd21 & SOL & IC","TM | TMd21 | SOL | IC",47.207347919229
1352,262.812051620832,7,14,28,28,14,"TM & TMd21 & SOL & IC","TM & TMd21 & SOL | IC",47.2303347363124
608,262.815776952099,10,14,28,14,14,"TM | TMd21 & SOL | IC","TM & SOL | TMd21 | IC",47.2340600675796
2234,262.828809576606,10,28,14,14,28,"TM | TMd21 | SOL & IC","TM | TMd21 | SOL & IC",47.2470926920861
1935,262.829674745598,10,14,14,14,28,"TM & IC | TMd21 & SOL","TM | TMd21 | SOL | IC",47.2479578610786
2106,262.838097046724,8,28,14,14,28,"TM & SOL & IC | TMd21","TM & SOL & IC | TMd21",47.2563801622042
1992,262.839102969381,10,14,14,14,28,"TM | TMd21 & IC | SOL","TM & IC | TMd21 | SOL",47.2573860848618
1024,262.846352000126,8,14,14,28,14,"TM & IC | TMd21 & SOL","TM & TMd21 | SOL & IC",47.2646351156064
2030,262.861223141309,8,28,14,14,28,"TM & TMd21 & SOL & IC","TM & TMd21 | SOL | IC",47.2795062567898
2890,262.867897373738,9,14,14,28,28,"TM | TMd21 & IC | SOL","TM | TMd21 & SOL & IC",47.2861804892182
1976,262.868965746905,10,14,14,14,28,"TM & IC | TMd21 | SOL","TM | TMd21 & SOL | IC",47.2872488623852
2782,262.894223935361,8,14,14,28,28,"TM & SOL & IC | TMd21","TM & SOL | TMd21 & IC",47.3125070508418
1835,262.906225437128,9,14,14,14,28,"TM & TMd21 & IC | SOL","TM & TMd21 | SOL | IC",47.3245085526082
477,262.9130148619,9,14,28,14,14,"TM & TMd21 & SOL | IC","TM & IC | TMd21 | SOL",47.3312979773809
503,262.919573911263,9,14,28,14,14,"TM & TMd21 | SOL & IC","TM & SOL | TMd21 | IC",47.3378570267436
488,262.93273862995,9,14,28,14,14,"TM & TMd21 & IC | SOL","TM & SOL | TMd21 | IC",47.3510217454309
2418,262.947978462081,9,14,28,14,28,"TM & IC | TMd21 | SOL","TM & TMd21 & IC | SOL",47.3662615775618
507,262.952336469979,9,14,28,14,14,"TM & TMd21 | SOL & IC","TM & IC | TMd21 | SOL",47.3706195854593
516,262.99311094138,9,14,28,14,14,"TM & TMd21 | SOL | IC","TM & SOL & IC | TMd21",47.411394056861
1963,262.997375761427,10,14,14,14,28,"TM | TMd21 & SOL | IC","TM | TMd21 & IC | SOL",47.4156588769077
2044,263.00569037155,8,28,14,14,28,"TM & TMd21 & SOL | IC","TM & TMd21 | SOL & IC",47.4239734870304
1129,263.039710962593,7,28,14,28,14,"TM & TMd21 & SOL & IC","TM & TMd21 | SOL & IC",47.4579940780739
2283,263.045325979896,8,14,28,14,28,"TM & TMd21 & IC | SOL","TM & TMd21 & IC | SOL",47.4636090953762
480,263.048208892396,10,14,28,14,14,"TM & TMd21 & SOL | IC","TM | TMd21 | SOL | IC",47.4664920078771
2084,263.057629315847,9,28,14,14,28,"TM & TMd21 | SOL & IC","TM | TMd21 | SOL & IC",47.4759124313276
2399,263.059625945186,9,14,28,14,28,"TM | TMd21 & SOL & IC","TM | TMd21 | SOL & IC",47.4779090606668
2048,263.078445157959,9,28,14,14,28,"TM & TMd21 & SOL | IC","TM & SOL | TMd21 | IC",47.4967282734395
2128,263.082327766023,9,28,14,14,28,"TM & SOL | TMd21 & IC","TM | TMd21 & IC | SOL",47.5006108815035
1848,263.084830584328,8,14,14,14,28,"TM & TMd21 | SOL & IC","TM & TMd21 & IC | SOL",47.5031136998085
1171,263.090473518837,7,28,14,28,14,"TM & TMd21 | SOL & IC","TM & TMd21 & SOL & IC",47.5087566343178
2401,263.119375445687,8,14,28,14,28,"TM | TMd21 & SOL | IC","TM & TMd21 & SOL & IC",47.537658561168
2387,263.131809621,8,14,28,14,28,"TM | TMd21 & SOL & IC","TM & TMd21 & SOL | IC",47.5500927364808
2039,263.141864304935,8,28,14,14,28,"TM & TMd21 & SOL & IC","TM | TMd21 | SOL & IC",47.5601474204158
2284,263.142215745128,8,14,28,14,28,"TM & TMd21 & IC | SOL","TM & TMd21 | SOL & IC",47.5604988606083
2868,263.169546336401,9,14,14,28,28,"TM & IC | TMd21 | SOL","TM & TMd21 & IC | SOL",47.5878294518819
766,263.182411954855,7,28,28,14,14,"TM & SOL | TMd21 & IC","TM & TMd21 & SOL & IC",47.600695070336
2226,263.186514636285,9,28,14,14,28,"TM | TMd21 | SOL & IC","TM & SOL & IC | TMd21",47.6047977517661
2020,263.188168798624,10,14,14,14,28,"TM | TMd21 | SOL | IC","TM | TMd21 & SOL & IC",47.6064519141046
518,263.195733914736,10,14,28,14,14,"TM & TMd21 | SOL | IC","TM & SOL | TMd21 | IC",47.614017030217
682,263.206229584954,7,28,28,14,14,"TM & TMd21 & SOL & IC","TM & SOL | TMd21 & IC",47.6245127004342
796,263.208349463643,7,28,28,14,14,"TM & IC | TMd21 & SOL","TM & TMd21 & SOL & IC",47.6266325791235
684,263.209090473904,7,28,28,14,14,"TM & TMd21 & SOL & IC","TM & IC | TMd21 & SOL",47.627373589385
2712,263.222459593805,8,14,14,28,28,"TM & TMd21 & SOL & IC","TM & IC | TMd21 | SOL",47.6407427092858
1964,263.228500087832,10,14,14,14,28,"TM | TMd21 & SOL | IC","TM | TMd21 | SOL & IC",47.6467832033123
2125,263.23911259631,8,28,14,14,28,"TM & SOL | TMd21 & IC","TM | TMd21 & SOL & IC",47.6573957117902
2101,263.246176270258,7,28,14,14,28,"TM & SOL & IC | TMd21","TM & TMd21 & SOL & IC",47.6644593857387
2851,263.252012014653,8,14,14,28,28,"TM | TMd21 & SOL | IC","TM & TMd21 & SOL & IC",47.6702951301332
1978,263.253527601488,10,14,14,14,28,"TM & IC | TMd21 | SOL","TM | TMd21 & IC | SOL",47.6718107169691
2837,263.254909417384,8,14,14,28,28,"TM | TMd21 & SOL & IC","TM & TMd21 & SOL | IC",47.6731925328642
553,263.26911712407,9,14,28,14,14,"TM & SOL | TMd21 & IC","TM | TMd21 & IC | SOL",47.6874002395508
952,263.295056489173,8,14,14,28,14,"TM & TMd21 | SOL & IC","TM & SOL | TMd21 & IC",47.7133396046539
637,263.302013123801,9,14,28,14,14,"TM | TMd21 & IC | SOL","TM & SOL | TMd21 & IC",47.720296239282
1995,263.313139301658,11,14,14,14,28,"TM | TMd21 & IC | SOL","TM | TMd21 | SOL | IC",47.7314224171388
289,263.314620137814,9,28,14,14,14,"TM & TMd21 | SOL | IC","TM & TMd21 | SOL & IC",47.7329032532943
275,263.322974959996,9,28,14,14,14,"TM & TMd21 | SOL & IC","TM & TMd21 | SOL | IC",47.7412580754767
2221,263.322993491411,8,28,14,14,28,"TM | TMd21 | SOL & IC","TM & TMd21 & SOL & IC",47.7412766068917
1246,263.323431411324,7,28,14,28,14,"TM & IC | TMd21 & SOL","TM & TMd21 & SOL & IC",47.7417145268046
1134,263.324176035981,7,28,14,28,14,"TM & TMd21 & SOL & IC","TM & IC | TMd21 & SOL",47.7424591514615
2123,263.337827360719,9,28,14,14,28,"TM & SOL | TMd21 & IC","TM & SOL | TMd21 | IC",47.7561104761999
2703,263.349745219667,7,14,14,28,28,"TM & TMd21 & SOL & IC","TM & TMd21 & IC | SOL",47.7680283351474
1850,263.412326637139,9,14,14,14,28,"TM & TMd21 | SOL & IC","TM & TMd21 | SOL | IC",47.8306097526191
2783,263.415439161786,9,14,14,28,28,"TM & SOL & IC | TMd21","TM & SOL | TMd21 | IC",47.8337222772666
1917,263.474633436128,10,14,14,14,28,"TM & SOL | TMd21 | IC","TM & IC | TMd21 | SOL",47.8929165516085
2743,263.478509098807,9,14,14,28,28,"TM & TMd21 & IC | SOL","TM | TMd21 & IC | SOL",47.8967922142878
2389,263.483905408583,8,14,28,14,28,"TM | TMd21 & SOL & IC","TM & TMd21 | SOL & IC",47.9021885240635
1902,263.54589046454,9,14,14,14,28,"TM & SOL | TMd21 & IC","TM & IC | TMd21 | SOL",47.9641735800209
2733,263.621911298373,8,14,14,28,28,"TM & TMd21 & IC | SOL","TM & TMd21 & IC | SOL",48.0401944138538
2411,263.669269548232,10,14,28,14,28,"TM | TMd21 & SOL | IC","TM | TMd21 & SOL | IC",48.0875526637123
1834,263.70060779635,8,14,14,14,28,"TM & TMd21 & IC | SOL","TM & TMd21 | SOL & IC",48.1188909118311
2016,263.709683071661,10,14,14,14,28,"TM | TMd21 | SOL | IC","TM & SOL & IC | TMd21",48.1279661871415
994,263.722732572823,8,14,14,28,14,"TM & SOL | TMd21 & IC","TM & TMd21 | SOL & IC",48.1410156883036
2409,263.724533396921,9,14,28,14,28,"TM | TMd21 & SOL | IC","TM & IC | TMd21 & SOL",48.1428165124013
2087,263.727243390723,9,28,14,14,28,"TM & TMd21 | SOL | IC","TM & TMd21 & SOL | IC",48.1455265062034
402,263.746923459221,10,28,14,14,14,"TM & IC | TMd21 | SOL","TM & IC | TMd21 | SOL",48.1652065747016
1986,263.754228255741,9,14,14,14,28,"TM | TMd21 & IC | SOL","TM & SOL & IC | TMd21",48.1725113712219
2065,263.763774885588,8,28,14,14,28,"TM & TMd21 & IC | SOL","TM | TMd21 & SOL & IC",48.1820580010688
2230,263.766968947036,9,28,14,14,28,"TM | TMd21 | SOL & IC","TM | TMd21 & SOL & IC",48.1852520625168
2861,263.785350146744,10,14,14,28,28,"TM | TMd21 & SOL | IC","TM | TMd21 & SOL | IC",48.2036332622247
1919,263.787273814504,10,14,14,14,28,"TM & SOL | TMd21 | IC","TM | TMd21 | SOL & IC",48.2055569299844
2811,263.816064127992,9,14,14,28,28,"TM & SOL | TMd21 | IC","TM & SOL & IC | TMd21",48.2343472434731
1904,263.823404648011,9,14,14,14,28,"TM & SOL | TMd21 & IC","TM | TMd21 | SOL & IC",48.2416877634921
2859,263.8396202875,9,14,14,28,28,"TM | TMd21 & SOL | IC","TM & IC | TMd21 & SOL",48.2579034029808
2372,263.860763439316,8,14,28,14,28,"TM & IC | TMd21 & SOL","TM & TMd21 & SOL | IC",48.2790465547962
2042,263.879178254655,8,28,14,14,28,"TM & TMd21 & SOL | IC","TM & TMd21 & SOL | IC",48.2974613701354
2395,263.909510470054,8,14,28,14,28,"TM | TMd21 & SOL & IC","TM | TMd21 & SOL & IC",48.3277935855348
2742,263.918611618255,9,14,14,28,28,"TM & TMd21 & IC | SOL","TM & IC | TMd21 | SOL",48.3368947337356
192,263.920104750172,10,14,14,14,14,"TM | TMd21 & IC | SOL","TM & IC | TMd21 | SOL",48.3383878656528
349,263.926547993586,8,28,14,14,14,"TM & IC | TMd21 & SOL","TM & TMd21 | SOL & IC",48.3448311090667
213,263.933368258068,10,14,14,14,14,"TM | TMd21 | SOL | IC","TM & TMd21 & IC | SOL",48.3516513735481
185,263.935676911955,10,14,14,14,14,"TM | TMd21 & IC | SOL","TM & TMd21 | SOL | IC",48.3539600274352
170,263.936868345114,10,14,14,14,14,"TM & IC | TMd21 | SOL","TM & TMd21 | SOL | IC",48.355151460595
72,263.936919858665,10,14,14,14,14,"TM & TMd21 | SOL | IC","TM & IC | TMd21 | SOL",48.3552029741452
73,263.937064229646,10,14,14,14,14,"TM & TMd21 | SOL | IC","TM | TMd21 & IC | SOL",48.3553473451264
45,263.939865235019,10,14,14,14,14,"TM & TMd21 & IC | SOL","TM | TMd21 | SOL | IC",48.3581483505
65,263.941172065624,10,14,14,14,14,"TM & TMd21 | SOL | IC","TM & TMd21 | SOL | IC",48.3594551811042
2777,263.942030462385,8,14,14,28,28,"TM & SOL & IC | TMd21","TM & TMd21 & SOL | IC",48.3603135778656
2881,263.942561742618,8,14,14,28,28,"TM | TMd21 & IC | SOL","TM & TMd21 & SOL & IC",48.3608448580985
178,263.954602807598,10,14,14,14,14,"TM & IC | TMd21 | SOL","TM | TMd21 & IC | SOL",48.3728859230785
2806,263.96277105512,8,14,14,28,28,"TM & SOL | TMd21 | IC","TM & TMd21 & SOL & IC",48.3810541706007
2822,263.974071328111,8,14,14,28,28,"TM & IC | TMd21 & SOL","TM & TMd21 & SOL | IC",48.3923544435913
322,263.982842794656,8,28,14,14,14,"TM & SOL | TMd21 & IC","TM & SOL | TMd21 & IC",48.4011259101364
193,264.002821328128,10,14,14,14,14,"TM | TMd21 & IC | SOL","TM | TMd21 & IC | SOL",48.4211044436087
2845,264.021529270843,8,14,14,28,28,"TM | TMd21 & SOL & IC","TM | TMd21 & SOL & IC",48.4398123863231
949,264.032333046702,8,14,14,28,14,"TM & TMd21 | SOL & IC","TM & TMd21 | SOL & IC",48.4506161621826
2455,264.042667793894,9,14,28,14,28,"TM | TMd21 | SOL & IC","TM | TMd21 & SOL & IC",48.4609509093748
1933,264.043613023469,9,14,14,14,28,"TM & IC | TMd21 & SOL","TM | TMd21 & IC | SOL",48.4618961389497
177,264.071230869303,10,14,14,14,14,"TM & IC | TMd21 | SOL","TM & IC | TMd21 | SOL",48.4895139847835
393,264.077957501716,9,28,14,14,14,"TM & IC | TMd21 | SOL","TM & TMd21 & IC | SOL",48.4962406171968
2275,264.080880312938,8,14,28,14,28,"TM & TMd21 & SOL | IC","TM | TMd21 & SOL & IC",48.4991634284182
105,264.088399678169,10,14,14,14,14,"TM & SOL | TMd21 & IC","TM | TMd21 | SOL | IC",48.5066827936496
118,264.094151944996,10,14,14,14,14,"TM & SOL | TMd21 | IC","TM | TMd21 & IC | SOL",48.5124350604769
2261,264.098895949516,8,14,28,14,28,"TM & TMd21 & SOL & IC","TM | TMd21 & SOL | IC",48.5171790649964
188,264.12145858287,10,14,14,14,14,"TM | TMd21 & IC | SOL","TM & SOL | TMd21 | IC",48.5397416983508
2449,264.124296474604,9,14,28,14,28,"TM | TMd21 | SOL & IC","TM & TMd21 | SOL & IC",48.5425795900844
217,264.127210054098,10,14,14,14,14,"TM | TMd21 | SOL | IC","TM & SOL | TMd21 & IC",48.5454931695787
2035,264.145186102299,7,28,14,14,28,"TM & TMd21 & SOL & IC","TM | TMd21 & SOL & IC",48.56346921778
499,264.149806665988,8,14,28,14,14,"TM & TMd21 | SOL & IC","TM & TMd21 | SOL & IC",48.568089781469
2166,264.186708146502,8,28,14,14,28,"TM | TMd21 & SOL & IC","TM & SOL & IC | TMd21",48.6049912619823
279,264.195001336694,8,28,14,14,14,"TM & TMd21 | SOL & IC","TM & IC | TMd21 & SOL",48.6132844521749
1975,264.208244047217,9,14,14,14,28,"TM & IC | TMd21 | SOL","TM | TMd21 & SOL & IC",48.6265271626981
2725,264.212791754236,8,14,14,28,28,"TM & TMd21 & SOL | IC","TM | TMd21 & SOL & IC",48.6310748697168
113,264.214099114942,10,14,14,14,14,"TM & SOL | TMd21 | IC","TM & SOL | TMd21 | IC",48.6323822304226
2711,264.220783083543,8,14,14,28,28,"TM & TMd21 & SOL & IC","TM | TMd21 & SOL | IC",48.6390661990234
1351,264.235163166244,6,14,28,28,14,"TM & TMd21 & SOL & IC","TM & TMd21 & SOL & IC",48.6534462817243
117,264.241026405106,10,14,14,14,14,"TM & SOL | TMd21 | IC","TM & IC | TMd21 | SOL",48.6593095205869
1934,264.242033411274,9,14,14,14,28,"TM & IC | TMd21 & SOL","TM | TMd21 | SOL & IC",48.6603165267545
209,264.259225092749,10,14,14,14,14,"TM | TMd21 | SOL & IC","TM | TMd21 | SOL & IC",48.6775082082297
179,264.274507488539,10,14,14,14,14,"TM & IC | TMd21 | SOL","TM | TMd21 | SOL & IC",48.6927906040199
119,264.278369344314,10,14,14,14,14,"TM & SOL | TMd21 | IC","TM | TMd21 | SOL & IC",48.6966524597951
90,264.284893821719,10,14,14,14,14,"TM & SOL & IC | TMd21","TM | TMd21 | SOL | IC",48.7031769371998
216,264.293403639224,10,14,14,14,14,"TM | TMd21 | SOL | IC","TM & SOL & IC | TMd21",48.7116867547051
214,264.296132243073,10,14,14,14,14,"TM | TMd21 | SOL | IC","TM & TMd21 | SOL & IC",48.7144153585535
74,264.299733781769,10,14,14,14,14,"TM & TMd21 | SOL | IC","TM | TMd21 | SOL & IC",48.7180168972501
203,264.30081959375,10,14,14,14,14,"TM | TMd21 | SOL & IC","TM & SOL | TMd21 | IC",48.7191027092309
207,264.302453303668,10,14,14,14,14,"TM | TMd21 | SOL & IC","TM & IC | TMd21 | SOL",48.7207364191488
200,264.304522744303,10,14,14,14,14,"TM | TMd21 | SOL & IC","TM & TMd21 | SOL | IC",48.7228058597835
60,264.308124156564,10,14,14,14,14,"TM & TMd21 | SOL & IC","TM | TMd21 | SOL | IC",48.7264072720449
2031,264.314970273303,7,28,14,14,28,"TM & TMd21 & SOL & IC","TM & SOL & IC | TMd21",48.7332533887833
173,264.335285464164,10,14,14,14,14,"TM & IC | TMd21 | SOL","TM & SOL | TMd21 | IC",48.7535685796448
110,264.343923459205,10,14,14,14,14,"TM & SOL | TMd21 | IC","TM & TMd21 | SOL | IC",48.7622065746852
162,264.353424277858,10,14,14,14,14,"TM | TMd21 & SOL | IC","TM & IC | TMd21 | SOL",48.7717073933387
30,264.355846510197,10,14,14,14,14,"TM & TMd21 & SOL | IC","TM | TMd21 | SOL | IC",48.7741296256772
155,264.357565779219,10,14,14,14,14,"TM | TMd21 & SOL | IC","TM & TMd21 | SOL | IC",48.7758488946994
135,264.365408712649,10,14,14,14,14,"TM & IC | TMd21 & SOL","TM | TMd21 | SOL | IC",48.7836918281299
158,264.368747818058,10,14,14,14,14,"TM | TMd21 & SOL | IC","TM & SOL | TMd21 | IC",48.7870309335383
1980,264.373978961518,11,14,14,14,28,"TM & IC | TMd21 | SOL","TM | TMd21 | SOL | IC",48.792262076999
2073,264.37659395402,8,28,14,14,28,"TM & TMd21 | SOL & IC","TM & TMd21 & IC | SOL",48.7948770695005
2424,264.383709558649,9,14,28,14,28,"TM & IC | TMd21 | SOL","TM & IC | TMd21 & SOL",48.8019926741297
116,264.391490310119,10,14,14,14,14,"TM & SOL | TMd21 | IC","TM | TMd21 & SOL | IC",48.8097734255993
219,264.392465595794,10,14,14,14,14,"TM | TMd21 | SOL | IC","TM & IC | TMd21 & SOL",48.8107487112744
71,264.398552301251,10,14,14,14,14,"TM & TMd21 | SOL | IC","TM | TMd21 & SOL | IC",48.8168354167321
212,264.401944491417,10,14,14,14,14,"TM | TMd21 | SOL | IC","TM & TMd21 & SOL | IC",48.820227606898
2314,264.40323302216,9,14,28,14,28,"TM & TMd21 | SOL | IC","TM & TMd21 | SOL & IC",48.8215161376409
176,264.404448073103,10,14,14,14,14,"TM & IC | TMd21 | SOL","TM | TMd21 & SOL | IC",48.8227311885839
68,264.408876043815,10,14,14,14,14,"TM & TMd21 | SOL | IC","TM & SOL | TMd21 | IC",48.8271591592954
163,264.413316288031,10,14,14,14,14,"TM | TMd21 & SOL | IC","TM | TMd21 & IC | SOL",48.8315994035116
2075,264.418277150136,9,28,14,14,28,"TM & TMd21 | SOL & IC","TM & TMd21 | SOL | IC",48.8365602656166
194,264.424738479754,10,14,14,14,14,"TM | TMd21 & IC | SOL","TM | TMd21 | SOL & IC",48.8430215952343
277,264.428400387782,8,28,14,14,14,"TM & TMd21 | SOL & IC","TM & SOL | TMd21 & IC",48.8466835032625
161,264.430914482881,10,14,14,14,14,"TM | TMd21 & SOL | IC","TM | TMd21 & SOL | IC",48.8491975983612
2301,264.434603746995,8,14,28,14,28,"TM & TMd21 | SOL & IC","TM & SOL & IC | TMd21",48.8528868624758
164,264.43487992528,10,14,14,14,14,"TM | TMd21 & SOL | IC","TM | TMd21 | SOL & IC",48.8531630407601
150,264.438844197678,10,14,14,14,14,"TM | TMd21 & SOL & IC","TM | TMd21 | SOL | IC",48.8571273131589
220,264.463102181549,10,14,14,14,14,"TM | TMd21 | SOL | IC","TM | TMd21 & SOL & IC",48.88138529703
206,264.468855893623,10,14,14,14,14,"TM | TMd21 | SOL & IC","TM | TMd21 & SOL | IC",48.8871390091037
208,264.472508485661,10,14,14,14,14,"TM | TMd21 | SOL & IC","TM | TMd21 & IC | SOL",48.8907916011412
2024,264.48388030328,11,14,14,14,28,"TM | TMd21 | SOL | IC","TM | TMd21 | SOL & IC",48.9021634187609
191,264.486530785181,10,14,14,14,14,"TM | TMd21 & IC | SOL","TM | TMd21 & SOL | IC",48.9048139006616
2871,264.488411281913,9,14,14,28,28,"TM & IC | TMd21 | SOL","TM & SOL & IC | TMd21",48.9066943973936
2459,264.50233638893,10,14,28,14,28,"TM | TMd21 | SOL & IC","TM | TMd21 | SOL & IC",48.9206195044108
2391,264.518154998159,8,14,28,14,28,"TM | TMd21 & SOL & IC","TM & SOL & IC | TMd21",48.9364381136392
2792,264.551123700847,8,14,14,28,28,"TM & SOL | TMd21 & IC","TM & TMd21 & SOL | IC",48.9694068163272
1802,264.555101403123,7,14,14,14,28,"TM & TMd21 & SOL & IC","TM & TMd21 & SOL | IC",48.973384518604
2274,264.604850945298,8,14,28,14,28,"TM & TMd21 & SOL | IC","TM & IC | TMd21 & SOL",49.0231340607788
2174,264.628389356429,9,28,14,14,28,"TM | TMd21 & SOL & IC","TM | TMd21 | SOL & IC",49.0466724719099
549,264.634852595319,8,14,28,14,14,"TM & SOL | TMd21 & IC","TM & IC | TMd21 & SOL",49.0531357107997
2045,264.637273401261,9,28,14,14,28,"TM & TMd21 & SOL | IC","TM & TMd21 | SOL | IC",49.0555565167417
1944,264.646956308237,8,14,14,14,28,"TM | TMd21 & SOL & IC","TM & IC | TMd21 & SOL",49.0652394237176
2866,264.665546723592,8,14,14,28,28,"TM & IC | TMd21 | SOL","TM & TMd21 & SOL & IC",49.0838298390725
2708,264.705977913521,8,14,14,28,28,"TM & TMd21 & SOL & IC","TM & SOL | TMd21 | IC",49.1242610290021
319,264.70760792082,8,28,14,14,14,"TM & SOL | TMd21 & IC","TM & TMd21 | SOL & IC",49.1258910363006
2721,264.719740314608,8,14,14,28,28,"TM & TMd21 & SOL | IC","TM & SOL & IC | TMd21",49.1380234300887
2724,264.741153317267,8,14,14,28,28,"TM & TMd21 & SOL | IC","TM & IC | TMd21 & SOL",49.1594364327474
2038,264.751123781214,8,28,14,14,28,"TM & TMd21 & SOL & IC","TM | TMd21 & IC | SOL",49.1694068966945
1985,264.780944180782,10,14,14,14,28,"TM | TMd21 & IC | SOL","TM & TMd21 | SOL | IC",49.1992272962629
2812,264.785681515664,9,14,14,28,28,"TM & SOL | TMd21 | IC","TM & SOL | TMd21 & IC",49.203964631145
2076,264.837691430052,8,28,14,14,28,"TM & TMd21 | SOL & IC","TM & SOL & IC | TMd21",49.2559745455321
1994,264.851288321767,10,14,14,14,28,"TM | TMd21 & IC | SOL","TM | TMd21 | SOL & IC",49.2695714372481
267,264.85292186534,9,28,14,14,14,"TM & TMd21 & IC | SOL","TM & IC | TMd21 | SOL",49.271204980821
1970,264.886198402353,10,14,14,14,28,"TM & IC | TMd21 | SOL","TM & TMd21 | SOL | IC",49.3044815178341
1845,264.898584679917,10,14,14,14,28,"TM & TMd21 & IC | SOL","TM | TMd21 | SOL | IC",49.316867795398
2206,264.903942323907,8,28,14,14,28,"TM | TMd21 & IC | SOL","TM & TMd21 & SOL & IC",49.3222254393875
2289,264.918149328258,8,14,28,14,28,"TM & TMd21 & IC | SOL","TM & IC | TMd21 & SOL",49.3364324437383
2740,264.927541558374,8,14,14,28,28,"TM & TMd21 & IC | SOL","TM | TMd21 & SOL & IC",49.3458246738548
290,264.953320628466,10,28,14,14,14,"TM & TMd21 | SOL | IC","TM & TMd21 | SOL | IC",49.3716037439469
2252,264.967292704923,7,14,28,14,28,"TM & TMd21 & SOL & IC","TM & TMd21 & SOL | IC",49.3855758204039
2402,265.009072532967,9,14,28,14,28,"TM | TMd21 & SOL | IC","TM & TMd21 & SOL | IC",49.4273556484475
1249,265.025065477741,8,28,14,28,14,"TM & IC | TMd21 & SOL","TM & TMd21 | SOL & IC",49.4433485932221
1174,265.027338980014,8,28,14,28,14,"TM & TMd21 | SOL & IC","TM & TMd21 | SOL & IC",49.4456220954949
772,265.035018195955,8,28,28,14,14,"TM & SOL | TMd21 & IC","TM & SOL | TMd21 & IC",49.4533013114359
1857,265.047731975396,9,14,14,14,28,"TM & TMd21 | SOL & IC","TM & IC | TMd21 | SOL",49.4660150908766
643,265.072625626843,10,14,28,14,14,"TM | TMd21 & IC | SOL","TM | TMd21 & IC | SOL",49.4909087423233
1998,265.075355482435,9,14,14,14,28,"TM | TMd21 | SOL & IC","TM & TMd21 & IC | SOL",49.4936385979159
2702,265.076103800449,7,14,14,28,28,"TM & TMd21 & SOL & IC","TM & TMd21 & SOL | IC",49.4943869159299
2056,265.081827136624,7,28,14,14,28,"TM & TMd21 & IC | SOL","TM & TMd21 & SOL & IC",49.5001102521045
1858,265.083124384708,9,14,14,14,28,"TM & TMd21 | SOL & IC","TM | TMd21 & IC | SOL",49.5014075001886
1179,265.083366676924,8,28,14,28,14,"TM & TMd21 | SOL & IC","TM & IC | TMd21 & SOL",49.501649792405
2282,265.120069994299,8,14,28,14,28,"TM & TMd21 & IC | SOL","TM & TMd21 & SOL | IC",49.5383531097795
2852,265.137261476315,9,14,14,28,28,"TM | TMd21 & SOL | IC","TM & TMd21 & SOL | IC",49.5555445917952
1882,265.138655023718,8,14,14,14,28,"TM & SOL & IC | TMd21","TM & SOL | TMd21 & IC",49.5569381391982
2215,265.162439631081,9,28,14,14,28,"TM | TMd21 & IC | SOL","TM | TMd21 & SOL & IC",49.5807227465617
774,265.181466433778,8,28,28,14,14,"TM & SOL | TMd21 & IC","TM & IC | TMd21 & SOL",49.5997495492582
2446,265.194793648827,8,14,28,14,28,"TM | TMd21 | SOL & IC","TM & TMd21 & SOL & IC",49.6130767643079
804,265.200371059679,8,28,28,14,14,"TM & IC | TMd21 & SOL","TM & IC | TMd21 & SOL",49.6186541751593
2722,265.204588466477,8,14,14,28,28,"TM & TMd21 & SOL | IC","TM & SOL | TMd21 & IC",49.6228715819577
802,265.204854512679,8,28,28,14,14,"TM & IC | TMd21 & SOL","TM & SOL | TMd21 & IC",49.6231376281594
2380,265.205563906968,8,14,28,14,28,"TM & IC | TMd21 & SOL","TM | TMd21 & SOL & IC",49.6238470224486
2311,265.219076982472,8,14,28,14,28,"TM & TMd21 | SOL | IC","TM & TMd21 & SOL & IC",49.6373600979528
577,265.220784228182,8,14,28,14,14,"TM & IC | TMd21 & SOL","TM & SOL | TMd21 & IC",49.6390673436629
2170,265.293159043114,8,28,14,14,28,"TM | TMd21 & SOL & IC","TM | TMd21 & SOL & IC",49.7114421585944
1254,265.313796718635,8,28,14,28,14,"TM & IC | TMd21 & SOL","TM & IC | TMd21 & SOL",49.7320798341161
2830,265.336315854924,8,14,14,28,28,"TM & IC | TMd21 & SOL","TM | TMd21 & SOL & IC",49.7545989704042
2386,265.400641823159,7,14,28,14,28,"TM | TMd21 & SOL & IC","TM & TMd21 & SOL & IC",49.81892493864
2000,265.404491564328,10,14,14,14,28,"TM | TMd21 | SOL & IC","TM & TMd21 | SOL | IC",49.8227746798082
1860,265.408076439729,10,14,14,14,28,"TM & TMd21 | SOL & IC","TM | TMd21 | SOL | IC",49.8263595552099
2813,265.414406648873,10,14,14,28,28,"TM & SOL | TMd21 | IC","TM & SOL | TMd21 | IC",49.8326897643538
2266,265.432211584406,7,14,28,14,28,"TM & TMd21 & SOL | IC","TM & TMd21 & SOL & IC",49.8504946998864
2736,265.444100904363,8,14,14,28,28,"TM & TMd21 & IC | SOL","TM & SOL & IC | TMd21",49.8623840198438
2297,265.508138344119,8,14,28,14,28,"TM & TMd21 | SOL & IC","TM & TMd21 & SOL | IC",49.9264214595996
346,265.512489717091,7,28,14,14,14,"TM & IC | TMd21 & SOL","TM & TMd21 & SOL & IC",49.9307728325713
2164,265.514924006469,8,28,14,14,28,"TM | TMd21 & SOL & IC","TM & TMd21 | SOL & IC",49.9332071219492
579,265.517367133771,8,14,28,14,14,"TM & IC | TMd21 & SOL","TM & IC | TMd21 & SOL",49.9356502492517
2836,265.519692535074,7,14,14,28,28,"TM | TMd21 & SOL & IC","TM & TMd21 & SOL & IC",49.9379756505542
2264,265.537850207158,8,14,28,14,28,"TM & TMd21 & SOL & IC","TM | TMd21 | SOL & IC",49.9561333226384
2716,265.551354628046,7,14,14,28,28,"TM & TMd21 & SOL | IC","TM & TMd21 & SOL & IC",49.9696377435263
258,265.565074728856,8,28,14,14,14,"TM & TMd21 & IC | SOL","TM & TMd21 & IC | SOL",49.983357844337
1984,265.596048305176,9,14,14,14,28,"TM | TMd21 & IC | SOL","TM & TMd21 | SOL & IC",50.0143314206567
1029,265.630642486699,8,14,14,28,14,"TM & IC | TMd21 & SOL","TM & IC | TMd21 & SOL",50.04892560218
1969,265.68713761175,9,14,14,14,28,"TM & IC | TMd21 | SOL","TM & TMd21 | SOL & IC",50.1054207272308
1844,265.693462712188,9,14,14,14,28,"TM & TMd21 & IC | SOL","TM | TMd21 | SOL & IC",50.1117458276689
2796,265.728549204186,8,14,14,28,28,"TM & SOL | TMd21 & IC","TM & SOL & IC | TMd21",50.1468323196667
1946,265.742734437751,9,14,14,14,28,"TM | TMd21 & SOL & IC","TM | TMd21 & SOL | IC",50.161017553232
1979,265.783215998045,10,14,14,14,28,"TM & IC | TMd21 | SOL","TM | TMd21 | SOL & IC",50.2014991135255
2807,265.831463996712,9,14,14,28,28,"TM & SOL | TMd21 | IC","TM & TMd21 & SOL | IC",50.2497471121929
2781,265.831629456672,8,14,14,28,28,"TM & SOL & IC | TMd21","TM & SOL & IC | TMd21",50.2499125721529
2381,265.858486502302,9,14,28,14,28,"TM & IC | TMd21 & SOL","TM | TMd21 & SOL | IC",50.2767696177828
2161,265.872160569983,7,28,14,14,28,"TM | TMd21 & SOL & IC","TM & TMd21 & SOL & IC",50.2904436854639
323,265.872804352948,9,28,14,14,14,"TM & SOL | TMd21 & IC","TM & SOL | TMd21 | IC",50.2910874684287
337,265.878466254889,9,28,14,14,14,"TM & SOL | TMd21 | IC","TM & SOL | TMd21 & IC",50.29674937037
195,265.890934661868,11,14,14,14,14,"TM | TMd21 & IC | SOL","TM | TMd21 | SOL | IC",50.3092177773489
223,265.896691683202,11,14,14,14,14,"TM | TMd21 | SOL | IC","TM | TMd21 & IC | SOL",50.314974798683
222,265.900627295199,11,14,14,14,14,"TM | TMd21 | SOL | IC","TM & IC | TMd21 | SOL",50.3189104106792
180,265.912634456028,11,14,14,14,14,"TM & IC | TMd21 | SOL","TM | TMd21 | SOL | IC",50.3309175715086
1354,265.918100455898,7,14,28,28,14,"TM & TMd21 & SOL & IC","TM & TMd21 | SOL & IC",50.3363835713789
215,265.93328861481,11,14,14,14,14,"TM | TMd21 | SOL | IC","TM & TMd21 | SOL | IC",50.3515717302909
75,265.936895625381,11,14,14,14,14,"TM & TMd21 | SOL | IC","TM | TMd21 | SOL | IC",50.355178740862
288,265.946265204314,9,28,14,14,14,"TM & TMd21 | SOL | IC","TM & TMd21 & IC | SOL",50.3645483197947
2800,265.954316956743,8,14,14,28,28,"TM & SOL | TMd21 & IC","TM | TMd21 & SOL & IC",50.3726000722234
2276,265.965727375613,9,14,28,14,28,"TM & TMd21 & SOL | IC","TM | TMd21 & SOL | IC",50.384010491094
2831,265.972550637433,9,14,14,28,28,"TM & IC | TMd21 & SOL","TM | TMd21 & SOL | IC",50.3908337529135
2163,265.979362299714,8,28,14,14,28,"TM | TMd21 & SOL & IC","TM & TMd21 & IC | SOL",50.3976454151951
1847,265.981492171683,8,14,14,14,28,"TM & TMd21 | SOL & IC","TM & TMd21 & SOL | IC",50.3997752871635
2255,265.983506480897,8,14,28,14,28,"TM & TMd21 & SOL & IC","TM & TMd21 | SOL | IC",50.401789596378
1099,266.024583397174,9,14,14,28,14,"TM | TMd21 | SOL & IC","TM & TMd21 | SOL & IC",50.4428665126545
959,266.028129187486,9,14,14,28,14,"TM & TMd21 | SOL & IC","TM | TMd21 | SOL & IC",50.4464123029671
1396,266.029648942989,7,14,28,28,14,"TM & TMd21 | SOL & IC","TM & TMd21 & SOL & IC",50.4479320584696
2309,266.052970812468,9,14,28,14,28,"TM & TMd21 | SOL & IC","TM | TMd21 | SOL & IC",50.4712539279487
2008,266.083835392906,10,14,14,14,28,"TM | TMd21 | SOL & IC","TM | TMd21 & IC | SOL",50.5021185083862
120,266.084351176684,11,14,14,14,14,"TM & SOL | TMd21 | IC","TM | TMd21 | SOL | IC",50.5026342921644
2726,266.093002753397,9,14,14,28,28,"TM & TMd21 & SOL | IC","TM | TMd21 & SOL | IC",50.5112858688772
218,266.117410641347,11,14,14,14,14,"TM | TMd21 | SOL | IC","TM & SOL | TMd21 | IC",50.5356937568274
2268,266.127850059732,8,14,28,14,28,"TM & TMd21 & SOL | IC","TM & TMd21 & IC | SOL",50.5461331752131
2173,266.13700406542,9,28,14,14,28,"TM | TMd21 & SOL & IC","TM | TMd21 & IC | SOL",50.5552871809006
514,266.140530659986,9,14,28,14,14,"TM & TMd21 | SOL | IC","TM & TMd21 | SOL & IC",50.5588137754665
500,266.148787279063,9,14,28,14,14,"TM & TMd21 | SOL & IC","TM & TMd21 | SOL | IC",50.5670703945439
316,266.173991261065,7,28,14,14,14,"TM & SOL | TMd21 & IC","TM & TMd21 & SOL & IC",50.5922743765454
1441,266.216892532806,7,14,28,28,14,"TM & SOL | TMd21 & IC","TM & TMd21 & SOL & IC",50.6351756482861
1027,266.22043266686,8,14,14,28,14,"TM & IC | TMd21 & SOL","TM & SOL | TMd21 & IC",50.6387157823411
1357,266.227437325285,7,14,28,28,14,"TM & TMd21 & SOL & IC","TM & SOL | TMd21 & IC",50.6457204407653
2335,266.239093914723,8,14,28,14,28,"TM & SOL & IC | TMd21","TM | TMd21 & SOL & IC",50.6573770302035
224,266.249796847769,11,14,14,14,14,"TM | TMd21 | SOL | IC","TM | TMd21 | SOL & IC",50.6680799632501
210,266.258188975811,11,14,14,14,14,"TM | TMd21 | SOL & IC","TM | TMd21 | SOL | IC",50.6764720912919
1937,266.334051069331,8,14,14,14,28,"TM | TMd21 & SOL & IC","TM & TMd21 & SOL | IC",50.7523341848112
165,266.339705812381,11,14,14,14,14,"TM | TMd21 & SOL | IC","TM | TMd21 | SOL | IC",50.7579889278616
2826,266.368497416349,8,14,14,28,28,"TM & IC | TMd21 & SOL","TM & SOL & IC | TMd21",50.7867805318292
2451,266.371083116802,9,14,28,14,28,"TM | TMd21 | SOL & IC","TM & SOL & IC | TMd21",50.7893662322827
221,266.378749371148,11,14,14,14,14,"TM | TMd21 | SOL | IC","TM | TMd21 & SOL | IC",50.7970324866283
2776,266.387185391087,7,14,14,28,28,"TM & SOL & IC | TMd21","TM & TMd21 & SOL & IC",50.8054685065679
2731,266.395616055694,7,14,14,28,28,"TM & TMd21 & IC | SOL","TM & TMd21 & SOL & IC",50.8138991711746
2004,266.399309809382,9,14,14,14,28,"TM | TMd21 | SOL & IC","TM & IC | TMd21 & SOL",50.8175929248621
1805,266.401340814248,8,14,14,14,28,"TM & TMd21 & SOL & IC","TM & TMd21 | SOL | IC",50.8196239297285
1892,266.418479343198,8,14,14,14,28,"TM & SOL | TMd21 & IC","TM & TMd21 & SOL | IC",50.836762458679
2376,266.424524126609,8,14,28,14,28,"TM & IC | TMd21 & SOL","TM & SOL & IC | TMd21",50.8428072420892
2028,266.449342109102,7,28,14,14,28,"TM & TMd21 & SOL & IC","TM & TMd21 & IC | SOL",50.867625224583
999,266.454622502145,8,14,14,28,14,"TM & SOL | TMd21 & IC","TM & IC | TMd21 & SOL",50.8729056176259
2269,266.467461528682,8,14,28,14,28,"TM & TMd21 & SOL | IC","TM & TMd21 | SOL & IC",50.8857446441625
1877,266.46935650755,8,14,14,14,28,"TM & SOL & IC | TMd21","TM & TMd21 & SOL | IC",50.8876396230307
1811,266.483255493661,8,14,14,14,28,"TM & TMd21 & SOL & IC","TM | TMd21 & SOL | IC",50.901538609142
260,266.50291349607,9,28,14,14,14,"TM & TMd21 & IC | SOL","TM & TMd21 | SOL | IC",50.9211966115505
1922,266.517146286994,8,14,14,14,28,"TM & IC | TMd21 & SOL","TM & TMd21 & SOL | IC",50.9354294024749
1808,266.53951772474,8,14,14,14,28,"TM & TMd21 & SOL & IC","TM & SOL | TMd21 | IC",50.9578008402203
2798,266.544117246212,9,14,14,28,28,"TM & SOL | TMd21 & IC","TM & SOL | TMd21 | IC",50.9624003616925
1832,266.545643398097,8,14,14,14,28,"TM & TMd21 & IC | SOL","TM & TMd21 & SOL | IC",50.9639265135772
1947,266.55734278079,9,14,14,14,28,"TM | TMd21 & SOL & IC","TM & IC | TMd21 | SOL",50.975625896271
2723,266.585431443353,9,14,14,28,28,"TM & TMd21 & SOL | IC","TM & SOL | TMd21 | IC",51.0037145588333
2007,266.604061304367,10,14,14,14,28,"TM | TMd21 | SOL & IC","TM & IC | TMd21 | SOL",51.0223444198477
2286,266.612734002202,8,14,28,14,28,"TM & TMd21 & IC | SOL","TM & SOL & IC | TMd21",51.0310171176828
633,266.623123113441,9,14,28,14,14,"TM | TMd21 & IC | SOL","TM & TMd21 & IC | SOL",51.0414062289214
2737,266.643085435525,8,14,14,28,28,"TM & TMd21 & IC | SOL","TM & SOL | TMd21 & IC",51.0613685510052
1989,266.644755083445,9,14,14,14,28,"TM | TMd21 & IC | SOL","TM & IC | TMd21 & SOL",51.0630381989259
2260,266.689675731823,7,14,28,14,28,"TM & TMd21 & SOL & IC","TM | TMd21 & SOL & IC",51.107958847304
1883,266.711613978892,9,14,14,14,28,"TM & SOL & IC | TMd21","TM & SOL | TMd21 | IC",51.1298970943722
2256,266.730664907347,7,14,28,14,28,"TM & TMd21 & SOL & IC","TM & SOL & IC | TMd21",51.1489480228274
2002,266.752516936818,9,14,14,14,28,"TM | TMd21 | SOL & IC","TM & SOL | TMd21 & IC",51.1708000522983
946,266.76526314979,7,14,14,28,14,"TM & TMd21 | SOL & IC","TM & TMd21 & SOL & IC",51.1835462652703
2710,266.807580000184,7,14,14,28,28,"TM & TMd21 & SOL & IC","TM | TMd21 & SOL & IC",51.2258631156646
2167,266.907091786066,8,28,14,14,28,"TM | TMd21 & SOL & IC","TM & SOL | TMd21 & IC",51.3253749015471
2267,266.943882791263,8,14,28,14,28,"TM & TMd21 & SOL | IC","TM & TMd21 & SOL | IC",51.3621659067435
1888,266.992137103357,9,14,14,14,28,"TM & SOL & IC | TMd21","TM | TMd21 & IC | SOL",51.4104202188378
2739,267.002926753765,8,14,14,28,28,"TM & TMd21 & IC | SOL","TM & IC | TMd21 & SOL",51.4212098692457
2382,267.010515295273,9,14,28,14,28,"TM & IC | TMd21 & SOL","TM & IC | TMd21 | SOL",51.428798410754
2118,267.015085071002,8,28,14,14,28,"TM & SOL | TMd21 & IC","TM & TMd21 & IC | SOL",51.4333681864822
2312,267.032467412624,9,14,28,14,28,"TM & TMd21 | SOL | IC","TM & TMd21 & SOL | IC",51.4507505281044
2305,267.040251812748,8,14,28,14,28,"TM & TMd21 | SOL & IC","TM | TMd21 & SOL & IC",51.4585349282289
2717,267.054750941413,8,14,14,28,28,"TM & TMd21 & SOL | IC","TM & TMd21 & SOL | IC",51.4730340568933
1972,267.137496076075,9,14,14,14,28,"TM & IC | TMd21 | SOL","TM & SOL | TMd21 & IC",51.5557791915558
997,267.1540773452,8,14,14,28,14,"TM & SOL | TMd21 & IC","TM & SOL | TMd21 & IC",51.5723604606808
1897,267.163971714875,8,14,14,14,28,"TM & SOL | TMd21 & IC","TM & SOL | TMd21 & IC",51.5822548303552
544,267.174756359227,8,14,28,14,14,"TM & SOL | TMd21 & IC","TM & TMd21 | SOL & IC",51.5930394747072
348,267.204577738767,8,28,14,14,14,"TM & IC | TMd21 & SOL","TM & TMd21 & IC | SOL",51.6228608542474
2300,267.23124455054,9,14,28,14,28,"TM & TMd21 | SOL & IC","TM & TMd21 | SOL | IC",51.6495276660208
2329,267.32161617029,8,14,28,14,28,"TM & SOL & IC | TMd21","TM & TMd21 | SOL & IC",51.7398992857705
234,267.340459563796,7,28,14,14,14,"TM & TMd21 & SOL & IC","TM & IC | TMd21 & SOL",51.7587426792768
609,267.350608516521,9,14,28,14,14,"TM | TMd21 & SOL | IC","TM & IC | TMd21 & SOL",51.7688916320021
2010,267.358370572008,11,14,14,14,28,"TM | TMd21 | SOL & IC","TM | TMd21 | SOL | IC",51.7766536874889
581,267.362344979684,9,14,28,14,14,"TM & IC | TMd21 & SOL","TM | TMd21 & SOL | IC",51.7806280951649
2339,267.403046388255,9,14,28,14,28,"TM & SOL & IC | TMd21","TM | TMd21 | SOL & IC",51.8213295037359
2416,267.432652101936,8,14,28,14,28,"TM & IC | TMd21 | SOL","TM & TMd21 & SOL & IC",51.8509352174163
2706,267.442515091001,7,14,14,28,28,"TM & TMd21 & SOL & IC","TM & SOL & IC | TMd21",51.8607982064815
391,267.461847745753,8,28,14,14,14,"TM & IC | TMd21 | SOL","TM & TMd21 & SOL & IC",51.8801308612332
1059,267.463962914439,9,14,14,28,14,"TM | TMd21 & SOL | IC","TM & IC | TMd21 & SOL",51.8822460299193
1031,267.475693812616,9,14,14,28,14,"TM & IC | TMd21 & SOL","TM | TMd21 & SOL | IC",51.8939769280962
2006,267.478791023929,10,14,14,14,28,"TM | TMd21 | SOL & IC","TM | TMd21 & SOL | IC",51.8970741394093
351,267.511079473458,8,28,14,14,14,"TM & IC | TMd21 & SOL","TM & SOL & IC | TMd21",51.9293625889382
2026,267.524007662337,6,28,14,14,28,"TM & TMd21 & SOL & IC","TM & TMd21 & SOL & IC",51.9422907778177
232,267.525072520412,7,28,14,14,14,"TM & TMd21 & SOL & IC","TM & SOL | TMd21 & IC",51.9433556358926
2262,267.547697655327,8,14,28,14,28,"TM & TMd21 & SOL & IC","TM & IC | TMd21 | SOL",51.9659807708074
271,267.556476149171,7,28,14,14,14,"TM & TMd21 | SOL & IC","TM & TMd21 & SOL & IC",51.9747592646518
493,267.594868713282,9,14,28,14,14,"TM & TMd21 & IC | SOL","TM | TMd21 & IC | SOL",52.0131518287622
1950,267.652781164413,10,14,14,14,28,"TM | TMd21 & SOL & IC","TM | TMd21 | SOL | IC",52.0710642798935
2298,267.708430695851,8,14,28,14,28,"TM & TMd21 | SOL & IC","TM & TMd21 & IC | SOL",52.1267138113315
502,267.712345484503,8,14,28,14,14,"TM & TMd21 | SOL & IC","TM & SOL | TMd21 & IC",52.1306285999833
1991,267.738877063099,10,14,14,14,28,"TM | TMd21 & IC | SOL","TM | TMd21 & SOL | IC",52.1571601785801
515,267.783481134938,10,14,28,14,14,"TM & TMd21 | SOL | IC","TM & TMd21 | SOL | IC",52.201764250419
396,267.801100240295,9,28,14,14,14,"TM & IC | TMd21 | SOL","TM & SOL & IC | TMd21",52.2193833557753
1399,267.809942508612,8,14,28,28,14,"TM & TMd21 | SOL & IC","TM & TMd21 | SOL & IC",52.2282256240927
338,267.868819452434,10,28,14,14,14,"TM & SOL | TMd21 | IC","TM & SOL | TMd21 | IC",52.2871025679149
225,267.886882814046,12,14,14,14,14,"TM | TMd21 | SOL | IC","TM | TMd21 | SOL | IC",52.3051659295266
317,267.898355870711,8,28,14,14,14,"TM & SOL | TMd21 & IC","TM & TMd21 & SOL | IC",52.3166389861919
1853,267.898802801817,9,14,14,14,28,"TM & TMd21 | SOL & IC","TM & SOL | TMd21 | IC",52.3170859172981
2270,267.903594000155,9,14,28,14,28,"TM & TMd21 & SOL | IC","TM & TMd21 | SOL | IC",52.3218771156353
1444,267.916406551979,8,14,28,28,14,"TM & SOL | TMd21 & IC","TM & TMd21 | SOL & IC",52.3346896674597
504,267.942522110524,8,14,28,14,14,"TM & TMd21 | SOL & IC","TM & IC | TMd21 & SOL",52.3608052260051
574,267.959444865555,8,14,28,14,14,"TM & IC | TMd21 & SOL","TM & TMd21 | SOL & IC",52.3777279810357
1856,267.966900532282,9,14,14,14,28,"TM & TMd21 | SOL & IC","TM | TMd21 & SOL | IC",52.3851836477623
1997,267.970754065374,9,14,14,14,28,"TM | TMd21 | SOL & IC","TM & TMd21 & SOL | IC",52.389037180855
332,267.973166355821,9,28,14,14,14,"TM & SOL | TMd21 | IC","TM & TMd21 & SOL | IC",52.3914494713018
1109,267.978965303368,10,14,14,28,14,"TM | TMd21 | SOL & IC","TM | TMd21 | SOL & IC",52.3972484188485
1895,267.980279179566,9,14,14,14,28,"TM & SOL | TMd21 & IC","TM & TMd21 | SOL | IC",52.398562295047
1402,268.029507774223,8,14,28,28,14,"TM & TMd21 | SOL & IC","TM & SOL | TMd21 & IC",52.4477908897034
2281,268.032353343704,7,14,28,14,28,"TM & TMd21 & IC | SOL","TM & TMd21 & SOL & IC",52.4506364591846
2326,268.037123700067,7,14,28,14,28,"TM & SOL & IC | TMd21","TM & TMd21 & SOL & IC",52.4554068155473
331,268.071429521662,8,28,14,14,14,"TM & SOL | TMd21 | IC","TM & TMd21 & SOL & IC",52.4897126371426
321,268.157190109032,8,28,14,14,14,"TM & SOL | TMd21 & IC","TM & SOL & IC | TMd21",52.5754732245126
1943,268.164745538994,9,14,14,14,28,"TM | TMd21 & SOL & IC","TM & SOL | TMd21 | IC",52.5830286544743
1105,268.17141900869,9,14,14,28,14,"TM | TMd21 | SOL & IC","TM | TMd21 & SOL & IC",52.589702124171
1447,268.192413977129,8,14,28,28,14,"TM & SOL | TMd21 & IC","TM & SOL | TMd21 & IC",52.6106970926101
1925,268.203194782907,9,14,14,14,28,"TM & IC | TMd21 & SOL","TM & TMd21 | SOL | IC",52.621477898388
261,268.215556252935,8,28,14,14,14,"TM & TMd21 & IC | SOL","TM & SOL & IC | TMd21",52.633839368416
1886,268.243462995001,9,14,14,14,28,"TM & SOL & IC | TMd21","TM | TMd21 & SOL | IC",52.6617461104817
1940,268.300322180603,9,14,14,14,28,"TM | TMd21 & SOL & IC","TM & TMd21 | SOL | IC",52.7186052960836
1982,268.31027383309,9,14,14,14,28,"TM | TMd21 & IC | SOL","TM & TMd21 & SOL | IC",52.7285569485705
2003,268.310635023321,10,14,14,14,28,"TM | TMd21 | SOL & IC","TM & SOL | TMd21 | IC",52.728918138802
336,268.371600754458,9,28,14,14,14,"TM & SOL | TMd21 | IC","TM & SOL & IC | TMd21",52.7898838699386
541,268.385635319264,7,14,28,14,14,"TM & SOL | TMd21 & IC","TM & TMd21 & SOL & IC",52.8039184347448
1880,268.388752154706,9,14,14,14,28,"TM & SOL & IC | TMd21","TM & TMd21 | SOL | IC",52.8070352701864
2331,268.393815613582,8,14,28,14,28,"TM & SOL & IC | TMd21","TM & SOL & IC | TMd21",52.8120987290627
1815,268.394327979588,9,14,14,14,28,"TM & TMd21 & SOL & IC","TM | TMd21 | SOL | IC",52.8126110950686
1901,268.408728497844,9,14,14,14,28,"TM & SOL | TMd21 & IC","TM | TMd21 & SOL | IC",52.8270116133244
2421,268.424036293238,9,14,28,14,28,"TM & IC | TMd21 | SOL","TM & SOL & IC | TMd21",52.842319408719
2328,268.441764231129,8,14,28,14,28,"TM & SOL & IC | TMd21","TM & TMd21 & IC | SOL",52.8600473466096
1967,268.466292948984,9,14,14,14,28,"TM & IC | TMd21 | SOL","TM & TMd21 & SOL | IC",52.8845760644649
1841,268.481600934836,9,14,14,14,28,"TM & TMd21 & IC | SOL","TM | TMd21 & SOL | IC",52.899884050317
483,268.484993358706,8,14,28,14,14,"TM & TMd21 & IC | SOL","TM & TMd21 & IC | SOL",52.9032764741866
1928,268.516029767848,9,14,14,14,28,"TM & IC | TMd21 & SOL","TM & SOL | TMd21 | IC",52.9343128833288
1838,268.537888993732,9,14,14,14,28,"TM & TMd21 & IC | SOL","TM & SOL | TMd21 | IC",52.9561721092122
303,268.543047514218,8,28,14,14,14,"TM & SOL & IC | TMd21","TM & TMd21 & IC | SOL",52.9613306296986
1890,268.564119198187,10,14,14,14,28,"TM & SOL & IC | TMd21","TM | TMd21 | SOL | IC",52.9824023136674
904,268.592943085693,7,14,14,28,14,"TM & TMd21 & SOL & IC","TM & TMd21 | SOL & IC",53.0112262011734
951,268.679726340213,8,14,14,28,14,"TM & TMd21 | SOL & IC","TM & SOL & IC | TMd21",53.0980094556932
306,268.709659527513,8,28,14,14,14,"TM & SOL & IC | TMd21","TM & SOL & IC | TMd21",53.127942642994
1973,268.711017562042,10,14,14,14,28,"TM & IC | TMd21 | SOL","TM & SOL | TMd21 | IC",53.1293006775224
248,268.7134188643,9,28,14,14,14,"TM & TMd21 & SOL | IC","TM & SOL | TMd21 | IC",53.1317019797803
302,268.715423846234,8,28,14,14,14,"TM & SOL & IC | TMd21","TM & TMd21 & SOL | IC",53.1337069617146
955,268.749498428641,8,14,14,28,14,"TM & TMd21 | SOL & IC","TM | TMd21 & SOL & IC",53.167781544122
1096,268.754552071679,8,14,14,28,14,"TM | TMd21 | SOL & IC","TM & TMd21 & SOL & IC",53.1728351871593
246,268.802629213944,8,28,14,14,14,"TM & TMd21 & SOL | IC","TM & SOL & IC | TMd21",53.2209123294245
301,268.806237740136,7,28,14,14,14,"TM & SOL & IC | TMd21","TM & TMd21 & SOL & IC",53.224520855617
312,268.850683913285,9,28,14,14,14,"TM & SOL & IC | TMd21","TM & IC | TMd21 | SOL",53.2689670287659
226,268.929568536852,6,28,14,14,14,"TM & TMd21 & SOL & IC","TM & TMd21 & SOL & IC",53.3478516523331
308,269.007942588634,9,28,14,14,14,"TM & SOL & IC | TMd21","TM & SOL | TMd21 | IC",53.4262257041151
1101,269.011863172677,9,14,14,28,14,"TM | TMd21 | SOL & IC","TM & SOL & IC | TMd21",53.4301462881579
1929,269.014064079624,8,14,14,14,28,"TM & IC | TMd21 & SOL","TM & IC | TMd21 & SOL",53.4323471951045
229,269.016614394729,7,28,14,14,14,"TM & TMd21 & SOL & IC","TM & TMd21 | SOL & IC",53.43489751021
1049,269.025023217228,9,14,14,28,14,"TM | TMd21 & SOL & IC","TM | TMd21 | SOL & IC",53.4433063327089
1903,269.037943364315,9,14,14,14,28,"TM & SOL | TMd21 & IC","TM | TMd21 & IC | SOL",53.4562264797952
998,269.045489663144,9,14,14,28,14,"TM & SOL | TMd21 & IC","TM & SOL | TMd21 | IC",53.4637727786243
1012,269.051076901823,9,14,14,28,14,"TM & SOL | TMd21 | IC","TM & SOL | TMd21 & IC",53.469360017304
571,269.05939329625,7,14,28,14,14,"TM & IC | TMd21 & SOL","TM & TMd21 & SOL & IC",53.477676411731
1987,269.070054900701,9,14,14,14,28,"TM | TMd21 & IC | SOL","TM & SOL | TMd21 & IC",53.4883380161816
309,269.072302949486,8,28,14,14,14,"TM & SOL & IC | TMd21","TM & IC | TMd21 & SOL",53.4905860649665
513,269.072467413495,9,14,28,14,14,"TM & TMd21 | SOL | IC","TM & TMd21 & IC | SOL",53.4907505289758
2334,269.129577191943,8,14,28,14,28,"TM & SOL & IC | TMd21","TM & IC | TMd21 & SOL",53.5478603074241
1021,269.193734520894,7,14,14,28,14,"TM & IC | TMd21 & SOL","TM & TMd21 & SOL & IC",53.6120176363743
307,269.223299921673,8,28,14,14,14,"TM & SOL & IC | TMd21","TM & SOL | TMd21 & IC",53.6415830371538
237,269.252589027795,8,28,14,14,14,"TM & TMd21 & SOL & IC","TM & IC | TMd21 | SOL",53.6708721432761
2071,269.296866637067,7,28,14,14,28,"TM & TMd21 | SOL & IC","TM & TMd21 & SOL & IC",53.7151497525475
231,269.318334181549,7,28,14,14,14,"TM & TMd21 & SOL & IC","TM & SOL & IC | TMd21",53.7366172970299
264,269.335339239321,8,28,14,14,14,"TM & TMd21 & IC | SOL","TM & IC | TMd21 & SOL",53.7536223548016
611,269.337173916694,10,14,28,14,14,"TM | TMd21 & SOL | IC","TM | TMd21 & SOL | IC",53.7554570321743
287,269.347119134631,9,28,14,14,14,"TM & TMd21 | SOL | IC","TM & TMd21 & SOL | IC",53.7654022501118
2337,269.348732497205,9,14,28,14,28,"TM & SOL & IC | TMd21","TM & IC | TMd21 | SOL",53.767015612686
2253,269.360097046429,7,14,28,14,28,"TM & TMd21 & SOL & IC","TM & TMd21 & IC | SOL",53.7783801619096
2029,269.370711307012,7,28,14,14,28,"TM & TMd21 & SOL & IC","TM & TMd21 | SOL & IC",53.7889944224926
233,269.417556995876,8,28,14,14,14,"TM & TMd21 & SOL & IC","TM & SOL | TMd21 | IC",53.8358401113566
242,269.449262701189,8,28,14,14,14,"TM & TMd21 & SOL | IC","TM & TMd21 & SOL | IC",53.86754581667
1061,269.450534685124,10,14,14,28,14,"TM | TMd21 & SOL | IC","TM | TMd21 & SOL | IC",53.8688178006046
272,269.462069892437,8,28,14,14,14,"TM & TMd21 | SOL & IC","TM & TMd21 & SOL | IC",53.8803530079172
273,269.496744307571,8,28,14,14,14,"TM & TMd21 | SOL & IC","TM & TMd21 & IC | SOL",53.9150274230512
2116,269.498217383357,7,28,14,14,28,"TM & SOL | TMd21 & IC","TM & TMd21 & SOL & IC",53.9165004988379
2032,269.51688420541,7,28,14,14,28,"TM & TMd21 & SOL & IC","TM & SOL | TMd21 & IC",53.9351673208902
247,269.517618692164,8,28,14,14,14,"TM & TMd21 & SOL | IC","TM & SOL | TMd21 & IC",53.9359018076447
286,269.547407633625,8,28,14,14,14,"TM & TMd21 | SOL | IC","TM & TMd21 & SOL & IC",53.9656907491057
2373,269.586936116908,8,14,28,14,28,"TM & IC | TMd21 & SOL","TM & TMd21 & IC | SOL",54.0052192323889
1041,269.590090069706,8,14,14,28,14,"TM | TMd21 & SOL & IC","TM & SOL & IC | TMd21",54.0083731851871
640,269.597646118442,9,14,28,14,14,"TM | TMd21 & IC | SOL","TM | TMd21 & SOL & IC",54.0159292339227
485,269.608759343607,9,14,28,14,14,"TM & TMd21 & IC | SOL","TM & TMd21 | SOL | IC",54.0270424590879
256,269.75670478757,7,28,14,14,14,"TM & TMd21 & IC | SOL","TM & TMd21 & SOL & IC",54.174987903051
985,269.785202077963,8,14,14,28,14,"TM & SOL & IC | TMd21","TM | TMd21 & SOL & IC",54.2034851934437
991,269.825775130127,7,14,14,28,14,"TM & SOL | TMd21 & IC","TM & TMd21 & SOL & IC",54.2440582456074
543,269.944032471967,8,14,28,14,14,"TM & SOL | TMd21 & IC","TM & TMd21 & IC | SOL",54.3623155874476
989,270.050533368561,9,14,14,28,14,"TM & SOL & IC | TMd21","TM | TMd21 | SOL & IC",54.4688164840417
241,270.075293454276,7,28,14,14,14,"TM & TMd21 & SOL | IC","TM & TMd21 & SOL & IC",54.4935765697568
257,270.129554749717,8,28,14,14,14,"TM & TMd21 & IC | SOL","TM & TMd21 & SOL | IC",54.5478378651976
2251,270.149289268814,6,14,28,14,28,"TM & TMd21 & SOL & IC","TM & TMd21 & SOL & IC",54.5675723842949
610,270.153386580811,9,14,28,14,14,"TM | TMd21 & SOL | IC","TM | TMd21 & SOL & IC",54.571669696292
245,270.236039490709,9,28,14,14,14,"TM & TMd21 & SOL | IC","TM & TMd21 | SOL | IC",54.6543226061898
2701,270.247653272324,6,14,14,28,28,"TM & TMd21 & SOL & IC","TM & TMd21 & SOL & IC",54.6659363878047
1849,270.26538080247,8,14,14,14,28,"TM & TMd21 | SOL & IC","TM & TMd21 | SOL & IC",54.6836639179502
1060,270.278085705364,9,14,14,28,14,"TM | TMd21 & SOL | IC","TM | TMd21 & SOL & IC",54.696368820845
631,270.278834741361,8,14,28,14,14,"TM | TMd21 & IC | SOL","TM & TMd21 & SOL & IC",54.6971178568418
228,270.332705795487,7,28,14,14,14,"TM & TMd21 & SOL & IC","TM & TMd21 & IC | SOL",54.7509889109672
550,270.377312012064,8,14,28,14,14,"TM & SOL | TMd21 & IC","TM | TMd21 & SOL & IC",54.7955951275442
595,270.385689321103,8,14,28,14,14,"TM | TMd21 & SOL & IC","TM | TMd21 & SOL & IC",54.8039724365836
227,270.411572623269,7,28,14,14,14,"TM & TMd21 & SOL & IC","TM & TMd21 & SOL | IC",54.8298557387497
457,270.428644008272,7,14,28,14,14,"TM & TMd21 & SOL & IC","TM & SOL | TMd21 & IC",54.8469271237522
1039,270.466907876124,8,14,14,28,14,"TM | TMd21 & SOL & IC","TM & TMd21 | SOL & IC",54.8851909916041
243,270.483069415375,8,28,14,14,14,"TM & TMd21 & SOL | IC","TM & TMd21 & IC | SOL",54.9013525308551
1045,270.497710470713,8,14,14,28,14,"TM | TMd21 & SOL & IC","TM | TMd21 & SOL & IC",54.9159935861932
979,270.571687936611,8,14,14,28,14,"TM & SOL & IC | TMd21","TM & TMd21 | SOL & IC",54.9899710520913
914,270.585487388079,8,14,14,28,14,"TM & TMd21 & SOL & IC","TM | TMd21 | SOL & IC",55.00377050356
602,270.599236691873,9,14,28,14,14,"TM | TMd21 & SOL | IC","TM & TMd21 & SOL | IC",55.0175198073535
459,270.613305510907,7,14,28,14,14,"TM & TMd21 & SOL & IC","TM & IC | TMd21 & SOL",55.0315886263876
598,270.654190587504,9,14,28,14,14,"TM | TMd21 & SOL & IC","TM | TMd21 & IC | SOL",55.0724737029846
572,270.656954973765,8,14,28,14,14,"TM & IC | TMd21 & SOL","TM & TMd21 & SOL | IC",55.0752380892453
2122,270.71472107773,8,28,14,14,28,"TM & SOL | TMd21 & IC","TM & SOL | TMd21 & IC",55.1330041932104
1052,270.724462889875,9,14,14,28,14,"TM | TMd21 & SOL | IC","TM & TMd21 & SOL | IC",55.1427460053553
909,270.746233456695,7,14,14,28,14,"TM & TMd21 & SOL & IC","TM & IC | TMd21 & SOL",55.1645165721756
1022,270.790844929887,8,14,14,28,14,"TM & IC | TMd21 & SOL","TM & TMd21 & SOL | IC",55.2091280453678
596,270.805232077144,9,14,28,14,14,"TM | TMd21 & SOL & IC","TM | TMd21 & SOL | IC",55.2235151926248
1993,270.846139750275,10,14,14,14,28,"TM | TMd21 & IC | SOL","TM | TMd21 & IC | SOL",55.2644228657559
259,270.857210573851,8,28,14,14,14,"TM & TMd21 & IC | SOL","TM & TMd21 | SOL & IC",55.2754936893318
601,270.881893228074,8,14,28,14,14,"TM | TMd21 & SOL | IC","TM & TMd21 & SOL & IC",55.3001763435543
1932,270.926073437251,9,14,14,14,28,"TM & IC | TMd21 & SOL","TM & IC | TMd21 | SOL",55.3443565527315
1046,270.928934501001,9,14,14,28,14,"TM | TMd21 & SOL & IC","TM | TMd21 & SOL | IC",55.3472176164821
1974,270.963739314514,9,14,14,14,28,"TM & IC | TMd21 | SOL","TM & IC | TMd21 & SOL",55.3820224299948
244,270.972408179396,8,28,14,14,14,"TM & TMd21 & SOL | IC","TM & TMd21 | SOL & IC",55.3906912948771
496,271.006616616421,7,14,28,14,14,"TM & TMd21 | SOL & IC","TM & TMd21 & SOL & IC",55.4248997319016
230,271.015623879543,8,28,14,14,14,"TM & TMd21 & SOL & IC","TM & TMd21 | SOL | IC",55.4339069950232
1051,271.016302119103,8,14,14,28,14,"TM | TMd21 & SOL | IC","TM & TMd21 & SOL & IC",55.4345852345837
580,271.025997338572,8,14,28,14,14,"TM & IC | TMd21 & SOL","TM | TMd21 & SOL & IC",55.4442804540523
1013,271.041557312391,10,14,14,28,14,"TM & SOL | TMd21 | IC","TM & SOL | TMd21 | IC",55.4598404278721
1030,271.160518695744,8,14,14,28,14,"TM & IC | TMd21 & SOL","TM | TMd21 & SOL & IC",55.5788018112244
907,271.171026321355,7,14,14,28,14,"TM & TMd21 & SOL & IC","TM & SOL | TMd21 & IC",55.5893094368353
2074,271.234824613561,8,28,14,14,28,"TM & TMd21 | SOL & IC","TM & TMd21 | SOL & IC",55.6531077290413
490,271.242508728131,8,14,28,14,14,"TM & TMd21 & IC | SOL","TM | TMd21 & SOL & IC",55.6607918436118
1894,271.260081018218,8,14,14,14,28,"TM & SOL | TMd21 & IC","TM & TMd21 | SOL & IC",55.6783641336987
2077,271.296861076553,8,28,14,14,28,"TM & TMd21 | SOL & IC","TM & SOL | TMd21 & IC",55.7151441920335
2119,271.31708625027,8,28,14,14,28,"TM & SOL | TMd21 & IC","TM & TMd21 | SOL & IC",55.7353693657506
588,271.376595460836,8,14,28,14,14,"TM | TMd21 & SOL & IC","TM & TMd21 & IC | SOL",55.7948785763171
1007,271.402647710894,9,14,14,28,14,"TM & SOL | TMd21 | IC","TM & TMd21 & SOL | IC",55.8209308263744
476,271.533818402393,9,14,28,14,14,"TM & TMd21 & SOL | IC","TM | TMd21 & SOL | IC",55.9521015178731
992,271.54136369317,8,14,14,28,14,"TM & SOL | TMd21 & IC","TM & TMd21 & SOL | IC",55.9596468086511
587,271.546079471128,8,14,28,14,14,"TM | TMd21 & SOL & IC","TM & TMd21 & SOL | IC",55.9643625866083
1852,271.572179929281,8,14,14,14,28,"TM & TMd21 | SOL & IC","TM & SOL | TMd21 & IC",55.9904630447614
586,271.591483382787,7,14,28,14,14,"TM | TMd21 & SOL & IC","TM & TMd21 & SOL & IC",56.0097664982672
926,271.658163624504,9,14,14,28,14,"TM & TMd21 & SOL | IC","TM | TMd21 & SOL | IC",56.0764467399846
1037,271.679800044069,8,14,14,28,14,"TM | TMd21 & SOL & IC","TM & TMd21 & SOL | IC",56.0980831595493
1036,271.712755711303,7,14,14,28,14,"TM | TMd21 & SOL & IC","TM & TMd21 & SOL & IC",56.1310388267831
1006,271.724768893016,8,14,14,28,14,"TM & SOL | TMd21 | IC","TM & TMd21 & SOL & IC",56.1430520084962
996,271.812236244713,8,14,14,28,14,"TM & SOL | TMd21 & IC","TM & SOL & IC | TMd21",56.2305193601932
475,271.816849474842,8,14,28,14,14,"TM & TMd21 & SOL | IC","TM | TMd21 & SOL & IC",56.2351325903228
1011,271.82023823382,9,14,14,28,14,"TM & SOL | TMd21 | IC","TM & SOL & IC | TMd21",56.2385213493001
981,271.900575333134,8,14,14,28,14,"TM & SOL & IC | TMd21","TM & SOL & IC | TMd21",56.3188584486151
2296,271.947417354304,7,14,28,14,28,"TM & TMd21 | SOL & IC","TM & TMd21 & SOL & IC",56.3657004697843
925,271.950627858724,8,14,14,28,14,"TM & TMd21 & SOL | IC","TM | TMd21 & SOL & IC",56.3689109742045
2254,271.96919388656,7,14,28,14,28,"TM & TMd21 & SOL & IC","TM & TMd21 | SOL & IC",56.3874770020411
592,272.008277333762,8,14,28,14,14,"TM | TMd21 & SOL & IC","TM & SOL | TMd21 & IC",56.4265604492423
451,272.061673781089,6,14,28,14,14,"TM & TMd21 & SOL & IC","TM & TMd21 & SOL & IC",56.4799568965701
1924,272.072893710935,8,14,14,14,28,"TM & IC | TMd21 & SOL","TM & TMd21 | SOL & IC",56.4911768264152
2259,272.119612750877,7,14,28,14,28,"TM & TMd21 & SOL & IC","TM & IC | TMd21 & SOL",56.5378958663572
1854,272.124294455421,8,14,14,14,28,"TM & TMd21 | SOL & IC","TM & IC | TMd21 & SOL",56.542577570902
923,272.139269884935,9,14,14,28,14,"TM & TMd21 & SOL | IC","TM & SOL | TMd21 | IC",56.5575530004153
2371,272.1492869397,7,14,28,14,28,"TM & IC | TMd21 & SOL","TM & TMd21 & SOL & IC",56.5675700551805
594,272.151499648234,8,14,28,14,14,"TM | TMd21 & SOL & IC","TM & IC | TMd21 & SOL",56.5697827637147
901,272.174606759037,6,14,14,28,14,"TM & TMd21 & SOL & IC","TM & TMd21 & SOL & IC",56.5928898745178
976,272.209616343235,7,14,14,28,14,"TM & SOL & IC | TMd21","TM & TMd21 & SOL & IC",56.6278994587159
2709,272.218781580138,7,14,14,28,28,"TM & TMd21 & SOL & IC","TM & IC | TMd21 & SOL",56.6370646956188
2791,272.229415641693,7,14,14,28,28,"TM & SOL | TMd21 & IC","TM & TMd21 & SOL & IC",56.6476987571737
2707,272.245428228991,7,14,14,28,28,"TM & TMd21 & SOL & IC","TM & SOL | TMd21 & IC",56.6637113444714
2821,272.24765086073,7,14,14,28,28,"TM & IC | TMd21 & SOL","TM & TMd21 & SOL & IC",56.6659339762109
460,272.254526026526,7,14,28,14,14,"TM & TMd21 & SOL & IC","TM | TMd21 & SOL & IC",56.6728091420065
1999,272.257830651907,9,14,14,14,28,"TM | TMd21 | SOL & IC","TM & TMd21 | SOL & IC",56.6761137673878
1859,272.261285162278,9,14,14,14,28,"TM & TMd21 | SOL & IC","TM | TMd21 | SOL & IC",56.6795682777583
1044,272.284060800759,8,14,14,28,14,"TM | TMd21 & SOL & IC","TM & IC | TMd21 & SOL",56.7023439162392
463,272.284230517307,8,14,28,14,14,"TM & TMd21 & SOL & IC","TM | TMd21 & IC | SOL",56.7025136327879
977,272.362814958515,8,14,14,28,14,"TM & SOL & IC | TMd21","TM & TMd21 & SOL | IC",56.781098073996
910,272.375362602257,7,14,14,28,14,"TM & TMd21 & SOL & IC","TM | TMd21 & SOL & IC",56.7936457177373
454,272.426716592857,7,14,28,14,14,"TM & TMd21 & SOL & IC","TM & TMd21 | SOL & IC",56.8449997083376
487,272.428639824043,8,14,28,14,14,"TM & TMd21 & IC | SOL","TM & SOL | TMd21 & IC",56.8469229395234
467,272.443808177742,8,14,28,14,14,"TM & TMd21 & SOL | IC","TM & TMd21 & SOL | IC",56.8620912932225
983,272.443935076019,9,14,14,28,14,"TM & SOL & IC | TMd21","TM & SOL | TMd21 | IC",56.8622181914992
461,272.444220500926,8,14,28,14,14,"TM & TMd21 & SOL & IC","TM | TMd21 & SOL | IC",56.8625036164069
921,272.458577727279,8,14,14,28,14,"TM & TMd21 & SOL | IC","TM & SOL & IC | TMd21",56.8768608427596
1977,272.489244512207,10,14,14,14,28,"TM & IC | TMd21 | SOL","TM & IC | TMd21 | SOL",56.9075276276872
917,272.552154706963,8,14,14,28,14,"TM & TMd21 & SOL | IC","TM & TMd21 & SOL | IC",56.9704378224432
512,272.576046860202,9,14,28,14,14,"TM & TMd21 | SOL | IC","TM & TMd21 & SOL | IC",56.9943299756827
911,272.577211064454,8,14,14,28,14,"TM & TMd21 & SOL & IC","TM | TMd21 & SOL | IC",56.9954941799348
474,272.587965615632,8,14,28,14,14,"TM & TMd21 & SOL | IC","TM & IC | TMd21 & SOL",57.0062487311126
924,272.721033624543,8,14,14,28,14,"TM & TMd21 & SOL | IC","TM & IC | TMd21 & SOL",57.1393167400236
906,272.721230157849,7,14,14,28,14,"TM & TMd21 & SOL & IC","TM & SOL & IC | TMd21",57.1395132733296
982,272.86136871498,8,14,14,28,14,"TM & SOL & IC | TMd21","TM & SOL | TMd21 & IC",57.2796518304608
497,272.906179936851,8,14,28,14,14,"TM & TMd21 | SOL & IC","TM & TMd21 & SOL | IC",57.3244630523321
498,272.941839754654,8,14,28,14,14,"TM & TMd21 | SOL & IC","TM & TMd21 & IC | SOL",57.3601228701343
481,272.995394166194,7,14,28,14,14,"TM & TMd21 & IC | SOL","TM & TMd21 & SOL & IC",57.4136772816744
511,272.99767807362,8,14,28,14,14,"TM & TMd21 | SOL | IC","TM & TMd21 & SOL & IC",57.4159611891002
908,273.065138863805,8,14,14,28,14,"TM & TMd21 & SOL & IC","TM & SOL | TMd21 | IC",57.4834219792852
1983,273.152554682842,9,14,14,14,28,"TM | TMd21 & IC | SOL","TM & TMd21 & IC | SOL",57.5708377983222
922,273.165493332007,8,14,14,28,14,"TM & TMd21 & SOL | IC","TM & SOL | TMd21 & IC",57.5837764474879
466,273.296294346309,7,14,28,14,14,"TM & TMd21 & SOL | IC","TM & TMd21 & SOL & IC",57.7145774617892
916,273.413676950043,7,14,14,28,14,"TM & TMd21 & SOL | IC","TM & TMd21 & SOL & IC",57.8319600655241
470,273.427235816846,9,14,28,14,14,"TM & TMd21 & SOL | IC","TM & TMd21 | SOL | IC",57.8455189323267
453,273.550760766104,7,14,28,14,14,"TM & TMd21 & SOL & IC","TM & TMd21 & IC | SOL",57.9690438815847
482,273.571404547951,8,14,28,14,14,"TM & TMd21 & IC | SOL","TM & TMd21 & SOL | IC",57.9896876634318
452,273.623103619955,7,14,28,14,14,"TM & TMd21 & SOL & IC","TM & TMd21 & SOL | IC",58.0413867354361
902,273.739804517221,7,14,14,28,14,"TM & TMd21 & SOL & IC","TM & TMd21 & SOL | IC",58.1580876327012
2379,273.74895543488,8,14,28,14,28,"TM & IC | TMd21 & SOL","TM & IC | TMd21 & SOL",58.1672385503605
1968,273.763509407392,9,14,14,14,28,"TM & IC | TMd21 | SOL","TM & TMd21 & IC | SOL",58.1817925228725
2797,273.798443924675,8,14,14,28,28,"TM & SOL | TMd21 & IC","TM & SOL | TMd21 & IC",58.2167270401556
2829,273.85839668054,8,14,14,28,28,"TM & IC | TMd21 & SOL","TM & IC | TMd21 & SOL",58.2766797960206
468,273.905456257058,8,14,28,14,14,"TM & TMd21 & SOL | IC","TM & TMd21 & IC | SOL",58.3237393725385
2304,273.937775756467,8,14,28,14,28,"TM & TMd21 | SOL & IC","TM & IC | TMd21 & SOL",58.3560588719474
2299,273.946489940292,8,14,28,14,28,"TM & TMd21 | SOL & IC","TM & TMd21 | SOL & IC",58.3647730557724
1899,273.956971356625,8,14,14,14,28,"TM & SOL | TMd21 & IC","TM & IC | TMd21 & SOL",58.3752544721058
2374,273.964176724818,8,14,28,14,28,"TM & IC | TMd21 & SOL","TM & TMd21 | SOL & IC",58.382459840299
1843,274.059084394492,9,14,14,14,28,"TM & TMd21 & IC | SOL","TM | TMd21 & IC | SOL",58.4773675099727
1833,274.110064592445,8,14,14,14,28,"TM & TMd21 & IC | SOL","TM & TMd21 & IC | SOL",58.5283477079257
1846,274.172831515514,7,14,14,14,28,"TM & TMd21 | SOL & IC","TM & TMd21 & SOL & IC",58.5911146309944
1927,274.198718500358,8,14,14,14,28,"TM & IC | TMd21 & SOL","TM & SOL | TMd21 & IC",58.617001615839
2799,274.207111683275,8,14,14,28,28,"TM & SOL | TMd21 & IC","TM & IC | TMd21 & SOL",58.6253947987556
2009,274.213387030895,10,14,14,14,28,"TM | TMd21 | SOL & IC","TM | TMd21 | SOL & IC",58.6316701463753
2827,274.245335702145,8,14,14,28,28,"TM & IC | TMd21 & SOL","TM & SOL | TMd21 & IC",58.6636188176258
484,274.260757459852,8,14,28,14,14,"TM & TMd21 & IC | SOL","TM & TMd21 | SOL & IC",58.6790405753328
469,274.378439946741,8,14,28,14,14,"TM & TMd21 & SOL | IC","TM & TMd21 | SOL & IC",58.7967230622215
455,274.42574011023,8,14,28,14,14,"TM & TMd21 & SOL & IC","TM & TMd21 | SOL | IC",58.8440232257107
1842,274.480145243243,9,14,14,14,28,"TM & TMd21 & IC | SOL","TM & IC | TMd21 | SOL",58.8984283587237
2005,275.015668617233,9,14,14,14,28,"TM | TMd21 | SOL & IC","TM | TMd21 & SOL & IC",59.4339517327132
1891,275.716081880552,7,14,14,14,28,"TM & SOL | TMd21 & IC","TM & TMd21 & SOL & IC",60.1343649960326
1949,275.837553004042,9,14,14,14,28,"TM | TMd21 & SOL & IC","TM | TMd21 | SOL & IC",60.2558361195231
2001,275.929280760299,9,14,14,14,28,"TM | TMd21 | SOL & IC","TM & SOL & IC | TMd21",60.3475638757798
1804,275.944825763849,7,14,14,14,28,"TM & TMd21 & SOL & IC","TM & TMd21 | SOL & IC",60.3631088793292
1851,276.071723661629,8,14,14,14,28,"TM & TMd21 | SOL & IC","TM & SOL & IC | TMd21",60.4900067771092
1855,276.150780555744,8,14,14,14,28,"TM & TMd21 | SOL & IC","TM | TMd21 & SOL & IC",60.5690636712246
1996,276.16200595693,8,14,14,14,28,"TM | TMd21 | SOL & IC","TM & TMd21 & SOL & IC",60.5802890724102
1921,276.319782765767,7,14,14,14,28,"TM & IC | TMd21 & SOL","TM & TMd21 & SOL & IC",60.738065881248
1990,276.347160528505,9,14,14,14,28,"TM | TMd21 & IC | SOL","TM | TMd21 & SOL & IC",60.7654436439853
1945,276.380877031921,8,14,14,14,28,"TM | TMd21 & SOL & IC","TM | TMd21 & SOL & IC",60.7991601474014
1889,276.92087145701,9,14,14,14,28,"TM & SOL & IC | TMd21","TM | TMd21 | SOL & IC",61.3391545724904
1941,276.981112114915,8,14,14,14,28,"TM | TMd21 & SOL & IC","TM & SOL & IC | TMd21",61.3993952303954
1885,277.158362160561,8,14,14,14,28,"TM & SOL & IC | TMd21","TM | TMd21 & SOL & IC",61.5766452760412
1893,277.247022252258,8,14,14,14,28,"TM & SOL | TMd21 & IC","TM & TMd21 & IC | SOL",61.6653053677388
1948,277.277254604292,9,14,14,14,28,"TM | TMd21 & SOL & IC","TM | TMd21 & IC | SOL",61.6955377197727
1807,277.604923556754,7,14,14,14,28,"TM & TMd21 & SOL & IC","TM & SOL | TMd21 & IC",62.0232066722348
1981,277.611103663243,8,14,14,14,28,"TM | TMd21 & IC | SOL","TM & TMd21 & SOL & IC",62.0293867787233
1900,277.711906153421,8,14,14,14,28,"TM & SOL | TMd21 & IC","TM | TMd21 & SOL & IC",62.1301892689019
1881,277.795577408384,8,14,14,14,28,"TM & SOL & IC | TMd21","TM & SOL & IC | TMd21",62.2138605238647
1939,277.803922609368,8,14,14,14,28,"TM | TMd21 & SOL & IC","TM & TMd21 | SOL & IC",62.2222057248489
1971,277.902082603264,9,14,14,14,28,"TM & IC | TMd21 | SOL","TM & SOL & IC | TMd21",62.3203657187447
1879,277.917321058671,8,14,14,14,28,"TM & SOL & IC | TMd21","TM & TMd21 | SOL & IC",62.3356041741512
1814,277.937226002275,8,14,14,14,28,"TM & TMd21 & SOL & IC","TM | TMd21 | SOL & IC",62.3555091177558
1809,277.980064302531,7,14,14,14,28,"TM & TMd21 & SOL & IC","TM & IC | TMd21 & SOL",62.3983474180119
1923,277.980559845552,8,14,14,14,28,"TM & IC | TMd21 & SOL","TM & TMd21 & IC | SOL",62.3988429610329
1936,278.142417338471,7,14,14,14,28,"TM | TMd21 & SOL & IC","TM & TMd21 & SOL & IC",62.560700453952
1801,278.162834307313,6,14,14,14,28,"TM & TMd21 & SOL & IC","TM & TMd21 & SOL & IC",62.5811174227934
1966,278.271379987134,8,14,14,14,28,"TM & IC | TMd21 | SOL","TM & TMd21 & SOL & IC",62.689663102615
1926,278.319772614502,8,14,14,14,28,"TM & IC | TMd21 & SOL","TM & SOL & IC | TMd21",62.738055729983
1840,278.533830109314,8,14,14,14,28,"TM & TMd21 & IC | SOL","TM | TMd21 & SOL & IC",62.9521132247946
1876,278.594002591205,7,14,14,14,28,"TM & SOL & IC | TMd21","TM & TMd21 & SOL & IC",63.0122857066859
1938,278.604520898232,8,14,14,14,28,"TM | TMd21 & SOL & IC","TM & TMd21 & IC | SOL",63.0228040137123
1810,278.776514599432,7,14,14,14,28,"TM & TMd21 & SOL & IC","TM | TMd21 & SOL & IC",63.194797714913
1887,278.790892418485,9,14,14,14,28,"TM & SOL & IC | TMd21","TM & IC | TMd21 | SOL",63.2091755339655
1836,279.002260803766,8,14,14,14,28,"TM & TMd21 & IC | SOL","TM & SOL & IC | TMd21",63.4205439192467
1806,279.083531855114,7,14,14,14,28,"TM & TMd21 & SOL & IC","TM & SOL & IC | TMd21",63.501814970595
1942,279.162897608412,8,14,14,14,28,"TM | TMd21 & SOL & IC","TM & SOL | TMd21 & IC",63.5811807238925
1878,279.220728798351,8,14,14,14,28,"TM & SOL & IC | TMd21","TM & TMd21 & IC | SOL",63.6390119138313
1831,279.378218405548,7,14,14,14,28,"TM & TMd21 & IC | SOL","TM & TMd21 & SOL & IC",63.7965015210288
1813,279.46314668035,8,14,14,14,28,"TM & TMd21 & SOL & IC","TM | TMd21 & IC | SOL",63.8814297958307
1837,279.604500189061,8,14,14,14,28,"TM & TMd21 & IC | SOL","TM & SOL | TMd21 & IC",64.0227833045412
1884,279.686362102917,8,14,14,14,28,"TM & SOL & IC | TMd21","TM & IC | TMd21 & SOL",64.1046452183972
1803,279.858310677906,7,14,14,14,28,"TM & TMd21 & SOL & IC","TM & TMd21 & IC | SOL",64.2765937933869
1812,279.896020395103,8,14,14,14,28,"TM & TMd21 & SOL & IC","TM & IC | TMd21 | SOL",64.3143035105835
1839,279.968942405072,8,14,14,14,28,"TM & TMd21 & IC | SOL","TM & IC | TMd21 & SOL",64.3872255205526
